Unnamed: 0,Date,TENOR_DATE,CURVE_NAME,CURVE_TYPE,UOM,Value,DAYS_TO_EXPIRY,TENOR_YEAR,DAYS_TO_EXPIRY_MASK
10586,2018-01-02,2018-01-02,TC11,SPOT,LUMPSUM,312240.0,30,2018,0
10585,2018-01-03,2018-01-03,TC11,SPOT,LUMPSUM,308840.0,30,2018,0
10584,2018-01-04,2018-01-04,TC11,SPOT,LUMPSUM,307720.0,30,2018,0
10583,2018-01-05,2018-01-05,TC11,SPOT,LUMPSUM,303160.0,30,2018,0
10582,2018-01-08,2018-01-08,TC11,SPOT,LUMPSUM,302040.0,30,2018,0
10581,2018-01-09,2018-01-09,TC11,SPOT,LUMPSUM,301320.0,30,2018,0
10580,2018-01-10,2018-01-10,TC11,SPOT,LUMPSUM,305760.0,30,2018,0
10579,2018-01-11,2018-01-11,TC11,SPOT,LUMPSUM,312480.0,30,2018,0
10578,2018-01-12,2018-01-12,TC11,SPOT,LUMPSUM,324960.0,30,2018,0
10577,2018-01-15,2018-01-15,TC11,SPOT,LUMPSUM,336680.0,30,2018,0
10576,2018-01-16,2018-01-16,TC11,SPOT,LUMPSUM,345439.9999999999,30,2018,0
10575,2018-01-17,2018-01-17,TC11,SPOT,LUMPSUM,349840.0,30,2018,0
10574,2018-01-18,2018-01-18,TC11,SPOT,LUMPSUM,355000.0,30,2018,0
10573,2018-01-19,2018-01-19,TC11,SPOT,LUMPSUM,353040.0,30,2018,0
10572,2018-01-22,2018-01-22,TC11,SPOT,LUMPSUM,352120.0000000001,30,2018,0
10571,2018-01-23,2018-01-23,TC11,SPOT,LUMPSUM,351120.0,30,2018,0
10570,2018-01-24,2018-01-24,TC11,SPOT,LUMPSUM,345000.0,30,2018,0
10569,2018-01-25,2018-01-25,TC11,SPOT,LUMPSUM,340120.0,30,2018,0
10568,2018-01-26,2018-01-26,TC11,SPOT,LUMPSUM,336240.0,30,2018,0
10567,2018-01-29,2018-01-29,TC11,SPOT,LUMPSUM,333040.0,30,2018,0
10566,2018-01-30,2018-01-30,TC11,SPOT,LUMPSUM,337239.9999999999,30,2018,0
10565,2018-01-31,2018-01-31,TC11,SPOT,LUMPSUM,342120.0000000001,30,2018,0
10564,2018-02-01,2018-02-01,TC11,SPOT,LUMPSUM,343000.0,27,2018,0
10563,2018-02-02,2018-02-02,TC11,SPOT,LUMPSUM,341320.0,27,2018,0
10562,2018-02-05,2018-02-05,TC11,SPOT,LUMPSUM,340680.0,27,2018,0
10561,2018-02-06,2018-02-06,TC11,SPOT,LUMPSUM,339000.0,27,2018,0
10560,2018-02-07,2018-02-07,TC11,SPOT,LUMPSUM,334320.0,27,2018,0
10559,2018-02-08,2018-02-08,TC11,SPOT,LUMPSUM,333440.0,27,2018,0
10558,2018-02-09,2018-02-09,TC11,SPOT,LUMPSUM,331000.0,27,2018,0
10557,2018-02-12,2018-02-12,TC11,SPOT,LUMPSUM,332320.0,27,2018,0
10556,2018-02-13,2018-02-13,TC11,SPOT,LUMPSUM,333680.0,27,2018,0
10555,2018-02-14,2018-02-14,TC11,SPOT,LUMPSUM,336560.0,27,2018,0
10554,2018-02-15,2018-02-15,TC11,SPOT,LUMPSUM,336120.0,27,2018,0
10553,2018-02-19,2018-02-19,TC11,SPOT,LUMPSUM,333760.0,27,2018,0
10552,2018-02-20,2018-02-20,TC11,SPOT,LUMPSUM,333760.0,27,2018,0
10551,2018-02-21,2018-02-21,TC11,SPOT,LUMPSUM,342000.0,27,2018,0
10550,2018-02-22,2018-02-22,TC11,SPOT,LUMPSUM,356680.0,27,2018,0
10549,2018-02-23,2018-02-23,TC11,SPOT,LUMPSUM,360320.0,27,2018,0
10548,2018-02-26,2018-02-26,TC11,SPOT,LUMPSUM,363120.0,27,2018,0
10547,2018-02-27,2018-02-27,TC11,SPOT,LUMPSUM,366560.0,27,2018,0
10546,2018-02-28,2018-02-28,TC11,SPOT,LUMPSUM,368120.0,27,2018,0
10545,2018-03-01,2018-03-01,TC11,SPOT,LUMPSUM,382760.0000000001,30,2018,0
10544,2018-03-02,2018-03-02,TC11,SPOT,LUMPSUM,415880.0,30,2018,0
10543,2018-03-05,2018-03-05,TC11,SPOT,LUMPSUM,437240.0,30,2018,0
10542,2018-03-06,2018-03-06,TC11,SPOT,LUMPSUM,442320.0,30,2018,0
10541,2018-03-07,2018-03-07,TC11,SPOT,LUMPSUM,445240.0,30,2018,0
10540,2018-03-08,2018-03-08,TC11,SPOT,LUMPSUM,447120.0000000001,30,2018,0
10539,2018-03-09,2018-03-09,TC11,SPOT,LUMPSUM,447120.0000000001,30,2018,0
10538,2018-03-12,2018-03-12,TC11,SPOT,LUMPSUM,447320.0,30,2018,0
10537,2018-03-13,2018-03-13,TC11,SPOT,LUMPSUM,447560.0,30,2018,0
10536,2018-03-14,2018-03-14,TC11,SPOT,LUMPSUM,447000.0,30,2018,0
10535,2018-03-15,2018-03-15,TC11,SPOT,LUMPSUM,452000.0,30,2018,0
10534,2018-03-16,2018-03-16,TC11,SPOT,LUMPSUM,458760.0,30,2018,0
10533,2018-03-19,2018-03-19,TC11,SPOT,LUMPSUM,458880.0,30,2018,0
10532,2018-03-20,2018-03-20,TC11,SPOT,LUMPSUM,460000.0,30,2018,0
10531,2018-03-21,2018-03-21,TC11,SPOT,LUMPSUM,460000.0,30,2018,0
10530,2018-03-22,2018-03-22,TC11,SPOT,LUMPSUM,460560.0,30,2018,0
10529,2018-03-23,2018-03-23,TC11,SPOT,LUMPSUM,461120.0,30,2018,0
10528,2018-03-26,2018-03-26,TC11,SPOT,LUMPSUM,458880.0,30,2018,0
10527,2018-03-27,2018-03-27,TC11,SPOT,LUMPSUM,454000.0,30,2018,0
10526,2018-03-28,2018-03-28,TC11,SPOT,LUMPSUM,448320.0,30,2018,0
10525,2018-03-29,2018-03-29,TC11,SPOT,LUMPSUM,444320.0,30,2018,0
10524,2018-04-02,2018-04-02,TC11,SPOT,LUMPSUM,431120.0,29,2018,0
10523,2018-04-03,2018-04-03,TC11,SPOT,LUMPSUM,423320.0,29,2018,0
10522,2018-04-04,2018-04-04,TC11,SPOT,LUMPSUM,420160.0,29,2018,0
10521,2018-04-05,2018-04-05,TC11,SPOT,LUMPSUM,417240.0,29,2018,0
10520,2018-04-06,2018-04-06,TC11,SPOT,LUMPSUM,421000.0,29,2018,0
10519,2018-04-09,2018-04-09,TC11,SPOT,LUMPSUM,428120.0,29,2018,0
10518,2018-04-10,2018-04-10,TC11,SPOT,LUMPSUM,443880.0,29,2018,0
10517,2018-04-11,2018-04-11,TC11,SPOT,LUMPSUM,461000.0,29,2018,0
10516,2018-04-12,2018-04-12,TC11,SPOT,LUMPSUM,468880.0,29,2018,0
10515,2018-04-13,2018-04-13,TC11,SPOT,LUMPSUM,473120.0,29,2018,0
10514,2018-04-16,2018-04-16,TC11,SPOT,LUMPSUM,473440.0,29,2018,0
10513,2018-04-17,2018-04-17,TC11,SPOT,LUMPSUM,465560.0,29,2018,0
10512,2018-04-18,2018-04-18,TC11,SPOT,LUMPSUM,458680.0,29,2018,0
10511,2018-04-19,2018-04-19,TC11,SPOT,LUMPSUM,451680.0,29,2018,0
10510,2018-04-20,2018-04-20,TC11,SPOT,LUMPSUM,436120.0,29,2018,0
10509,2018-04-23,2018-04-23,TC11,SPOT,LUMPSUM,420720.0,29,2018,0
10508,2018-04-24,2018-04-24,TC11,SPOT,LUMPSUM,412240.0,29,2018,0
10507,2018-04-25,2018-04-25,TC11,SPOT,LUMPSUM,407000.0,29,2018,0
10506,2018-04-26,2018-04-26,TC11,SPOT,LUMPSUM,399560.0000000001,29,2018,0
10505,2018-04-27,2018-04-27,TC11,SPOT,LUMPSUM,389000.0,29,2018,0
10504,2018-04-30,2018-04-30,TC11,SPOT,LUMPSUM,383000.0,29,2018,0
10503,2018-05-02,2018-05-02,TC11,SPOT,LUMPSUM,378240.0,30,2018,0
10502,2018-05-03,2018-05-03,TC11,SPOT,LUMPSUM,375240.0,30,2018,0
10501,2018-05-04,2018-05-04,TC11,SPOT,LUMPSUM,373120.0,30,2018,0
10500,2018-05-07,2018-05-07,TC11,SPOT,LUMPSUM,370240.0,30,2018,0
10499,2018-05-08,2018-05-08,TC11,SPOT,LUMPSUM,368320.0,30,2018,0
10498,2018-05-09,2018-05-09,TC11,SPOT,LUMPSUM,363760.0,30,2018,0
10497,2018-05-10,2018-05-10,TC11,SPOT,LUMPSUM,363600.0,30,2018,0
10496,2018-05-11,2018-05-11,TC11,SPOT,LUMPSUM,363760.0,30,2018,0
10495,2018-05-14,2018-05-14,TC11,SPOT,LUMPSUM,368000.0,30,2018,0
10494,2018-05-15,2018-05-15,TC11,SPOT,LUMPSUM,370120.0,30,2018,0
10493,2018-05-16,2018-05-16,TC11,SPOT,LUMPSUM,368760.0,30,2018,0
10492,2018-05-17,2018-05-17,TC11,SPOT,LUMPSUM,368480.0,30,2018,0
10491,2018-05-18,2018-05-18,TC11,SPOT,LUMPSUM,367160.0,30,2018,0
10490,2018-05-21,2018-05-21,TC11,SPOT,LUMPSUM,366280.0,30,2018,0
10489,2018-05-22,2018-05-22,TC11,SPOT,LUMPSUM,364600.0,30,2018,0
10488,2018-05-23,2018-05-23,TC11,SPOT,LUMPSUM,364240.0,30,2018,0
10487,2018-05-24,2018-05-24,TC11,SPOT,LUMPSUM,364240.0,30,2018,0
10486,2018-05-25,2018-05-25,TC11,SPOT,LUMPSUM,362880.0,30,2018,0
10485,2018-05-28,2018-05-28,TC11,SPOT,LUMPSUM,358320.0,30,2018,0
10484,2018-05-30,2018-05-30,TC11,SPOT,LUMPSUM,356719.9999999999,30,2018,0
10483,2018-05-31,2018-05-31,TC11,SPOT,LUMPSUM,354480.0,30,2018,0
10482,2018-06-01,2018-06-01,TC11,SPOT,LUMPSUM,348440.0,29,2018,0
10481,2018-06-04,2018-06-04,TC11,SPOT,LUMPSUM,346440.0,29,2018,0
10480,2018-06-05,2018-06-05,TC11,SPOT,LUMPSUM,342239.9999999999,29,2018,0
10479,2018-06-06,2018-06-06,TC11,SPOT,LUMPSUM,339440.0,29,2018,0
10478,2018-06-07,2018-06-07,TC11,SPOT,LUMPSUM,335319.9999999999,29,2018,0
10477,2018-06-08,2018-06-08,TC11,SPOT,LUMPSUM,333480.0,29,2018,0
10476,2018-06-11,2018-06-11,TC11,SPOT,LUMPSUM,331240.0,29,2018,0
10475,2018-06-12,2018-06-12,TC11,SPOT,LUMPSUM,330680.0,29,2018,0
10474,2018-06-13,2018-06-13,TC11,SPOT,LUMPSUM,330680.0,29,2018,0
10473,2018-06-14,2018-06-14,TC11,SPOT,LUMPSUM,330120.0,29,2018,0
10472,2018-06-18,2018-06-18,TC11,SPOT,LUMPSUM,328320.0,29,2018,0
10471,2018-06-19,2018-06-19,TC11,SPOT,LUMPSUM,328040.0,29,2018,0
10470,2018-06-20,2018-06-20,TC11,SPOT,LUMPSUM,328120.0,29,2018,0
10469,2018-06-21,2018-06-21,TC11,SPOT,LUMPSUM,327000.0,29,2018,0
10468,2018-06-22,2018-06-22,TC11,SPOT,LUMPSUM,325760.0,29,2018,0
10467,2018-06-25,2018-06-25,TC11,SPOT,LUMPSUM,325400.0,29,2018,0
10466,2018-06-26,2018-06-26,TC11,SPOT,LUMPSUM,325959.9999999999,29,2018,0
10465,2018-06-27,2018-06-27,TC11,SPOT,LUMPSUM,323760.0,29,2018,0
10464,2018-06-28,2018-06-28,TC11,SPOT,LUMPSUM,318480.0,29,2018,0
10463,2018-06-29,2018-06-29,TC11,SPOT,LUMPSUM,315600.0,29,2018,0
10462,2018-07-02,2018-07-02,TC11,SPOT,LUMPSUM,316240.0,30,2018,0
10461,2018-07-03,2018-07-03,TC11,SPOT,LUMPSUM,320600.0,30,2018,0
10460,2018-07-04,2018-07-04,TC11,SPOT,LUMPSUM,325560.0,30,2018,0
10459,2018-07-05,2018-07-05,TC11,SPOT,LUMPSUM,341440.0,30,2018,0
10458,2018-07-06,2018-07-06,TC11,SPOT,LUMPSUM,350760.0,30,2018,0
10457,2018-07-09,2018-07-09,TC11,SPOT,LUMPSUM,368240.0,30,2018,0
10456,2018-07-10,2018-07-10,TC11,SPOT,LUMPSUM,376440.0,30,2018,0
10455,2018-07-11,2018-07-11,TC11,SPOT,LUMPSUM,382320.0,30,2018,0
10454,2018-07-12,2018-07-12,TC11,SPOT,LUMPSUM,384760.0,30,2018,0
10453,2018-07-13,2018-07-13,TC11,SPOT,LUMPSUM,384320.0,30,2018,0
10452,2018-07-16,2018-07-16,TC11,SPOT,LUMPSUM,383840.0,30,2018,0
10451,2018-07-17,2018-07-17,TC11,SPOT,LUMPSUM,384160.0,30,2018,0
10450,2018-07-18,2018-07-18,TC11,SPOT,LUMPSUM,379240.0,30,2018,0
10449,2018-07-19,2018-07-19,TC11,SPOT,LUMPSUM,371840.0,30,2018,0
10448,2018-07-20,2018-07-20,TC11,SPOT,LUMPSUM,366560.0,30,2018,0
10447,2018-07-23,2018-07-23,TC11,SPOT,LUMPSUM,365440.0,30,2018,0
10446,2018-07-24,2018-07-24,TC11,SPOT,LUMPSUM,362760.0000000001,30,2018,0
10445,2018-07-25,2018-07-25,TC11,SPOT,LUMPSUM,364240.0,30,2018,0
10444,2018-07-26,2018-07-26,TC11,SPOT,LUMPSUM,364320.0,30,2018,0
10443,2018-07-27,2018-07-27,TC11,SPOT,LUMPSUM,367640.0,30,2018,0
10442,2018-07-30,2018-07-30,TC11,SPOT,LUMPSUM,367760.0000000001,30,2018,0
10441,2018-07-31,2018-07-31,TC11,SPOT,LUMPSUM,365560.0,30,2018,0
10440,2018-08-01,2018-08-01,TC11,SPOT,LUMPSUM,364200.0,30,2018,0
10439,2018-08-02,2018-08-02,TC11,SPOT,LUMPSUM,359720.0,30,2018,0
10438,2018-08-03,2018-08-03,TC11,SPOT,LUMPSUM,355959.9999999999,30,2018,0
10437,2018-08-06,2018-08-06,TC11,SPOT,LUMPSUM,350720.0,30,2018,0
10436,2018-08-07,2018-08-07,TC11,SPOT,LUMPSUM,349880.0,30,2018,0
10435,2018-08-08,2018-08-08,TC11,SPOT,LUMPSUM,345439.9999999999,30,2018,0
10434,2018-08-10,2018-08-10,TC11,SPOT,LUMPSUM,338680.0,30,2018,0
10433,2018-08-13,2018-08-13,TC11,SPOT,LUMPSUM,335560.0,30,2018,0
10432,2018-08-14,2018-08-14,TC11,SPOT,LUMPSUM,335439.9999999999,30,2018,0
10431,2018-08-15,2018-08-15,TC11,SPOT,LUMPSUM,335240.0,30,2018,0
10430,2018-08-16,2018-08-16,TC11,SPOT,LUMPSUM,332720.0,30,2018,0
10429,2018-08-17,2018-08-17,TC11,SPOT,LUMPSUM,330439.9999999999,30,2018,0
10428,2018-08-20,2018-08-20,TC11,SPOT,LUMPSUM,327000.0,30,2018,0
10427,2018-08-21,2018-08-21,TC11,SPOT,LUMPSUM,325680.0,30,2018,0
10426,2018-08-23,2018-08-23,TC11,SPOT,LUMPSUM,324799.9999999999,30,2018,0
10425,2018-08-24,2018-08-24,TC11,SPOT,LUMPSUM,324880.0,30,2018,0
10424,2018-08-27,2018-08-27,TC11,SPOT,LUMPSUM,324159.9999999999,30,2018,0
10423,2018-08-28,2018-08-28,TC11,SPOT,LUMPSUM,316560.0,30,2018,0
10422,2018-08-29,2018-08-29,TC11,SPOT,LUMPSUM,313000.0,30,2018,0
10421,2018-08-30,2018-08-30,TC11,SPOT,LUMPSUM,312240.0,30,2018,0
10420,2018-08-31,2018-08-31,TC11,SPOT,LUMPSUM,311680.0,30,2018,0
10419,2018-09-03,2018-09-03,TC11,SPOT,LUMPSUM,310120.0,29,2018,0
10418,2018-09-04,2018-09-04,TC11,SPOT,LUMPSUM,309880.0,29,2018,0
10417,2018-09-05,2018-09-05,TC11,SPOT,LUMPSUM,309880.0,29,2018,0
10416,2018-09-06,2018-09-06,TC11,SPOT,LUMPSUM,318760.0,29,2018,0
10415,2018-09-07,2018-09-07,TC11,SPOT,LUMPSUM,330319.9999999999,29,2018,0
10414,2018-09-10,2018-09-10,TC11,SPOT,LUMPSUM,334440.0,29,2018,0
10413,2018-09-11,2018-09-11,TC11,SPOT,LUMPSUM,335000.0,29,2018,0
10412,2018-09-12,2018-09-12,TC11,SPOT,LUMPSUM,332760.0000000001,29,2018,0
10411,2018-09-13,2018-09-13,TC11,SPOT,LUMPSUM,333440.0,29,2018,0
10410,2018-09-14,2018-09-14,TC11,SPOT,LUMPSUM,334240.0,29,2018,0
10409,2018-09-17,2018-09-17,TC11,SPOT,LUMPSUM,335040.0,29,2018,0
10408,2018-09-18,2018-09-18,TC11,SPOT,LUMPSUM,334240.0,29,2018,0
10407,2018-09-19,2018-09-19,TC11,SPOT,LUMPSUM,332840.0,29,2018,0
10406,2018-09-20,2018-09-20,TC11,SPOT,LUMPSUM,332600.0,29,2018,0
10405,2018-09-21,2018-09-21,TC11,SPOT,LUMPSUM,331480.0000000001,29,2018,0
10404,2018-09-24,2018-09-24,TC11,SPOT,LUMPSUM,329280.0,29,2018,0
10403,2018-09-25,2018-09-25,TC11,SPOT,LUMPSUM,328760.0,29,2018,0
10402,2018-09-26,2018-09-26,TC11,SPOT,LUMPSUM,325560.0,29,2018,0
10401,2018-09-27,2018-09-27,TC11,SPOT,LUMPSUM,324560.0000000001,29,2018,0
10400,2018-09-28,2018-09-28,TC11,SPOT,LUMPSUM,320880.0,29,2018,0
10399,2018-10-01,2018-10-01,TC11,SPOT,LUMPSUM,305680.0,30,2018,0
10398,2018-10-02,2018-10-02,TC11,SPOT,LUMPSUM,301000.0,30,2018,0
10397,2018-10-03,2018-10-03,TC11,SPOT,LUMPSUM,297320.0,30,2018,0
10396,2018-10-04,2018-10-04,TC11,SPOT,LUMPSUM,298440.0,30,2018,0
10395,2018-10-05,2018-10-05,TC11,SPOT,LUMPSUM,298120.0,30,2018,0
10394,2018-10-08,2018-10-08,TC11,SPOT,LUMPSUM,300280.0,30,2018,0
10393,2018-10-09,2018-10-09,TC11,SPOT,LUMPSUM,300720.0,30,2018,0
10392,2018-10-10,2018-10-10,TC11,SPOT,LUMPSUM,301000.0,30,2018,0
10391,2018-10-11,2018-10-11,TC11,SPOT,LUMPSUM,302120.0,30,2018,0
10390,2018-10-12,2018-10-12,TC11,SPOT,LUMPSUM,303760.0,30,2018,0
10389,2018-10-15,2018-10-15,TC11,SPOT,LUMPSUM,304560.0,30,2018,0
10388,2018-10-16,2018-10-16,TC11,SPOT,LUMPSUM,306120.0,30,2018,0
10387,2018-10-17,2018-10-17,TC11,SPOT,LUMPSUM,307240.0,30,2018,0
10386,2018-10-18,2018-10-18,TC11,SPOT,LUMPSUM,309440.0,30,2018,0
10385,2018-10-19,2018-10-19,TC11,SPOT,LUMPSUM,309680.0,30,2018,0
10384,2018-10-22,2018-10-22,TC11,SPOT,LUMPSUM,310320.0,30,2018,0
10383,2018-10-23,2018-10-23,TC11,SPOT,LUMPSUM,315440.0,30,2018,0
10382,2018-10-24,2018-10-24,TC11,SPOT,LUMPSUM,317880.0,30,2018,0
10381,2018-10-25,2018-10-25,TC11,SPOT,LUMPSUM,320720.0,30,2018,0
10380,2018-10-26,2018-10-26,TC11,SPOT,LUMPSUM,323040.0,30,2018,0
10379,2018-10-29,2018-10-29,TC11,SPOT,LUMPSUM,325760.0,30,2018,0
10378,2018-10-30,2018-10-30,TC11,SPOT,LUMPSUM,327560.0,30,2018,0
10377,2018-10-31,2018-10-31,TC11,SPOT,LUMPSUM,329120.0,30,2018,0
10376,2018-11-01,2018-11-01,TC11,SPOT,LUMPSUM,336560.0,29,2018,0
10375,2018-11-02,2018-11-02,TC11,SPOT,LUMPSUM,340880.0,29,2018,0
10374,2018-11-05,2018-11-05,TC11,SPOT,LUMPSUM,343560.0,29,2018,0
10373,2018-11-07,2018-11-07,TC11,SPOT,LUMPSUM,363760.0,29,2018,0
10372,2018-11-08,2018-11-08,TC11,SPOT,LUMPSUM,365000.0,29,2018,0
10371,2018-11-09,2018-11-09,TC11,SPOT,LUMPSUM,370240.0,29,2018,0
10370,2018-11-12,2018-11-12,TC11,SPOT,LUMPSUM,376120.0,29,2018,0
10369,2018-11-13,2018-11-13,TC11,SPOT,LUMPSUM,372320.0,29,2018,0
10368,2018-11-14,2018-11-14,TC11,SPOT,LUMPSUM,374120.0,29,2018,0
10367,2018-11-15,2018-11-15,TC11,SPOT,LUMPSUM,378240.0,29,2018,0
10366,2018-11-16,2018-11-16,TC11,SPOT,LUMPSUM,386160.0,29,2018,0
10365,2018-11-19,2018-11-19,TC11,SPOT,LUMPSUM,386760.0,29,2018,0
10364,2018-11-20,2018-11-20,TC11,SPOT,LUMPSUM,390160.0,29,2018,0
10363,2018-11-21,2018-11-21,TC11,SPOT,LUMPSUM,392000.0,29,2018,0
10362,2018-11-22,2018-11-22,TC11,SPOT,LUMPSUM,396880.0,29,2018,0
10361,2018-11-23,2018-11-23,TC11,SPOT,LUMPSUM,407240.0,29,2018,0
10360,2018-11-26,2018-11-26,TC11,SPOT,LUMPSUM,403440.0,29,2018,0
10359,2018-11-27,2018-11-27,TC11,SPOT,LUMPSUM,402000.0,29,2018,0
10358,2018-11-28,2018-11-28,TC11,SPOT,LUMPSUM,401680.0,29,2018,0
10357,2018-11-29,2018-11-29,TC11,SPOT,LUMPSUM,402680.0,29,2018,0
10356,2018-11-30,2018-11-30,TC11,SPOT,LUMPSUM,412680.0,29,2018,0
10355,2018-12-03,2018-12-03,TC11,SPOT,LUMPSUM,427680.0,30,2018,0
10354,2018-12-04,2018-12-04,TC11,SPOT,LUMPSUM,474880.0,30,2018,0
10353,2018-12-05,2018-12-05,TC11,SPOT,LUMPSUM,489440.0,30,2018,0
10352,2018-12-06,2018-12-06,TC11,SPOT,LUMPSUM,509560.0000000001,30,2018,0
10351,2018-12-07,2018-12-07,TC11,SPOT,LUMPSUM,527120.0,30,2018,0
10350,2018-12-10,2018-12-10,TC11,SPOT,LUMPSUM,539440.0,30,2018,0
10349,2018-12-11,2018-12-11,TC11,SPOT,LUMPSUM,560120.0,30,2018,0
10348,2018-12-12,2018-12-12,TC11,SPOT,LUMPSUM,585120.0,30,2018,0
10347,2018-12-13,2018-12-13,TC11,SPOT,LUMPSUM,597760.0,30,2018,0
10346,2018-12-14,2018-12-14,TC11,SPOT,LUMPSUM,662240.0,30,2018,0
10345,2018-12-17,2018-12-17,TC11,SPOT,LUMPSUM,666680.0000000001,30,2018,0
10344,2018-12-18,2018-12-18,TC11,SPOT,LUMPSUM,666120.0,30,2018,0
10343,2018-12-19,2018-12-19,TC11,SPOT,LUMPSUM,665879.9999999999,30,2018,0
10342,2018-12-20,2018-12-20,TC11,SPOT,LUMPSUM,662000.0,30,2018,0
10341,2018-12-21,2018-12-21,TC11,SPOT,LUMPSUM,667000.0,30,2018,0
10340,2018-12-24,2018-12-24,TC11,SPOT,LUMPSUM,666120.0,30,2018,0
10339,2019-01-02,2019-01-02,TC11,SPOT,LUMPSUM,629440.0,30,2019,0
10338,2019-01-03,2019-01-03,TC11,SPOT,LUMPSUM,626080.0,30,2019,0
10337,2019-01-04,2019-01-04,TC11,SPOT,LUMPSUM,627120.0,30,2019,0
10336,2019-01-07,2019-01-07,TC11,SPOT,LUMPSUM,626240.0,30,2019,0
10335,2019-01-08,2019-01-08,TC11,SPOT,LUMPSUM,624000.0,30,2019,0
10334,2019-01-09,2019-01-09,TC11,SPOT,LUMPSUM,617320.0,30,2019,0
10333,2019-01-10,2019-01-10,TC11,SPOT,LUMPSUM,614680.0,30,2019,0
10332,2019-01-11,2019-01-11,TC11,SPOT,LUMPSUM,615880.0,30,2019,0
10331,2019-01-14,2019-01-14,TC11,SPOT,LUMPSUM,617000.0,30,2019,0
10330,2019-01-15,2019-01-15,TC11,SPOT,LUMPSUM,617760.0,30,2019,0
10329,2019-01-16,2019-01-16,TC11,SPOT,LUMPSUM,616360.0,30,2019,0
10328,2019-01-17,2019-01-17,TC11,SPOT,LUMPSUM,614000.0,30,2019,0
10327,2019-01-18,2019-01-18,TC11,SPOT,LUMPSUM,611680.0,30,2019,0
10326,2019-01-21,2019-01-21,TC11,SPOT,LUMPSUM,610000.0,30,2019,0
10325,2019-01-22,2019-01-22,TC11,SPOT,LUMPSUM,605000.0,30,2019,0
10324,2019-01-23,2019-01-23,TC11,SPOT,LUMPSUM,582120.0,30,2019,0
10323,2019-01-24,2019-01-24,TC11,SPOT,LUMPSUM,567760.0,30,2019,0
10322,2019-01-25,2019-01-25,TC11,SPOT,LUMPSUM,559440.0,30,2019,0
10321,2019-01-28,2019-01-28,TC11,SPOT,LUMPSUM,549440.0,30,2019,0
10320,2019-01-29,2019-01-29,TC11,SPOT,LUMPSUM,534440.0,30,2019,0
10319,2019-01-30,2019-01-30,TC11,SPOT,LUMPSUM,512880.0,30,2019,0
10318,2019-01-31,2019-01-31,TC11,SPOT,LUMPSUM,486120.0,30,2019,0
10317,2019-02-01,2019-02-01,TC11,SPOT,LUMPSUM,474440.0,27,2019,0
10316,2019-02-04,2019-02-04,TC11,SPOT,LUMPSUM,468560.0,27,2019,0
10315,2019-02-07,2019-02-07,TC11,SPOT,LUMPSUM,464680.0000000001,27,2019,0
10314,2019-02-08,2019-02-08,TC11,SPOT,LUMPSUM,461440.0,27,2019,0
10313,2019-02-11,2019-02-11,TC11,SPOT,LUMPSUM,454120.0,27,2019,0
10312,2019-02-12,2019-02-12,TC11,SPOT,LUMPSUM,447880.0,27,2019,0
10311,2019-02-13,2019-02-13,TC11,SPOT,LUMPSUM,438960.0,27,2019,0
10310,2019-02-14,2019-02-14,TC11,SPOT,LUMPSUM,437680.0,27,2019,0
10309,2019-02-15,2019-02-15,TC11,SPOT,LUMPSUM,437600.0,27,2019,0
10308,2019-02-18,2019-02-18,TC11,SPOT,LUMPSUM,437680.0,27,2019,0
10307,2019-02-19,2019-02-19,TC11,SPOT,LUMPSUM,437200.0,27,2019,0
10306,2019-02-20,2019-02-20,TC11,SPOT,LUMPSUM,437200.0,27,2019,0
10305,2019-02-21,2019-02-21,TC11,SPOT,LUMPSUM,436400.0,27,2019,0
10304,2019-02-22,2019-02-22,TC11,SPOT,LUMPSUM,431600.0,27,2019,0
10303,2019-02-25,2019-02-25,TC11,SPOT,LUMPSUM,428400.0000000001,27,2019,0
10302,2019-02-26,2019-02-26,TC11,SPOT,LUMPSUM,423600.0,27,2019,0
10301,2019-02-27,2019-02-27,TC11,SPOT,LUMPSUM,418680.0,27,2019,0
10300,2019-02-28,2019-02-28,TC11,SPOT,LUMPSUM,415600.0,27,2019,0
10299,2019-03-01,2019-03-01,TC11,SPOT,LUMPSUM,412400.0,30,2019,0
10298,2019-03-04,2019-03-04,TC11,SPOT,LUMPSUM,409600.0,30,2019,0
10297,2019-03-05,2019-03-05,TC11,SPOT,LUMPSUM,406000.0,30,2019,0
10296,2019-03-06,2019-03-06,TC11,SPOT,LUMPSUM,399200.0,30,2019,0
10295,2019-03-07,2019-03-07,TC11,SPOT,LUMPSUM,399600.0,30,2019,0
10294,2019-03-08,2019-03-08,TC11,SPOT,LUMPSUM,396000.0,30,2019,0
10293,2019-03-11,2019-03-11,TC11,SPOT,LUMPSUM,397600.0,30,2019,0
10292,2019-03-12,2019-03-12,TC11,SPOT,LUMPSUM,398800.0,30,2019,0
10291,2019-03-13,2019-03-13,TC11,SPOT,LUMPSUM,398800.0,30,2019,0
10290,2019-03-14,2019-03-14,TC11,SPOT,LUMPSUM,399600.0,30,2019,0
10289,2019-03-15,2019-03-15,TC11,SPOT,LUMPSUM,407600.0,30,2019,0
10288,2019-03-18,2019-03-18,TC11,SPOT,LUMPSUM,446000.0,30,2019,0
10287,2019-03-19,2019-03-19,TC11,SPOT,LUMPSUM,472400.0,30,2019,0
10286,2019-03-20,2019-03-20,TC11,SPOT,LUMPSUM,479600.0,30,2019,0
10285,2019-03-21,2019-03-21,TC11,SPOT,LUMPSUM,483600.0,30,2019,0
10284,2019-03-22,2019-03-22,TC11,SPOT,LUMPSUM,481600.0,30,2019,0
10283,2019-03-25,2019-03-25,TC11,SPOT,LUMPSUM,479600.0,30,2019,0
10282,2019-03-26,2019-03-26,TC11,SPOT,LUMPSUM,472800.0,30,2019,0
10281,2019-03-27,2019-03-27,TC11,SPOT,LUMPSUM,471600.0,30,2019,0
10280,2019-03-28,2019-03-28,TC11,SPOT,LUMPSUM,470400.0,30,2019,0
10279,2019-03-29,2019-03-29,TC11,SPOT,LUMPSUM,472800.0,30,2019,0
10278,2019-04-01,2019-04-01,TC11,SPOT,LUMPSUM,469200.0,29,2019,0
10277,2019-04-02,2019-04-02,TC11,SPOT,LUMPSUM,465600.0,29,2019,0
10276,2019-04-03,2019-04-03,TC11,SPOT,LUMPSUM,466400.0,29,2019,0
10275,2019-04-04,2019-04-04,TC11,SPOT,LUMPSUM,467200.0,29,2019,0
10274,2019-04-05,2019-04-05,TC11,SPOT,LUMPSUM,468000.0,29,2019,0
10273,2019-04-08,2019-04-08,TC11,SPOT,LUMPSUM,468000.0,29,2019,0
10272,2019-04-09,2019-04-09,TC11,SPOT,LUMPSUM,468400.0000000001,29,2019,0
10271,2019-04-10,2019-04-10,TC11,SPOT,LUMPSUM,468400.0000000001,29,2019,0
10270,2019-04-11,2019-04-11,TC11,SPOT,LUMPSUM,468800.0,29,2019,0
10269,2019-04-12,2019-04-12,TC11,SPOT,LUMPSUM,474400.0,29,2019,0
10268,2019-04-15,2019-04-15,TC11,SPOT,LUMPSUM,477600.0,29,2019,0
10267,2019-04-16,2019-04-16,TC11,SPOT,LUMPSUM,483600.0,29,2019,0
10266,2019-04-17,2019-04-17,TC11,SPOT,LUMPSUM,487600.0,29,2019,0
10265,2019-04-18,2019-04-18,TC11,SPOT,LUMPSUM,490800.0,29,2019,0
10264,2019-04-22,2019-04-22,TC11,SPOT,LUMPSUM,490400.0,29,2019,0
10263,2019-04-23,2019-04-23,TC11,SPOT,LUMPSUM,487200.0,29,2019,0
10262,2019-04-24,2019-04-24,TC11,SPOT,LUMPSUM,477600.0,29,2019,0
10261,2019-04-25,2019-04-25,TC11,SPOT,LUMPSUM,473600.0,29,2019,0
10260,2019-04-26,2019-04-26,TC11,SPOT,LUMPSUM,458400.0000000001,29,2019,0
10259,2019-04-29,2019-04-29,TC11,SPOT,LUMPSUM,447600.0,29,2019,0
10258,2019-04-30,2019-04-30,TC11,SPOT,LUMPSUM,441200.0,29,2019,0
10257,2019-05-02,2019-05-02,TC11,SPOT,LUMPSUM,433200.0,30,2019,0
10256,2019-05-03,2019-05-03,TC11,SPOT,LUMPSUM,423200.0,30,2019,0
10255,2019-05-06,2019-05-06,TC11,SPOT,LUMPSUM,408000.0,30,2019,0
10254,2019-05-07,2019-05-07,TC11,SPOT,LUMPSUM,402400.0,30,2019,0
10253,2019-05-08,2019-05-08,TC11,SPOT,LUMPSUM,398800.0,30,2019,0
10252,2019-05-09,2019-05-09,TC11,SPOT,LUMPSUM,396400.0,30,2019,0
10251,2019-05-10,2019-05-10,TC11,SPOT,LUMPSUM,391600.0,30,2019,0
10250,2019-05-13,2019-05-13,TC11,SPOT,LUMPSUM,388400.0000000001,30,2019,0
10249,2019-05-14,2019-05-14,TC11,SPOT,LUMPSUM,382000.0,30,2019,0
10248,2019-05-15,2019-05-15,TC11,SPOT,LUMPSUM,380400.0,30,2019,0
10247,2019-05-16,2019-05-16,TC11,SPOT,LUMPSUM,380400.0,30,2019,0
10246,2019-05-17,2019-05-17,TC11,SPOT,LUMPSUM,378800.0,30,2019,0
10245,2019-05-21,2019-05-21,TC11,SPOT,LUMPSUM,376000.0,30,2019,0
10244,2019-05-22,2019-05-22,TC11,SPOT,LUMPSUM,366400.0,30,2019,0
10243,2019-05-23,2019-05-23,TC11,SPOT,LUMPSUM,365200.0000000001,30,2019,0
10242,2019-05-24,2019-05-24,TC11,SPOT,LUMPSUM,362000.0,30,2019,0
10241,2019-05-27,2019-05-27,TC11,SPOT,LUMPSUM,360000.0,30,2019,0
10240,2019-05-28,2019-05-28,TC11,SPOT,LUMPSUM,360000.0,30,2019,0
10239,2019-05-29,2019-05-29,TC11,SPOT,LUMPSUM,359600.0,30,2019,0
10238,2019-05-30,2019-05-30,TC11,SPOT,LUMPSUM,359600.0,30,2019,0
10237,2019-05-31,2019-05-31,TC11,SPOT,LUMPSUM,359600.0,30,2019,0
10236,2019-06-03,2019-06-03,TC11,SPOT,LUMPSUM,356800.0,29,2019,0
10235,2019-06-04,2019-06-04,TC11,SPOT,LUMPSUM,356800.0,29,2019,0
10234,2019-06-06,2019-06-06,TC11,SPOT,LUMPSUM,356400.0,29,2019,0
10233,2019-06-07,2019-06-07,TC11,SPOT,LUMPSUM,358400.0000000001,29,2019,0
10232,2019-06-10,2019-06-10,TC11,SPOT,LUMPSUM,370000.0,29,2019,0
10231,2019-06-11,2019-06-11,TC11,SPOT,LUMPSUM,412800.0,29,2019,0
10230,2019-06-12,2019-06-12,TC11,SPOT,LUMPSUM,421600.0,29,2019,0
10229,2019-06-13,2019-06-13,TC11,SPOT,LUMPSUM,431600.0,29,2019,0
10228,2019-06-14,2019-06-14,TC11,SPOT,LUMPSUM,497200.0,29,2019,0
10227,2019-06-17,2019-06-17,TC11,SPOT,LUMPSUM,512400.0,29,2019,0
10226,2019-06-18,2019-06-18,TC11,SPOT,LUMPSUM,524400.0,29,2019,0
10225,2019-06-19,2019-06-19,TC11,SPOT,LUMPSUM,538000.0,29,2019,0
10224,2019-06-20,2019-06-20,TC11,SPOT,LUMPSUM,544800.0,29,2019,0
10223,2019-06-21,2019-06-21,TC11,SPOT,LUMPSUM,548000.0,29,2019,0
10222,2019-06-24,2019-06-24,TC11,SPOT,LUMPSUM,535600.0,29,2019,0
10221,2019-06-25,2019-06-25,TC11,SPOT,LUMPSUM,522800.0,29,2019,0
10220,2019-06-26,2019-06-26,TC11,SPOT,LUMPSUM,488000.0,29,2019,0
10219,2019-06-27,2019-06-27,TC11,SPOT,LUMPSUM,480400.0,29,2019,0
10218,2019-06-28,2019-06-28,TC11,SPOT,LUMPSUM,476400.0,29,2019,0
10217,2019-07-01,2019-07-01,TC11,SPOT,LUMPSUM,472440.0,30,2019,0
10216,2019-07-02,2019-07-02,TC11,SPOT,LUMPSUM,468400.0000000001,30,2019,0
10215,2019-07-03,2019-07-03,TC11,SPOT,LUMPSUM,464240.0,30,2019,0
10214,2019-07-04,2019-07-04,TC11,SPOT,LUMPSUM,460800.0,30,2019,0
10213,2019-07-05,2019-07-05,TC11,SPOT,LUMPSUM,458400.0000000001,30,2019,0
10212,2019-07-08,2019-07-08,TC11,SPOT,LUMPSUM,449600.0,30,2019,0
10211,2019-07-09,2019-07-09,TC11,SPOT,LUMPSUM,444800.0,30,2019,0
10210,2019-07-10,2019-07-10,TC11,SPOT,LUMPSUM,434400.0,30,2019,0
10209,2019-07-11,2019-07-11,TC11,SPOT,LUMPSUM,429600.0,30,2019,0
10208,2019-07-12,2019-07-12,TC11,SPOT,LUMPSUM,428000.0,30,2019,0
10207,2019-07-15,2019-07-15,TC11,SPOT,LUMPSUM,426400.0,30,2019,0
10206,2019-07-16,2019-07-16,TC11,SPOT,LUMPSUM,423600.0,30,2019,0
10205,2019-07-17,2019-07-17,TC11,SPOT,LUMPSUM,417600.0,30,2019,0
10204,2019-07-18,2019-07-18,TC11,SPOT,LUMPSUM,414400.0,30,2019,0
10203,2019-07-19,2019-07-19,TC11,SPOT,LUMPSUM,406800.0,30,2019,0
10202,2019-07-22,2019-07-22,TC11,SPOT,LUMPSUM,403200.0,30,2019,0
10201,2019-07-23,2019-07-23,TC11,SPOT,LUMPSUM,406800.0,30,2019,0
10200,2019-07-24,2019-07-24,TC11,SPOT,LUMPSUM,408400.0000000001,30,2019,0
10199,2019-07-25,2019-07-25,TC11,SPOT,LUMPSUM,409200.0,30,2019,0
10198,2019-07-26,2019-07-26,TC11,SPOT,LUMPSUM,410800.0,30,2019,0
10197,2019-07-29,2019-07-29,TC11,SPOT,LUMPSUM,412400.0,30,2019,0
10196,2019-07-30,2019-07-30,TC11,SPOT,LUMPSUM,415200.0000000001,30,2019,0
10195,2019-07-31,2019-07-31,TC11,SPOT,LUMPSUM,427600.0,30,2019,0
10194,2019-08-01,2019-08-01,TC11,SPOT,LUMPSUM,430800.0,30,2019,0
10193,2019-08-02,2019-08-02,TC11,SPOT,LUMPSUM,435200.0000000001,30,2019,0
10192,2019-08-05,2019-08-05,TC11,SPOT,LUMPSUM,435200.0000000001,30,2019,0
10191,2019-08-06,2019-08-06,TC11,SPOT,LUMPSUM,436400.0,30,2019,0
10190,2019-08-07,2019-08-07,TC11,SPOT,LUMPSUM,437200.0,30,2019,0
10189,2019-08-08,2019-08-08,TC11,SPOT,LUMPSUM,432800.0,30,2019,0
10188,2019-08-13,2019-08-13,TC11,SPOT,LUMPSUM,430000.0,30,2019,0
10187,2019-08-14,2019-08-14,TC11,SPOT,LUMPSUM,428000.0,30,2019,0
10186,2019-08-15,2019-08-15,TC11,SPOT,LUMPSUM,428400.0000000001,30,2019,0
10185,2019-08-16,2019-08-16,TC11,SPOT,LUMPSUM,430000.0,30,2019,0
10184,2019-08-19,2019-08-19,TC11,SPOT,LUMPSUM,434400.0,30,2019,0
10183,2019-08-20,2019-08-20,TC11,SPOT,LUMPSUM,432000.0,30,2019,0
10182,2019-08-21,2019-08-21,TC11,SPOT,LUMPSUM,434400.0,30,2019,0
10181,2019-08-22,2019-08-22,TC11,SPOT,LUMPSUM,434000.0,30,2019,0
10180,2019-08-23,2019-08-23,TC11,SPOT,LUMPSUM,432000.0,30,2019,0
10179,2019-08-26,2019-08-26,TC11,SPOT,LUMPSUM,430000.0,30,2019,0
10178,2019-08-27,2019-08-27,TC11,SPOT,LUMPSUM,428000.0,30,2019,0
10177,2019-08-28,2019-08-28,TC11,SPOT,LUMPSUM,424400.0,30,2019,0
10176,2019-08-29,2019-08-29,TC11,SPOT,LUMPSUM,422400.0,30,2019,0
10175,2019-08-30,2019-08-30,TC11,SPOT,LUMPSUM,422400.0,30,2019,0
10174,2019-09-02,2019-09-02,TC11,SPOT,LUMPSUM,420400.0,29,2019,0
10173,2019-09-03,2019-09-03,TC11,SPOT,LUMPSUM,417600.0,29,2019,0
10172,2019-09-04,2019-09-04,TC11,SPOT,LUMPSUM,428000.0,29,2019,0
10171,2019-09-05,2019-09-05,TC11,SPOT,LUMPSUM,436800.0,29,2019,0
10170,2019-09-06,2019-09-06,TC11,SPOT,LUMPSUM,456000.0,29,2019,0
10169,2019-09-09,2019-09-09,TC11,SPOT,LUMPSUM,481200.0,29,2019,0
10168,2019-09-10,2019-09-10,TC11,SPOT,LUMPSUM,487600.0,29,2019,0
10167,2019-09-11,2019-09-11,TC11,SPOT,LUMPSUM,488800.0,29,2019,0
10166,2019-09-12,2019-09-12,TC11,SPOT,LUMPSUM,490000.0,29,2019,0
10165,2019-09-13,2019-09-13,TC11,SPOT,LUMPSUM,492400.0,29,2019,0
10164,2019-09-16,2019-09-16,TC11,SPOT,LUMPSUM,496400.0,29,2019,0
10163,2019-09-18,2019-09-18,TC11,SPOT,LUMPSUM,532000.0,29,2019,0
10162,2019-09-19,2019-09-19,TC11,SPOT,LUMPSUM,534800.0,29,2019,0
10161,2019-09-20,2019-09-20,TC11,SPOT,LUMPSUM,534800.0,29,2019,0
10160,2019-09-23,2019-09-23,TC11,SPOT,LUMPSUM,526000.0,29,2019,0
10159,2019-09-24,2019-09-24,TC11,SPOT,LUMPSUM,494000.0,29,2019,0
10158,2019-09-25,2019-09-25,TC11,SPOT,LUMPSUM,471200.0,29,2019,0
10157,2019-09-26,2019-09-26,TC11,SPOT,LUMPSUM,457600.0,29,2019,0
10156,2019-09-27,2019-09-27,TC11,SPOT,LUMPSUM,436800.0,29,2019,0
10155,2019-09-30,2019-09-30,TC11,SPOT,LUMPSUM,432000.0,29,2019,0
10154,2019-10-01,2019-10-01,TC11,SPOT,LUMPSUM,418000.0,30,2019,0
10153,2019-10-02,2019-10-02,TC11,SPOT,LUMPSUM,413200.0,30,2019,0
10152,2019-10-03,2019-10-03,TC11,SPOT,LUMPSUM,412400.0,30,2019,0
10151,2019-10-04,2019-10-04,TC11,SPOT,LUMPSUM,413600.0,30,2019,0
10150,2019-10-07,2019-10-07,TC11,SPOT,LUMPSUM,419200.0,30,2019,0
10149,2019-10-08,2019-10-08,TC11,SPOT,LUMPSUM,428800.0,30,2019,0
10148,2019-10-09,2019-10-09,TC11,SPOT,LUMPSUM,432800.0,30,2019,0
10147,2019-10-10,2019-10-10,TC11,SPOT,LUMPSUM,438000.0,30,2019,0
10146,2019-10-11,2019-10-11,TC11,SPOT,LUMPSUM,446400.0,30,2019,0
10145,2019-10-14,2019-10-14,TC11,SPOT,LUMPSUM,468800.0,30,2019,0
10144,2019-10-15,2019-10-15,TC11,SPOT,LUMPSUM,515600.0,30,2019,0
10143,2019-10-16,2019-10-16,TC11,SPOT,LUMPSUM,659599.9999999999,30,2019,0
10142,2019-10-17,2019-10-17,TC11,SPOT,LUMPSUM,691600.0,30,2019,0
10141,2019-10-18,2019-10-18,TC11,SPOT,LUMPSUM,670400.0000000001,30,2019,0
10140,2019-10-21,2019-10-21,TC11,SPOT,LUMPSUM,618800.0,30,2019,0
10139,2019-10-22,2019-10-22,TC11,SPOT,LUMPSUM,560400.0,30,2019,0
10138,2019-10-23,2019-10-23,TC11,SPOT,LUMPSUM,521600.0,30,2019,0
10137,2019-10-24,2019-10-24,TC11,SPOT,LUMPSUM,487200.0,30,2019,0
10136,2019-10-25,2019-10-25,TC11,SPOT,LUMPSUM,477600.0,30,2019,0
10135,2019-10-29,2019-10-29,TC11,SPOT,LUMPSUM,464800.0,30,2019,0
10134,2019-10-30,2019-10-30,TC11,SPOT,LUMPSUM,454800.0,30,2019,0
10133,2019-10-31,2019-10-31,TC11,SPOT,LUMPSUM,460000.0,30,2019,0
10132,2019-11-01,2019-11-01,TC11,SPOT,LUMPSUM,494400.0,29,2019,0
10131,2019-11-04,2019-11-04,TC11,SPOT,LUMPSUM,501600.0,29,2019,0
10130,2019-11-05,2019-11-05,TC11,SPOT,LUMPSUM,522000.0,29,2019,0
10129,2019-11-06,2019-11-06,TC11,SPOT,LUMPSUM,530400.0,29,2019,0
10128,2019-11-07,2019-11-07,TC11,SPOT,LUMPSUM,538000.0,29,2019,0
10127,2019-11-08,2019-11-08,TC11,SPOT,LUMPSUM,544000.0,29,2019,0
10126,2019-11-11,2019-11-11,TC11,SPOT,LUMPSUM,548800.0,29,2019,0
10125,2019-11-12,2019-11-12,TC11,SPOT,LUMPSUM,547600.0,29,2019,0
10124,2019-11-13,2019-11-13,TC11,SPOT,LUMPSUM,542400.0,29,2019,0
10123,2019-11-14,2019-11-14,TC11,SPOT,LUMPSUM,533200.0,29,2019,0
10122,2019-11-15,2019-11-15,TC11,SPOT,LUMPSUM,531600.0,29,2019,0
10121,2019-11-18,2019-11-18,TC11,SPOT,LUMPSUM,532400.0,29,2019,0
10120,2019-11-19,2019-11-19,TC11,SPOT,LUMPSUM,535200.0,29,2019,0
10119,2019-11-20,2019-11-20,TC11,SPOT,LUMPSUM,533200.0,29,2019,0
10118,2019-11-21,2019-11-21,TC11,SPOT,LUMPSUM,535600.0,29,2019,0
10117,2019-11-22,2019-11-22,TC11,SPOT,LUMPSUM,537600.0,29,2019,0
10116,2019-11-25,2019-11-25,TC11,SPOT,LUMPSUM,542800.0,29,2019,0
10115,2019-11-26,2019-11-26,TC11,SPOT,LUMPSUM,543200.0,29,2019,0
10114,2019-11-27,2019-11-27,TC11,SPOT,LUMPSUM,540400.0,29,2019,0
10113,2019-11-28,2019-11-28,TC11,SPOT,LUMPSUM,539200.0,29,2019,0
10112,2019-11-29,2019-11-29,TC11,SPOT,LUMPSUM,540000.0,29,2019,0
10111,2019-12-02,2019-12-02,TC11,SPOT,LUMPSUM,544400.0,30,2019,0
10110,2019-12-03,2019-12-03,TC11,SPOT,LUMPSUM,548400.0,30,2019,0
10109,2019-12-04,2019-12-04,TC11,SPOT,LUMPSUM,548400.0,30,2019,0
10108,2019-12-05,2019-12-05,TC11,SPOT,LUMPSUM,547600.0,30,2019,0
10107,2019-12-06,2019-12-06,TC11,SPOT,LUMPSUM,547600.0,30,2019,0
10106,2019-12-09,2019-12-09,TC11,SPOT,LUMPSUM,562000.0,30,2019,0
10105,2019-12-10,2019-12-10,TC11,SPOT,LUMPSUM,573600.0,30,2019,0
10104,2019-12-11,2019-12-11,TC11,SPOT,LUMPSUM,591200.0,30,2019,0
10103,2019-12-12,2019-12-12,TC11,SPOT,LUMPSUM,605600.0,30,2019,0
10102,2019-12-13,2019-12-13,TC11,SPOT,LUMPSUM,618800.0,30,2019,0
10101,2019-12-16,2019-12-16,TC11,SPOT,LUMPSUM,624400.0,30,2019,0
10100,2019-12-17,2019-12-17,TC11,SPOT,LUMPSUM,639600.0,30,2019,0
10099,2019-12-18,2019-12-18,TC11,SPOT,LUMPSUM,646400.0,30,2019,0
10098,2019-12-19,2019-12-19,TC11,SPOT,LUMPSUM,646400.0,30,2019,0
10097,2019-12-20,2019-12-20,TC11,SPOT,LUMPSUM,644400.0,30,2019,0
10096,2019-12-23,2019-12-23,TC11,SPOT,LUMPSUM,631600.0,30,2019,0
10095,2019-12-24,2019-12-24,TC11,SPOT,LUMPSUM,608400.0,30,2019,0
10094,2020-01-02,2020-01-02,TC11,SPOT,LUMPSUM,551600.0,30,2020,0
10093,2020-01-03,2020-01-03,TC11,SPOT,LUMPSUM,543200.0,30,2020,0
10092,2020-01-06,2020-01-06,TC11,SPOT,LUMPSUM,536800.0,30,2020,0
10091,2020-01-07,2020-01-07,TC11,SPOT,LUMPSUM,522800.0,30,2020,0
10090,2020-01-08,2020-01-08,TC11,SPOT,LUMPSUM,529600.0,30,2020,0
10089,2020-01-09,2020-01-09,TC11,SPOT,LUMPSUM,544000.0,30,2020,0
10088,2020-01-10,2020-01-10,TC11,SPOT,LUMPSUM,554800.0,30,2020,0
10087,2020-01-13,2020-01-13,TC11,SPOT,LUMPSUM,570800.0,30,2020,0
10086,2020-01-14,2020-01-14,TC11,SPOT,LUMPSUM,572400.0,30,2020,0
10085,2020-01-15,2020-01-15,TC11,SPOT,LUMPSUM,568000.0,30,2020,0
10084,2020-01-16,2020-01-16,TC11,SPOT,LUMPSUM,561600.0,30,2020,0
10083,2020-01-17,2020-01-17,TC11,SPOT,LUMPSUM,555200.0,30,2020,0
10082,2020-01-20,2020-01-20,TC11,SPOT,LUMPSUM,542800.0,30,2020,0
10081,2020-01-21,2020-01-21,TC11,SPOT,LUMPSUM,532400.0,30,2020,0
10080,2020-01-22,2020-01-22,TC11,SPOT,LUMPSUM,522800.0,30,2020,0
10079,2020-01-23,2020-01-23,TC11,SPOT,LUMPSUM,504000.0,30,2020,0
10078,2020-01-24,2020-01-24,TC11,SPOT,LUMPSUM,491200.0,30,2020,0
10077,2020-01-28,2020-01-28,TC11,SPOT,LUMPSUM,481600.0,30,2020,0
10076,2020-01-29,2020-01-29,TC11,SPOT,LUMPSUM,470000.0,30,2020,0
10075,2020-01-30,2020-01-30,TC11,SPOT,LUMPSUM,465600.0,30,2020,0
10074,2020-01-31,2020-01-31,TC11,SPOT,LUMPSUM,452800.0,30,2020,0
10073,2020-02-03,2020-02-03,TC11,SPOT,LUMPSUM,441600.0,28,2020,0
10072,2020-02-04,2020-02-04,TC11,SPOT,LUMPSUM,434000.0,28,2020,0
10071,2020-02-05,2020-02-05,TC11,SPOT,LUMPSUM,413200.0,28,2020,0
10070,2020-02-06,2020-02-06,TC11,SPOT,LUMPSUM,405600.0,28,2020,0
10069,2020-02-07,2020-02-07,TC11,SPOT,LUMPSUM,399200.0,28,2020,0
10068,2020-02-10,2020-02-10,TC11,SPOT,LUMPSUM,397200.0,28,2020,0
10067,2020-02-11,2020-02-11,TC11,SPOT,LUMPSUM,398400.0000000001,28,2020,0
10066,2020-02-12,2020-02-12,TC11,SPOT,LUMPSUM,397200.0,28,2020,0
10065,2020-02-13,2020-02-13,TC11,SPOT,LUMPSUM,404400.0,28,2020,0
10064,2020-02-14,2020-02-14,TC11,SPOT,LUMPSUM,424800.0,28,2020,0
10063,2020-02-17,2020-02-17,TC11,SPOT,LUMPSUM,435600.0,28,2020,0
10062,2020-02-18,2020-02-18,TC11,SPOT,LUMPSUM,441600.0,28,2020,0
10061,2020-02-19,2020-02-19,TC11,SPOT,LUMPSUM,447200.0,28,2020,0
10060,2020-02-20,2020-02-20,TC11,SPOT,LUMPSUM,454000.0,28,2020,0
10059,2020-02-21,2020-02-21,TC11,SPOT,LUMPSUM,464400.0,28,2020,0
10058,2020-02-24,2020-02-24,TC11,SPOT,LUMPSUM,476400.0,28,2020,0
10057,2020-02-25,2020-02-25,TC11,SPOT,LUMPSUM,489600.0,28,2020,0
10056,2020-02-26,2020-02-26,TC11,SPOT,LUMPSUM,495200.0000000001,28,2020,0
10055,2020-02-27,2020-02-27,TC11,SPOT,LUMPSUM,511600.0,28,2020,0
10054,2020-02-28,2020-02-28,TC11,SPOT,LUMPSUM,523600.0,28,2020,0
10053,2020-03-02,2020-03-02,TC11,SPOT,LUMPSUM,534400.0,30,2020,0
10052,2020-03-03,2020-03-03,TC11,SPOT,LUMPSUM,547200.0,30,2020,0
10051,2020-03-04,2020-03-04,TC11,SPOT,LUMPSUM,565600.0,30,2020,0
10050,2020-03-05,2020-03-05,TC11,SPOT,LUMPSUM,582800.0,30,2020,0
10049,2020-03-06,2020-03-06,TC11,SPOT,LUMPSUM,591600.0,30,2020,0
10048,2020-03-09,2020-03-09,TC11,SPOT,LUMPSUM,597600.0,30,2020,0
10047,2020-03-10,2020-03-10,TC11,SPOT,LUMPSUM,626000.0,30,2020,0
10046,2020-03-11,2020-03-11,TC11,SPOT,LUMPSUM,638400.0,30,2020,0
10045,2020-03-12,2020-03-12,TC11,SPOT,LUMPSUM,647600.0,30,2020,0
10044,2020-03-13,2020-03-13,TC11,SPOT,LUMPSUM,653199.9999999999,30,2020,0
10043,2020-03-16,2020-03-16,TC11,SPOT,LUMPSUM,657200.0,30,2020,0
10042,2020-03-17,2020-03-17,TC11,SPOT,LUMPSUM,662400.0,30,2020,0
10041,2020-03-18,2020-03-18,TC11,SPOT,LUMPSUM,672400.0,30,2020,0
10040,2020-03-19,2020-03-19,TC11,SPOT,LUMPSUM,675200.0,30,2020,0
10039,2020-03-20,2020-03-20,TC11,SPOT,LUMPSUM,682000.0,30,2020,0
10038,2020-03-23,2020-03-23,TC11,SPOT,LUMPSUM,678800.0,30,2020,0
10037,2020-03-24,2020-03-24,TC11,SPOT,LUMPSUM,680000.0,30,2020,0
10036,2020-03-25,2020-03-25,TC11,SPOT,LUMPSUM,678000.0,30,2020,0
10035,2020-03-26,2020-03-26,TC11,SPOT,LUMPSUM,674800.0,30,2020,0
10034,2020-03-27,2020-03-27,TC11,SPOT,LUMPSUM,671600.0,30,2020,0
10033,2020-03-30,2020-03-30,TC11,SPOT,LUMPSUM,664400.0,30,2020,0
10032,2020-03-31,2020-03-31,TC11,SPOT,LUMPSUM,654400.0,30,2020,0
10031,2020-04-01,2020-04-01,TC11,SPOT,LUMPSUM,644800.0,29,2020,0
10030,2020-04-02,2020-04-02,TC11,SPOT,LUMPSUM,638400.0,29,2020,0
10029,2020-04-03,2020-04-03,TC11,SPOT,LUMPSUM,633200.0,29,2020,0
10028,2020-04-06,2020-04-06,TC11,SPOT,LUMPSUM,622400.0,29,2020,0
10027,2020-04-07,2020-04-07,TC11,SPOT,LUMPSUM,616800.0,29,2020,0
10026,2020-04-08,2020-04-08,TC11,SPOT,LUMPSUM,604800.0,29,2020,0
10025,2020-04-09,2020-04-09,TC11,SPOT,LUMPSUM,594800.0,29,2020,0
10024,2020-04-13,2020-04-13,TC11,SPOT,LUMPSUM,588800.0,29,2020,0
10023,2020-04-14,2020-04-14,TC11,SPOT,LUMPSUM,584800.0,29,2020,0
10022,2020-04-15,2020-04-15,TC11,SPOT,LUMPSUM,582400.0,29,2020,0
10021,2020-04-16,2020-04-16,TC11,SPOT,LUMPSUM,582000.0,29,2020,0
10020,2020-04-17,2020-04-17,TC11,SPOT,LUMPSUM,596000.0,29,2020,0
10019,2020-04-20,2020-04-20,TC11,SPOT,LUMPSUM,606800.0,29,2020,0
10018,2020-04-21,2020-04-21,TC11,SPOT,LUMPSUM,652400.0,29,2020,0
10017,2020-04-22,2020-04-22,TC11,SPOT,LUMPSUM,712400.0,29,2020,0
10016,2020-04-23,2020-04-23,TC11,SPOT,LUMPSUM,910400.0,29,2020,0
10015,2020-04-24,2020-04-24,TC11,SPOT,LUMPSUM,949600.0,29,2020,0
10014,2020-04-27,2020-04-27,TC11,SPOT,LUMPSUM,960000.0,29,2020,0
10013,2020-04-28,2020-04-28,TC11,SPOT,LUMPSUM,966000.0,29,2020,0
10012,2020-04-29,2020-04-29,TC11,SPOT,LUMPSUM,948400.0,29,2020,0
10011,2020-04-30,2020-04-30,TC11,SPOT,LUMPSUM,925600.0,29,2020,0
10010,2020-05-04,2020-05-04,TC11,SPOT,LUMPSUM,894000.0,30,2020,0
10009,2020-05-05,2020-05-05,TC11,SPOT,LUMPSUM,841600.0,30,2020,0
10008,2020-05-06,2020-05-06,TC11,SPOT,LUMPSUM,822800.0,30,2020,0
10007,2020-05-08,2020-05-08,TC11,SPOT,LUMPSUM,788800.0,30,2020,0
10006,2020-05-11,2020-05-11,TC11,SPOT,LUMPSUM,756800.0000000001,30,2020,0
10005,2020-05-12,2020-05-12,TC11,SPOT,LUMPSUM,667200.0,30,2020,0
10004,2020-05-13,2020-05-13,TC11,SPOT,LUMPSUM,524800.0,30,2020,0
10003,2020-05-14,2020-05-14,TC11,SPOT,LUMPSUM,470400.0,30,2020,0
10002,2020-05-15,2020-05-15,TC11,SPOT,LUMPSUM,424000.0,30,2020,0
10001,2020-05-18,2020-05-18,TC11,SPOT,LUMPSUM,406800.0,30,2020,0
10000,2020-05-19,2020-05-19,TC11,SPOT,LUMPSUM,383200.0,30,2020,0
9999,2020-05-20,2020-05-20,TC11,SPOT,LUMPSUM,374000.0,30,2020,0
9998,2020-05-21,2020-05-21,TC11,SPOT,LUMPSUM,357200.0,30,2020,0
9997,2020-05-22,2020-05-22,TC11,SPOT,LUMPSUM,349200.0,30,2020,0
9996,2020-05-26,2020-05-26,TC11,SPOT,LUMPSUM,347600.0,30,2020,0
9995,2020-05-27,2020-05-27,TC11,SPOT,LUMPSUM,343600.0,30,2020,0
9994,2020-05-28,2020-05-28,TC11,SPOT,LUMPSUM,338800.0,30,2020,0
9993,2020-05-29,2020-05-29,TC11,SPOT,LUMPSUM,336400.0,30,2020,0
9992,2020-06-01,2020-06-01,TC11,SPOT,LUMPSUM,336000.0,29,2020,0
9991,2020-06-02,2020-06-02,TC11,SPOT,LUMPSUM,327600.0,29,2020,0
9990,2020-06-03,2020-06-03,TC11,SPOT,LUMPSUM,324799.9999999999,29,2020,0
9989,2020-06-04,2020-06-04,TC11,SPOT,LUMPSUM,321599.9999999999,29,2020,0
9988,2020-06-05,2020-06-05,TC11,SPOT,LUMPSUM,316800.0,29,2020,0
9987,2020-06-08,2020-06-08,TC11,SPOT,LUMPSUM,315200.0,29,2020,0
9986,2020-06-09,2020-06-09,TC11,SPOT,LUMPSUM,312000.0,29,2020,0
9985,2020-06-10,2020-06-10,TC11,SPOT,LUMPSUM,309600.0,29,2020,0
9984,2020-06-11,2020-06-11,TC11,SPOT,LUMPSUM,308000.0,29,2020,0
9983,2020-06-12,2020-06-12,TC11,SPOT,LUMPSUM,308000.0,29,2020,0
9982,2020-06-15,2020-06-15,TC11,SPOT,LUMPSUM,291200.0,29,2020,0
9981,2020-06-16,2020-06-16,TC11,SPOT,LUMPSUM,289200.0,29,2020,0
9980,2020-06-17,2020-06-17,TC11,SPOT,LUMPSUM,284800.0,29,2020,0
9979,2020-06-18,2020-06-18,TC11,SPOT,LUMPSUM,284000.0,29,2020,0
9978,2020-06-19,2020-06-19,TC11,SPOT,LUMPSUM,282400.0,29,2020,0
9977,2020-06-22,2020-06-22,TC11,SPOT,LUMPSUM,282400.0,29,2020,0
9976,2020-06-23,2020-06-23,TC11,SPOT,LUMPSUM,280000.0,29,2020,0
9975,2020-06-24,2020-06-24,TC11,SPOT,LUMPSUM,279200.0,29,2020,0
9974,2020-06-25,2020-06-25,TC11,SPOT,LUMPSUM,277600.0,29,2020,0
9973,2020-06-26,2020-06-26,TC11,SPOT,LUMPSUM,274400.0,29,2020,0
9972,2020-06-29,2020-06-29,TC11,SPOT,LUMPSUM,270800.0,29,2020,0
9971,2020-06-30,2020-06-30,TC11,SPOT,LUMPSUM,267600.0,29,2020,0
9970,2020-07-01,2020-07-01,TC11,SPOT,LUMPSUM,264800.0,30,2020,0
9969,2020-07-02,2020-07-02,TC11,SPOT,LUMPSUM,260400.0,30,2020,0
9968,2020-07-03,2020-07-03,TC11,SPOT,LUMPSUM,255600.0,30,2020,0
9967,2020-07-06,2020-07-06,TC11,SPOT,LUMPSUM,254000.0,30,2020,0
9966,2020-07-07,2020-07-07,TC11,SPOT,LUMPSUM,250000.0,30,2020,0
9965,2020-07-08,2020-07-08,TC11,SPOT,LUMPSUM,243200.0,30,2020,0
9964,2020-07-09,2020-07-09,TC11,SPOT,LUMPSUM,237200.0,30,2020,0
9963,2020-07-13,2020-07-13,TC11,SPOT,LUMPSUM,230000.0,30,2020,0
9962,2020-07-14,2020-07-14,TC11,SPOT,LUMPSUM,224800.0,30,2020,0
9961,2020-07-15,2020-07-15,TC11,SPOT,LUMPSUM,224400.0,30,2020,0
9960,2020-07-16,2020-07-16,TC11,SPOT,LUMPSUM,221600.0,30,2020,0
9959,2020-07-17,2020-07-17,TC11,SPOT,LUMPSUM,222000.0,30,2020,0
9958,2020-07-20,2020-07-20,TC11,SPOT,LUMPSUM,222000.0,30,2020,0
9957,2020-07-21,2020-07-21,TC11,SPOT,LUMPSUM,229200.0,30,2020,0
9956,2020-07-22,2020-07-22,TC11,SPOT,LUMPSUM,240000.0,30,2020,0
9955,2020-07-23,2020-07-23,TC11,SPOT,LUMPSUM,245600.0,30,2020,0
9954,2020-07-24,2020-07-24,TC11,SPOT,LUMPSUM,255200.0,30,2020,0
9953,2020-07-27,2020-07-27,TC11,SPOT,LUMPSUM,263200.0,30,2020,0
9952,2020-07-28,2020-07-28,TC11,SPOT,LUMPSUM,276400.0,30,2020,0
9951,2020-07-29,2020-07-29,TC11,SPOT,LUMPSUM,281600.0,30,2020,0
9950,2020-07-30,2020-07-30,TC11,SPOT,LUMPSUM,286000.0,30,2020,0
9949,2020-08-03,2020-08-03,TC11,SPOT,LUMPSUM,289440.0,30,2020,0
9948,2020-08-04,2020-08-04,TC11,SPOT,LUMPSUM,289240.0,30,2020,0
9947,2020-08-05,2020-08-05,TC11,SPOT,LUMPSUM,283440.0,30,2020,0
9946,2020-08-06,2020-08-06,TC11,SPOT,LUMPSUM,279240.0,30,2020,0
9945,2020-08-07,2020-08-07,TC11,SPOT,LUMPSUM,277760.0,30,2020,0
9944,2020-08-11,2020-08-11,TC11,SPOT,LUMPSUM,274560.0,30,2020,0
9943,2020-08-12,2020-08-12,TC11,SPOT,LUMPSUM,273200.0,30,2020,0
9942,2020-08-13,2020-08-13,TC11,SPOT,LUMPSUM,276280.0,30,2020,0
9941,2020-08-14,2020-08-14,TC11,SPOT,LUMPSUM,279880.0,30,2020,0
9940,2020-08-17,2020-08-17,TC11,SPOT,LUMPSUM,284520.0,30,2020,0
9939,2020-08-18,2020-08-18,TC11,SPOT,LUMPSUM,289120.0,30,2020,0
9938,2020-08-19,2020-08-19,TC11,SPOT,LUMPSUM,295360.0,30,2020,0
9937,2020-08-20,2020-08-20,TC11,SPOT,LUMPSUM,299880.0,30,2020,0
9936,2020-08-21,2020-08-21,TC11,SPOT,LUMPSUM,299760.0,30,2020,0
9935,2020-08-24,2020-08-24,TC11,SPOT,LUMPSUM,335240.0,30,2020,0
9934,2020-08-25,2020-08-25,TC11,SPOT,LUMPSUM,353120.0,30,2020,0
9933,2020-08-26,2020-08-26,TC11,SPOT,LUMPSUM,350920.0,30,2020,0
9932,2020-08-27,2020-08-27,TC11,SPOT,LUMPSUM,342120.0000000001,30,2020,0
9931,2020-08-28,2020-08-28,TC11,SPOT,LUMPSUM,329360.0,30,2020,0
9930,2020-08-31,2020-08-31,TC11,SPOT,LUMPSUM,317520.0,30,2020,0
9929,2020-09-01,2020-09-01,TC11,SPOT,LUMPSUM,314000.0,29,2020,0
9928,2020-09-02,2020-09-02,TC11,SPOT,LUMPSUM,310120.0,29,2020,0
9927,2020-09-03,2020-09-03,TC11,SPOT,LUMPSUM,306240.0,29,2020,0
9926,2020-09-04,2020-09-04,TC11,SPOT,LUMPSUM,300760.0,29,2020,0
9925,2020-09-07,2020-09-07,TC11,SPOT,LUMPSUM,300000.0,29,2020,0
9924,2020-09-08,2020-09-08,TC11,SPOT,LUMPSUM,300000.0,29,2020,0
9923,2020-09-09,2020-09-09,TC11,SPOT,LUMPSUM,296880.0,29,2020,0
9922,2020-09-10,2020-09-10,TC11,SPOT,LUMPSUM,295120.0,29,2020,0
9921,2020-09-11,2020-09-11,TC11,SPOT,LUMPSUM,283880.0,29,2020,0
9920,2020-09-14,2020-09-14,TC11,SPOT,LUMPSUM,277520.0,29,2020,0
9919,2020-09-15,2020-09-15,TC11,SPOT,LUMPSUM,275360.0,29,2020,0
9918,2020-09-16,2020-09-16,TC11,SPOT,LUMPSUM,270720.0,29,2020,0
9917,2020-09-17,2020-09-17,TC11,SPOT,LUMPSUM,262760.0,29,2020,0
9916,2020-09-18,2020-09-18,TC11,SPOT,LUMPSUM,256640.0,29,2020,0
9915,2020-09-21,2020-09-21,TC11,SPOT,LUMPSUM,252000.0,29,2020,0
9914,2020-09-22,2020-09-22,TC11,SPOT,LUMPSUM,254000.0,29,2020,0
9913,2020-09-23,2020-09-23,TC11,SPOT,LUMPSUM,258520.0,29,2020,0
9912,2020-09-24,2020-09-24,TC11,SPOT,LUMPSUM,268000.0,29,2020,0
9911,2020-09-25,2020-09-25,TC11,SPOT,LUMPSUM,273760.0,29,2020,0
9910,2020-09-28,2020-09-28,TC11,SPOT,LUMPSUM,276000.0,29,2020,0
9909,2020-09-29,2020-09-29,TC11,SPOT,LUMPSUM,280880.0,29,2020,0
9908,2020-09-30,2020-09-30,TC11,SPOT,LUMPSUM,282120.0,29,2020,0
9907,2020-10-01,2020-10-01,TC11,SPOT,LUMPSUM,275240.0,30,2020,0
9906,2020-10-02,2020-10-02,TC11,SPOT,LUMPSUM,269240.0,30,2020,0
9905,2020-10-05,2020-10-05,TC11,SPOT,LUMPSUM,262880.0,30,2020,0
9904,2020-10-06,2020-10-06,TC11,SPOT,LUMPSUM,260240.0,30,2020,0
9903,2020-10-07,2020-10-07,TC11,SPOT,LUMPSUM,261240.0,30,2020,0
9902,2020-10-08,2020-10-08,TC11,SPOT,LUMPSUM,267360.0,30,2020,0
9901,2020-10-09,2020-10-09,TC11,SPOT,LUMPSUM,270360.0,30,2020,0
9900,2020-10-12,2020-10-12,TC11,SPOT,LUMPSUM,281240.0,30,2020,0
9899,2020-10-13,2020-10-13,TC11,SPOT,LUMPSUM,287520.0,30,2020,0
9898,2020-10-14,2020-10-14,TC11,SPOT,LUMPSUM,305000.0,30,2020,0
9897,2020-10-15,2020-10-15,TC11,SPOT,LUMPSUM,323240.0,30,2020,0
9896,2020-10-16,2020-10-16,TC11,SPOT,LUMPSUM,331880.0,30,2020,0
9895,2020-10-19,2020-10-19,TC11,SPOT,LUMPSUM,333760.0,30,2020,0
9894,2020-10-20,2020-10-20,TC11,SPOT,LUMPSUM,336360.0,30,2020,0
9893,2020-10-21,2020-10-21,TC11,SPOT,LUMPSUM,338240.0,30,2020,0
9892,2020-10-22,2020-10-22,TC11,SPOT,LUMPSUM,339640.0,30,2020,0
9891,2020-10-23,2020-10-23,TC11,SPOT,LUMPSUM,334640.0,30,2020,0
9890,2020-10-26,2020-10-26,TC11,SPOT,LUMPSUM,331360.0,30,2020,0
9889,2020-10-27,2020-10-27,TC11,SPOT,LUMPSUM,324360.0,30,2020,0
9888,2020-10-28,2020-10-28,TC11,SPOT,LUMPSUM,314360.0,30,2020,0
9887,2020-10-29,2020-10-29,TC11,SPOT,LUMPSUM,302760.0,30,2020,0
9886,2020-10-30,2020-10-30,TC11,SPOT,LUMPSUM,294360.0,30,2020,0
9885,2020-11-02,2020-11-02,TC11,SPOT,LUMPSUM,291000.0,29,2020,0
9884,2020-11-03,2020-11-03,TC11,SPOT,LUMPSUM,285000.0,29,2020,0
9883,2020-11-04,2020-11-04,TC11,SPOT,LUMPSUM,274880.0,29,2020,0
9882,2020-11-05,2020-11-05,TC11,SPOT,LUMPSUM,266000.0,29,2020,0
9881,2020-11-06,2020-11-06,TC11,SPOT,LUMPSUM,261240.0,29,2020,0
9880,2020-11-09,2020-11-09,TC11,SPOT,LUMPSUM,261120.0,29,2020,0
9879,2020-11-10,2020-11-10,TC11,SPOT,LUMPSUM,261520.0,29,2020,0
9878,2020-11-11,2020-11-11,TC11,SPOT,LUMPSUM,261880.0,29,2020,0
9877,2020-11-12,2020-11-12,TC11,SPOT,LUMPSUM,261640.0,29,2020,0
9876,2020-11-13,2020-11-13,TC11,SPOT,LUMPSUM,261120.0,29,2020,0
9875,2020-11-16,2020-11-16,TC11,SPOT,LUMPSUM,258880.0,29,2020,0
9874,2020-11-17,2020-11-17,TC11,SPOT,LUMPSUM,257360.0,29,2020,0
9873,2020-11-18,2020-11-18,TC11,SPOT,LUMPSUM,258840.0,29,2020,0
9872,2020-11-19,2020-11-19,TC11,SPOT,LUMPSUM,261120.0,29,2020,0
9871,2020-11-20,2020-11-20,TC11,SPOT,LUMPSUM,261520.0,29,2020,0
9870,2020-11-23,2020-11-23,TC11,SPOT,LUMPSUM,263640.0,29,2020,0
9869,2020-11-24,2020-11-24,TC11,SPOT,LUMPSUM,286880.0,29,2020,0
9868,2020-11-25,2020-11-25,TC11,SPOT,LUMPSUM,288760.0,29,2020,0
9867,2020-11-26,2020-11-26,TC11,SPOT,LUMPSUM,295640.0,29,2020,0
9866,2020-11-27,2020-11-27,TC11,SPOT,LUMPSUM,323519.9999999999,29,2020,0
9865,2020-11-30,2020-11-30,TC11,SPOT,LUMPSUM,344000.0,29,2020,0
9864,2020-12-01,2020-12-01,TC11,SPOT,LUMPSUM,347000.0,30,2020,0
9863,2020-12-02,2020-12-02,TC11,SPOT,LUMPSUM,359760.0,30,2020,0
9862,2020-12-03,2020-12-03,TC11,SPOT,LUMPSUM,369360.0,30,2020,0
9861,2020-12-04,2020-12-04,TC11,SPOT,LUMPSUM,373760.0,30,2020,0
9860,2020-12-07,2020-12-07,TC11,SPOT,LUMPSUM,379000.0,30,2020,0
9859,2020-12-08,2020-12-08,TC11,SPOT,LUMPSUM,383640.0,30,2020,0
9858,2020-12-09,2020-12-09,TC11,SPOT,LUMPSUM,388520.0,30,2020,0
9857,2020-12-10,2020-12-10,TC11,SPOT,LUMPSUM,391120.0,30,2020,0
9856,2020-12-11,2020-12-11,TC11,SPOT,LUMPSUM,392880.0,30,2020,0
9855,2020-12-14,2020-12-14,TC11,SPOT,LUMPSUM,394520.0,30,2020,0
9854,2020-12-15,2020-12-15,TC11,SPOT,LUMPSUM,403880.0,30,2020,0
9853,2020-12-16,2020-12-16,TC11,SPOT,LUMPSUM,418120.0,30,2020,0
9852,2020-12-17,2020-12-17,TC11,SPOT,LUMPSUM,426640.0,30,2020,0
9851,2020-12-18,2020-12-18,TC11,SPOT,LUMPSUM,430520.0,30,2020,0
9850,2020-12-21,2020-12-21,TC11,SPOT,LUMPSUM,431520.0,30,2020,0
9849,2020-12-22,2020-12-22,TC11,SPOT,LUMPSUM,422520.0,30,2020,0
9848,2020-12-23,2020-12-23,TC11,SPOT,LUMPSUM,412520.0,30,2020,0
9847,2020-12-24,2020-12-24,TC11,SPOT,LUMPSUM,405520.0,30,2020,0
9846,2021-01-04,2021-01-04,TC11,SPOT,LUMPSUM,382120.0000000001,30,2021,0
9845,2021-01-05,2021-01-05,TC11,SPOT,LUMPSUM,372880.0,30,2021,0
9844,2021-01-06,2021-01-06,TC11,SPOT,LUMPSUM,335640.0,30,2021,0
9843,2021-01-07,2021-01-07,TC11,SPOT,LUMPSUM,324520.0,30,2021,0
9842,2021-01-08,2021-01-08,TC11,SPOT,LUMPSUM,314640.0,30,2021,0
9841,2021-01-11,2021-01-11,TC11,SPOT,LUMPSUM,309880.0,30,2021,0
9840,2021-01-12,2021-01-12,TC11,SPOT,LUMPSUM,308120.0,30,2021,0
9839,2021-01-13,2021-01-13,TC11,SPOT,LUMPSUM,293120.0,30,2021,0
9838,2021-01-14,2021-01-14,TC11,SPOT,LUMPSUM,286000.0,30,2021,0
9837,2021-01-15,2021-01-15,TC11,SPOT,LUMPSUM,284240.0,30,2021,0
9836,2021-01-18,2021-01-18,TC11,SPOT,LUMPSUM,292520.0,30,2021,0
9835,2021-01-19,2021-01-19,TC11,SPOT,LUMPSUM,300640.0,30,2021,0
9834,2021-01-20,2021-01-20,TC11,SPOT,LUMPSUM,304240.0,30,2021,0
9833,2021-01-21,2021-01-21,TC11,SPOT,LUMPSUM,304520.0,30,2021,0
9832,2021-01-22,2021-01-22,TC11,SPOT,LUMPSUM,301760.0,30,2021,0
9831,2021-01-25,2021-01-25,TC11,SPOT,LUMPSUM,300360.0,30,2021,0
9830,2021-01-26,2021-01-26,TC11,SPOT,LUMPSUM,297640.0,30,2021,0
9829,2021-01-27,2021-01-27,TC11,SPOT,LUMPSUM,294760.0,30,2021,0
9828,2021-01-28,2021-01-28,TC11,SPOT,LUMPSUM,292360.0,30,2021,0
9827,2021-01-29,2021-01-29,TC11,SPOT,LUMPSUM,288760.0,30,2021,0
9826,2021-02-01,2021-02-01,TC11,SPOT,LUMPSUM,281640.0,27,2021,0
9825,2021-02-02,2021-02-02,TC11,SPOT,LUMPSUM,276880.0,27,2021,0
9824,2021-02-03,2021-02-03,TC11,SPOT,LUMPSUM,270880.0,27,2021,0
9823,2021-02-04,2021-02-04,TC11,SPOT,LUMPSUM,261880.0,27,2021,0
9822,2021-02-05,2021-02-05,TC11,SPOT,LUMPSUM,256240.0,27,2021,0
9821,2021-02-08,2021-02-08,TC11,SPOT,LUMPSUM,251240.0,27,2021,0
9820,2021-02-09,2021-02-09,TC11,SPOT,LUMPSUM,245000.0,27,2021,0
9819,2021-02-10,2021-02-10,TC11,SPOT,LUMPSUM,243120.0,27,2021,0
9818,2021-02-11,2021-02-11,TC11,SPOT,LUMPSUM,242520.0,27,2021,0
9817,2021-02-15,2021-02-15,TC11,SPOT,LUMPSUM,239360.0,27,2021,0
9816,2021-02-16,2021-02-16,TC11,SPOT,LUMPSUM,240000.0,27,2021,0
9815,2021-02-17,2021-02-17,TC11,SPOT,LUMPSUM,246880.0,27,2021,0
9814,2021-02-18,2021-02-18,TC11,SPOT,LUMPSUM,262520.0,27,2021,0
9813,2021-02-19,2021-02-19,TC11,SPOT,LUMPSUM,278880.0,27,2021,0
9812,2021-02-22,2021-02-22,TC11,SPOT,LUMPSUM,310640.0,27,2021,0
9811,2021-02-23,2021-02-23,TC11,SPOT,LUMPSUM,336880.0,27,2021,0
9810,2021-02-24,2021-02-24,TC11,SPOT,LUMPSUM,371880.0,27,2021,0
9809,2021-02-25,2021-02-25,TC11,SPOT,LUMPSUM,386760.0,27,2021,0
9808,2021-02-26,2021-02-26,TC11,SPOT,LUMPSUM,379000.0,27,2021,0
9807,2021-03-01,2021-03-01,TC11,SPOT,LUMPSUM,378760.0,30,2021,0
9806,2021-03-02,2021-03-02,TC11,SPOT,LUMPSUM,384520.0,30,2021,0
9805,2021-03-03,2021-03-03,TC11,SPOT,LUMPSUM,392360.0,30,2021,0
9804,2021-03-04,2021-03-04,TC11,SPOT,LUMPSUM,400880.0,30,2021,0
9803,2021-03-05,2021-03-05,TC11,SPOT,LUMPSUM,404360.0,30,2021,0
9802,2021-03-08,2021-03-08,TC11,SPOT,LUMPSUM,406760.0,30,2021,0
9801,2021-03-09,2021-03-09,TC11,SPOT,LUMPSUM,405760.0,30,2021,0
9800,2021-03-10,2021-03-10,TC11,SPOT,LUMPSUM,405760.0,30,2021,0
9799,2021-03-11,2021-03-11,TC11,SPOT,LUMPSUM,410360.0,30,2021,0
9798,2021-03-12,2021-03-12,TC11,SPOT,LUMPSUM,410640.0,30,2021,0
9797,2021-03-15,2021-03-15,TC11,SPOT,LUMPSUM,408760.0,30,2021,0
9796,2021-03-16,2021-03-16,TC11,SPOT,LUMPSUM,403520.0,30,2021,0
9795,2021-03-17,2021-03-17,TC11,SPOT,LUMPSUM,399520.0,30,2021,0
9794,2021-03-18,2021-03-18,TC11,SPOT,LUMPSUM,395640.0,30,2021,0
9793,2021-03-19,2021-03-19,TC11,SPOT,LUMPSUM,395000.0,30,2021,0
9792,2021-03-22,2021-03-22,TC11,SPOT,LUMPSUM,392360.0,30,2021,0
9791,2021-03-23,2021-03-23,TC11,SPOT,LUMPSUM,392360.0,30,2021,0
9790,2021-03-24,2021-03-24,TC11,SPOT,LUMPSUM,392360.0,30,2021,0
9789,2021-03-25,2021-03-25,TC11,SPOT,LUMPSUM,391120.0,30,2021,0
9788,2021-03-26,2021-03-26,TC11,SPOT,LUMPSUM,390640.0,30,2021,0
9787,2021-03-29,2021-03-29,TC11,SPOT,LUMPSUM,391880.0,30,2021,0
9786,2021-03-30,2021-03-30,TC11,SPOT,LUMPSUM,390240.0,30,2021,0
9785,2021-03-31,2021-03-31,TC11,SPOT,LUMPSUM,386880.0,30,2021,0
9784,2021-04-01,2021-04-01,TC11,SPOT,LUMPSUM,382760.0000000001,29,2021,0
9783,2021-04-05,2021-04-05,TC11,SPOT,LUMPSUM,381640.0,29,2021,0
9782,2021-04-06,2021-04-06,TC11,SPOT,LUMPSUM,381120.0,29,2021,0
9781,2021-04-07,2021-04-07,TC11,SPOT,LUMPSUM,383000.0,29,2021,0
9780,2021-04-08,2021-04-08,TC11,SPOT,LUMPSUM,388360.0,29,2021,0
9779,2021-04-09,2021-04-09,TC11,SPOT,LUMPSUM,393760.0,29,2021,0
9778,2021-04-12,2021-04-12,TC11,SPOT,LUMPSUM,399240.0,29,2021,0
9777,2021-04-13,2021-04-13,TC11,SPOT,LUMPSUM,409360.0,29,2021,0
9776,2021-04-14,2021-04-14,TC11,SPOT,LUMPSUM,415000.0,29,2021,0
9775,2021-04-15,2021-04-15,TC11,SPOT,LUMPSUM,418760.0,29,2021,0
9774,2021-04-16,2021-04-16,TC11,SPOT,LUMPSUM,418520.0,29,2021,0
9773,2021-04-19,2021-04-19,TC11,SPOT,LUMPSUM,418520.0,29,2021,0
9772,2021-04-20,2021-04-20,TC11,SPOT,LUMPSUM,420240.0,29,2021,0
9771,2021-04-21,2021-04-21,TC11,SPOT,LUMPSUM,418240.0,29,2021,0
9770,2021-04-22,2021-04-22,TC11,SPOT,LUMPSUM,413640.0,29,2021,0
9769,2021-04-23,2021-04-23,TC11,SPOT,LUMPSUM,408640.0,29,2021,0
9768,2021-04-26,2021-04-26,TC11,SPOT,LUMPSUM,402000.0,29,2021,0
9767,2021-04-27,2021-04-27,TC11,SPOT,LUMPSUM,391880.0,29,2021,0
9766,2021-04-28,2021-04-28,TC11,SPOT,LUMPSUM,388520.0,29,2021,0
9765,2021-04-29,2021-04-29,TC11,SPOT,LUMPSUM,378240.0,29,2021,0
9764,2021-04-30,2021-04-30,TC11,SPOT,LUMPSUM,375360.0,29,2021,0
9763,2021-05-03,2021-05-03,TC11,SPOT,LUMPSUM,366240.0,30,2021,0
9762,2021-05-04,2021-05-04,TC11,SPOT,LUMPSUM,361520.0,30,2021,0
9761,2021-05-05,2021-05-05,TC11,SPOT,LUMPSUM,357520.0,30,2021,0
9760,2021-05-06,2021-05-06,TC11,SPOT,LUMPSUM,354000.0,30,2021,0
9759,2021-05-07,2021-05-07,TC11,SPOT,LUMPSUM,353000.0,30,2021,0
9758,2021-05-10,2021-05-10,TC11,SPOT,LUMPSUM,352120.0000000001,30,2021,0
9757,2021-05-11,2021-05-11,TC11,SPOT,LUMPSUM,352000.0,30,2021,0
9756,2021-05-12,2021-05-12,TC11,SPOT,LUMPSUM,349520.0,30,2021,0
9755,2021-05-14,2021-05-14,TC11,SPOT,LUMPSUM,348760.0,30,2021,0
9754,2021-05-17,2021-05-17,TC11,SPOT,LUMPSUM,348000.0,30,2021,0
9753,2021-05-18,2021-05-18,TC11,SPOT,LUMPSUM,345360.0,30,2021,0
9752,2021-05-19,2021-05-19,TC11,SPOT,LUMPSUM,344760.0,30,2021,0
9751,2021-05-20,2021-05-20,TC11,SPOT,LUMPSUM,346240.0,30,2021,0
9750,2021-05-21,2021-05-21,TC11,SPOT,LUMPSUM,350640.0,30,2021,0
9749,2021-05-24,2021-05-24,TC11,SPOT,LUMPSUM,355240.0,30,2021,0
9748,2021-05-25,2021-05-25,TC11,SPOT,LUMPSUM,358120.0,30,2021,0
9747,2021-05-27,2021-05-27,TC11,SPOT,LUMPSUM,358120.0,30,2021,0
9746,2021-05-28,2021-05-28,TC11,SPOT,LUMPSUM,353120.0,30,2021,0
9745,2021-05-31,2021-05-31,TC11,SPOT,LUMPSUM,347760.0000000001,30,2021,0
9744,2021-06-01,2021-06-01,TC11,SPOT,LUMPSUM,340520.0,29,2021,0
9743,2021-06-02,2021-06-02,TC11,SPOT,LUMPSUM,333120.0,29,2021,0
9742,2021-06-03,2021-06-03,TC11,SPOT,LUMPSUM,324880.0,29,2021,0
9741,2021-06-04,2021-06-04,TC11,SPOT,LUMPSUM,317240.0,29,2021,0
9740,2021-06-07,2021-06-07,TC11,SPOT,LUMPSUM,312240.0,29,2021,0
9739,2021-06-08,2021-06-08,TC11,SPOT,LUMPSUM,309240.0,29,2021,0
9738,2021-06-09,2021-06-09,TC11,SPOT,LUMPSUM,301640.0,29,2021,0
9737,2021-06-10,2021-06-10,TC11,SPOT,LUMPSUM,283760.0,29,2021,0
9736,2021-06-11,2021-06-11,TC11,SPOT,LUMPSUM,279360.0,29,2021,0
9735,2021-06-14,2021-06-14,TC11,SPOT,LUMPSUM,276000.0,29,2021,0
9734,2021-06-15,2021-06-15,TC11,SPOT,LUMPSUM,269000.0,29,2021,0
9733,2021-06-16,2021-06-16,TC11,SPOT,LUMPSUM,260880.0,29,2021,0
9732,2021-06-17,2021-06-17,TC11,SPOT,LUMPSUM,246000.0,29,2021,0
9731,2021-06-18,2021-06-18,TC11,SPOT,LUMPSUM,242000.0,29,2021,0
9730,2021-06-21,2021-06-21,TC11,SPOT,LUMPSUM,238760.0,29,2021,0
9729,2021-06-22,2021-06-22,TC11,SPOT,LUMPSUM,236240.0,29,2021,0
9728,2021-06-23,2021-06-23,TC11,SPOT,LUMPSUM,233360.0,29,2021,0
9727,2021-06-24,2021-06-24,TC11,SPOT,LUMPSUM,225640.0,29,2021,0
9726,2021-06-25,2021-06-25,TC11,SPOT,LUMPSUM,219360.0,29,2021,0
9725,2021-06-28,2021-06-28,TC11,SPOT,LUMPSUM,216120.0,29,2021,0
9724,2021-06-29,2021-06-29,TC11,SPOT,LUMPSUM,213240.0,29,2021,0
9723,2021-06-30,2021-06-30,TC11,SPOT,LUMPSUM,212760.0,29,2021,0
9722,2021-07-01,2021-07-01,TC11,SPOT,LUMPSUM,211240.0,30,2021,0
9721,2021-07-02,2021-07-02,TC11,SPOT,LUMPSUM,208880.0,30,2021,0
9720,2021-07-05,2021-07-05,TC11,SPOT,LUMPSUM,208880.0,30,2021,0
9719,2021-07-06,2021-07-06,TC11,SPOT,LUMPSUM,200360.0,30,2021,0
9718,2021-07-07,2021-07-07,TC11,SPOT,LUMPSUM,198120.0,30,2021,0
9717,2021-07-08,2021-07-08,TC11,SPOT,LUMPSUM,197240.0,30,2021,0
9716,2021-07-09,2021-07-09,TC11,SPOT,LUMPSUM,199000.0,30,2021,0
9715,2021-07-12,2021-07-12,TC11,SPOT,LUMPSUM,203360.0,30,2021,0
9714,2021-07-13,2021-07-13,TC11,SPOT,LUMPSUM,225000.0,30,2021,0
9713,2021-07-14,2021-07-14,TC11,SPOT,LUMPSUM,239520.0,30,2021,0
9712,2021-07-15,2021-07-15,TC11,SPOT,LUMPSUM,243120.0,30,2021,0
9711,2021-07-16,2021-07-16,TC11,SPOT,LUMPSUM,249000.0,30,2021,0
9710,2021-07-19,2021-07-19,TC11,SPOT,LUMPSUM,253640.0,30,2021,0
9709,2021-07-21,2021-07-21,TC11,SPOT,LUMPSUM,253640.0,30,2021,0
9708,2021-07-22,2021-07-22,TC11,SPOT,LUMPSUM,252240.0,30,2021,0
9707,2021-07-23,2021-07-23,TC11,SPOT,LUMPSUM,250880.0,30,2021,0
9706,2021-07-26,2021-07-26,TC11,SPOT,LUMPSUM,255240.0,30,2021,0
9705,2021-07-27,2021-07-27,TC11,SPOT,LUMPSUM,271240.0,30,2021,0
9704,2021-07-28,2021-07-28,TC11,SPOT,LUMPSUM,281520.0,30,2021,0
9703,2021-07-29,2021-07-29,TC11,SPOT,LUMPSUM,289000.0,30,2021,0
9702,2021-07-30,2021-07-30,TC11,SPOT,LUMPSUM,296240.0,30,2021,0
9701,2021-08-02,2021-08-02,TC11,SPOT,LUMPSUM,309360.0,30,2021,0
9700,2021-08-03,2021-08-03,TC11,SPOT,LUMPSUM,366240.0,30,2021,0
9699,2021-08-04,2021-08-04,TC11,SPOT,LUMPSUM,381880.0,30,2021,0
9698,2021-08-05,2021-08-05,TC11,SPOT,LUMPSUM,403120.0,30,2021,0
9697,2021-08-06,2021-08-06,TC11,SPOT,LUMPSUM,460000.0,30,2021,0
9696,2021-08-10,2021-08-10,TC11,SPOT,LUMPSUM,470000.0,30,2021,0
9695,2021-08-11,2021-08-11,TC11,SPOT,LUMPSUM,473760.0,30,2021,0
9694,2021-08-12,2021-08-12,TC11,SPOT,LUMPSUM,540640.0,30,2021,0
9693,2021-08-13,2021-08-13,TC11,SPOT,LUMPSUM,559360.0,30,2021,0
9692,2021-08-16,2021-08-16,TC11,SPOT,LUMPSUM,583120.0,30,2021,0
9691,2021-08-17,2021-08-17,TC11,SPOT,LUMPSUM,592760.0,30,2021,0
9690,2021-08-18,2021-08-18,TC11,SPOT,LUMPSUM,597120.0,30,2021,0
9689,2021-08-19,2021-08-19,TC11,SPOT,LUMPSUM,593360.0,30,2021,0
9688,2021-08-20,2021-08-20,TC11,SPOT,LUMPSUM,589000.0,30,2021,0
9687,2021-08-23,2021-08-23,TC11,SPOT,LUMPSUM,581880.0,30,2021,0
9686,2021-08-24,2021-08-24,TC11,SPOT,LUMPSUM,571240.0,30,2021,0
9685,2021-08-25,2021-08-25,TC11,SPOT,LUMPSUM,554360.0,30,2021,0
9684,2021-08-26,2021-08-26,TC11,SPOT,LUMPSUM,542520.0,30,2021,0
9683,2021-08-27,2021-08-27,TC11,SPOT,LUMPSUM,530360.0,30,2021,0
9682,2021-08-30,2021-08-30,TC11,SPOT,LUMPSUM,517240.0,30,2021,0
9681,2021-08-31,2021-08-31,TC11,SPOT,LUMPSUM,498520.0,30,2021,0
9680,2021-09-01,2021-09-01,TC11,SPOT,LUMPSUM,487000.0,29,2021,0
9679,2021-09-02,2021-09-02,TC11,SPOT,LUMPSUM,471520.0,29,2021,0
9678,2021-09-03,2021-09-03,TC11,SPOT,LUMPSUM,430000.0,29,2021,0
9677,2021-09-06,2021-09-06,TC11,SPOT,LUMPSUM,399360.0,29,2021,0
9676,2021-09-07,2021-09-07,TC11,SPOT,LUMPSUM,364360.0,29,2021,0
9675,2021-09-08,2021-09-08,TC11,SPOT,LUMPSUM,357879.9999999999,29,2021,0
9674,2021-09-09,2021-09-09,TC11,SPOT,LUMPSUM,355120.0,29,2021,0
9673,2021-09-10,2021-09-10,TC11,SPOT,LUMPSUM,341880.0,29,2021,0
9672,2021-09-13,2021-09-13,TC11,SPOT,LUMPSUM,334360.0,29,2021,0
9671,2021-09-14,2021-09-14,TC11,SPOT,LUMPSUM,333519.9999999999,29,2021,0
9670,2021-09-15,2021-09-15,TC11,SPOT,LUMPSUM,341640.0,29,2021,0
9669,2021-09-16,2021-09-16,TC11,SPOT,LUMPSUM,354120.0,29,2021,0
9668,2021-09-17,2021-09-17,TC11,SPOT,LUMPSUM,362520.0,29,2021,0
9667,2021-09-20,2021-09-20,TC11,SPOT,LUMPSUM,366240.0,29,2021,0
9666,2021-09-21,2021-09-21,TC11,SPOT,LUMPSUM,364520.0,29,2021,0
9665,2021-09-22,2021-09-22,TC11,SPOT,LUMPSUM,361120.0,29,2021,0
9664,2021-09-23,2021-09-23,TC11,SPOT,LUMPSUM,359240.0,29,2021,0
9663,2021-09-24,2021-09-24,TC11,SPOT,LUMPSUM,357000.0,29,2021,0
9662,2021-09-27,2021-09-27,TC11,SPOT,LUMPSUM,353760.0,29,2021,0
9661,2021-09-28,2021-09-28,TC11,SPOT,LUMPSUM,350000.0,29,2021,0
9660,2021-09-29,2021-09-29,TC11,SPOT,LUMPSUM,350000.0,29,2021,0
9659,2021-09-30,2021-09-30,TC11,SPOT,LUMPSUM,336000.0,29,2021,0
9658,2021-10-01,2021-10-01,TC11,SPOT,LUMPSUM,332360.0,30,2021,0
9657,2021-10-04,2021-10-04,TC11,SPOT,LUMPSUM,329000.0,30,2021,0
9656,2021-10-05,2021-10-05,TC11,SPOT,LUMPSUM,324640.0,30,2021,0
9655,2021-10-06,2021-10-06,TC11,SPOT,LUMPSUM,321240.0,30,2021,0
9654,2021-10-07,2021-10-07,TC11,SPOT,LUMPSUM,316880.0,30,2021,0
9653,2021-10-08,2021-10-08,TC11,SPOT,LUMPSUM,318760.0,30,2021,0
9652,2021-10-11,2021-10-11,TC11,SPOT,LUMPSUM,319760.0,30,2021,0
9651,2021-10-12,2021-10-12,TC11,SPOT,LUMPSUM,321760.0,30,2021,0
9650,2021-10-13,2021-10-13,TC11,SPOT,LUMPSUM,350000.0,30,2021,0
9649,2021-10-14,2021-10-14,TC11,SPOT,LUMPSUM,363120.0,30,2021,0
9648,2021-10-15,2021-10-15,TC11,SPOT,LUMPSUM,383760.0,30,2021,0
9647,2021-10-18,2021-10-18,TC11,SPOT,LUMPSUM,413760.0,30,2021,0
9646,2021-10-19,2021-10-19,TC11,SPOT,LUMPSUM,450000.0,30,2021,0
9645,2021-10-20,2021-10-20,TC11,SPOT,LUMPSUM,455000.0,30,2021,0
9644,2021-10-21,2021-10-21,TC11,SPOT,LUMPSUM,468760.0,30,2021,0
9643,2021-10-22,2021-10-22,TC11,SPOT,LUMPSUM,468640.0,30,2021,0
9642,2021-10-25,2021-10-25,TC11,SPOT,LUMPSUM,456120.0,30,2021,0
9641,2021-10-26,2021-10-26,TC11,SPOT,LUMPSUM,446520.0,30,2021,0
9640,2021-10-27,2021-10-27,TC11,SPOT,LUMPSUM,440760.0,30,2021,0
9639,2021-10-28,2021-10-28,TC11,SPOT,LUMPSUM,432520.0,30,2021,0
9638,2021-10-29,2021-10-29,TC11,SPOT,LUMPSUM,413760.0,30,2021,0
9637,2021-11-01,2021-11-01,TC11,SPOT,LUMPSUM,393760.0,29,2021,0
9636,2021-11-02,2021-11-02,TC11,SPOT,LUMPSUM,387760.0000000001,29,2021,0
9635,2021-11-03,2021-11-03,TC11,SPOT,LUMPSUM,380000.0,29,2021,0
9634,2021-11-05,2021-11-05,TC11,SPOT,LUMPSUM,376240.0,29,2021,0
9633,2021-11-08,2021-11-08,TC11,SPOT,LUMPSUM,372240.0,29,2021,0
9632,2021-11-09,2021-11-09,TC11,SPOT,LUMPSUM,371520.0,29,2021,0
9631,2021-11-10,2021-11-10,TC11,SPOT,LUMPSUM,366360.0,29,2021,0
9630,2021-11-11,2021-11-11,TC11,SPOT,LUMPSUM,362000.0,29,2021,0
9629,2021-11-12,2021-11-12,TC11,SPOT,LUMPSUM,359000.0,29,2021,0
9628,2021-11-15,2021-11-15,TC11,SPOT,LUMPSUM,356880.0,29,2021,0
9627,2021-11-16,2021-11-16,TC11,SPOT,LUMPSUM,359120.0,29,2021,0
9626,2021-11-17,2021-11-17,TC11,SPOT,LUMPSUM,360640.0,29,2021,0
9625,2021-11-18,2021-11-18,TC11,SPOT,LUMPSUM,363000.0,29,2021,0
9624,2021-11-19,2021-11-19,TC11,SPOT,LUMPSUM,361760.0,29,2021,0
9623,2021-11-22,2021-11-22,TC11,SPOT,LUMPSUM,362520.0,29,2021,0
9622,2021-11-23,2021-11-23,TC11,SPOT,LUMPSUM,362520.0,29,2021,0
9621,2021-11-24,2021-11-24,TC11,SPOT,LUMPSUM,363240.0,29,2021,0
9620,2021-11-25,2021-11-25,TC11,SPOT,LUMPSUM,364240.0,29,2021,0
9619,2021-11-26,2021-11-26,TC11,SPOT,LUMPSUM,365520.0,29,2021,0
9618,2021-11-29,2021-11-29,TC11,SPOT,LUMPSUM,369640.0,29,2021,0
9617,2021-11-30,2021-11-30,TC11,SPOT,LUMPSUM,370000.0,29,2021,0
9616,2021-12-01,2021-12-01,TC11,SPOT,LUMPSUM,371640.0,30,2021,0
9615,2021-12-02,2021-12-02,TC11,SPOT,LUMPSUM,375880.0,30,2021,0
9614,2021-12-03,2021-12-03,TC11,SPOT,LUMPSUM,376760.0,30,2021,0
9613,2021-12-06,2021-12-06,TC11,SPOT,LUMPSUM,381000.0,30,2021,0
9612,2021-12-07,2021-12-07,TC11,SPOT,LUMPSUM,392520.0,30,2021,0
9611,2021-12-08,2021-12-08,TC11,SPOT,LUMPSUM,401240.0,30,2021,0
9610,2021-12-09,2021-12-09,TC11,SPOT,LUMPSUM,427520.0,30,2021,0
9609,2021-12-10,2021-12-10,TC11,SPOT,LUMPSUM,500000.0,30,2021,0
9608,2021-12-13,2021-12-13,TC11,SPOT,LUMPSUM,501880.0,30,2021,0
9607,2021-12-14,2021-12-14,TC11,SPOT,LUMPSUM,590640.0,30,2021,0
9606,2021-12-15,2021-12-15,TC11,SPOT,LUMPSUM,631880.0,30,2021,0
9605,2021-12-16,2021-12-16,TC11,SPOT,LUMPSUM,623760.0,30,2021,0
9604,2021-12-17,2021-12-17,TC11,SPOT,LUMPSUM,597520.0,30,2021,0
9603,2021-12-20,2021-12-20,TC11,SPOT,LUMPSUM,588520.0,30,2021,0
9602,2021-12-21,2021-12-21,TC11,SPOT,LUMPSUM,585640.0,30,2021,0
9601,2021-12-22,2021-12-22,TC11,SPOT,LUMPSUM,582120.0,30,2021,0
9600,2021-12-23,2021-12-23,TC11,SPOT,LUMPSUM,577640.0,30,2021,0
9599,2021-12-24,2021-12-24,TC11,SPOT,LUMPSUM,574520.0,30,2021,0
9598,2022-01-03,2022-01-03,TC11,SPOT,LUMPSUM,552520.0,30,2022,0
9597,2022-01-04,2022-01-04,TC11,SPOT,LUMPSUM,543760.0,30,2022,0
9596,2022-01-05,2022-01-05,TC11,SPOT,LUMPSUM,536520.0,30,2022,0
9595,2022-01-06,2022-01-06,TC11,SPOT,LUMPSUM,532640.0,30,2022,0
9594,2022-01-07,2022-01-07,TC11,SPOT,LUMPSUM,518040.0,30,2022,0
9593,2022-01-10,2022-01-10,TC11,SPOT,LUMPSUM,506240.0,30,2022,0
9592,2022-01-11,2022-01-11,TC11,SPOT,LUMPSUM,491360.0,30,2022,0
9591,2022-01-12,2022-01-12,TC11,SPOT,LUMPSUM,458120.0,30,2022,0
9590,2022-01-13,2022-01-13,TC11,SPOT,LUMPSUM,440000.0,30,2022,0
9589,2022-01-14,2022-01-14,TC11,SPOT,LUMPSUM,430000.0,30,2022,0
9588,2022-01-17,2022-01-17,TC11,SPOT,LUMPSUM,418120.0,30,2022,0
9587,2022-01-18,2022-01-18,TC11,SPOT,LUMPSUM,406880.0,30,2022,0
9586,2022-01-19,2022-01-19,TC11,SPOT,LUMPSUM,398880.0,30,2022,0
9585,2022-01-20,2022-01-20,TC11,SPOT,LUMPSUM,397240.0,30,2022,0
9584,2022-01-21,2022-01-21,TC11,SPOT,LUMPSUM,392720.0,30,2022,0
9583,2022-01-24,2022-01-24,TC11,SPOT,LUMPSUM,387120.0000000001,30,2022,0
9582,2022-01-25,2022-01-25,TC11,SPOT,LUMPSUM,383120.0,30,2022,0
9581,2022-01-26,2022-01-26,TC11,SPOT,LUMPSUM,384240.0,30,2022,0
9580,2022-01-27,2022-01-27,TC11,SPOT,LUMPSUM,393520.0,30,2022,0
9579,2022-01-28,2022-01-28,TC11,SPOT,LUMPSUM,405880.0,30,2022,0
9578,2022-01-31,2022-01-31,TC11,SPOT,LUMPSUM,403120.0,30,2022,0
9577,2022-02-03,2022-02-03,TC11,SPOT,LUMPSUM,397520.0,27,2022,0
9576,2022-02-04,2022-02-04,TC11,SPOT,LUMPSUM,383520.0,27,2022,0
9575,2022-02-07,2022-02-07,TC11,SPOT,LUMPSUM,378760.0,27,2022,0
9574,2022-02-08,2022-02-08,TC11,SPOT,LUMPSUM,391240.0,27,2022,0
9573,2022-02-09,2022-02-09,TC11,SPOT,LUMPSUM,399240.0,27,2022,0
9572,2022-02-10,2022-02-10,TC11,SPOT,LUMPSUM,402000.0,27,2022,0
9571,2022-02-11,2022-02-11,TC11,SPOT,LUMPSUM,406240.0,27,2022,0
9570,2022-02-14,2022-02-14,TC11,SPOT,LUMPSUM,415000.0,27,2022,0
9569,2022-02-15,2022-02-15,TC11,SPOT,LUMPSUM,431240.0,27,2022,0
9568,2022-02-16,2022-02-16,TC11,SPOT,LUMPSUM,437640.0,27,2022,0
9567,2022-02-17,2022-02-17,TC11,SPOT,LUMPSUM,463760.0,27,2022,0
9566,2022-02-18,2022-02-18,TC11,SPOT,LUMPSUM,474360.0,27,2022,0
9565,2022-02-21,2022-02-21,TC11,SPOT,LUMPSUM,488760.0,27,2022,0
9564,2022-02-22,2022-02-22,TC11,SPOT,LUMPSUM,494360.0,27,2022,0
9563,2022-02-23,2022-02-23,TC11,SPOT,LUMPSUM,496760.0,27,2022,0
9562,2022-02-24,2022-02-24,TC11,SPOT,LUMPSUM,501640.0,27,2022,0
9561,2022-02-25,2022-02-25,TC11,SPOT,LUMPSUM,515880.0,27,2022,0
9560,2022-02-28,2022-02-28,TC11,SPOT,LUMPSUM,532640.0,27,2022,0
9559,2022-03-01,2022-03-01,TC11,SPOT,LUMPSUM,573760.0,30,2022,0
9558,2022-03-02,2022-03-02,TC11,SPOT,LUMPSUM,594360.0,30,2022,0
9557,2022-03-03,2022-03-03,TC11,SPOT,LUMPSUM,640639.9999999999,30,2022,0
9556,2022-03-04,2022-03-04,TC11,SPOT,LUMPSUM,668120.0,30,2022,0
9555,2022-03-07,2022-03-07,TC11,SPOT,LUMPSUM,685639.9999999999,30,2022,0
9554,2022-03-08,2022-03-08,TC11,SPOT,LUMPSUM,696760.0,30,2022,0
9553,2022-03-09,2022-03-09,TC11,SPOT,LUMPSUM,711640.0,30,2022,0
9552,2022-03-10,2022-03-10,TC11,SPOT,LUMPSUM,742520.0,30,2022,0
9551,2022-03-11,2022-03-11,TC11,SPOT,LUMPSUM,769360.0000000001,30,2022,0
9550,2022-03-14,2022-03-14,TC11,SPOT,LUMPSUM,787520.0,30,2022,0
9549,2022-03-15,2022-03-15,TC11,SPOT,LUMPSUM,810000.0,30,2022,0
9548,2022-03-16,2022-03-16,TC11,SPOT,LUMPSUM,806240.0,30,2022,0
9547,2022-03-17,2022-03-17,TC11,SPOT,LUMPSUM,799520.0,30,2022,0
9546,2022-03-18,2022-03-18,TC11,SPOT,LUMPSUM,780000.0,30,2022,0
9545,2022-03-21,2022-03-21,TC11,SPOT,LUMPSUM,768760.0,30,2022,0
9544,2022-03-22,2022-03-22,TC11,SPOT,LUMPSUM,755759.9999999999,30,2022,0
9543,2022-03-23,2022-03-23,TC11,SPOT,LUMPSUM,746240.0,30,2022,0
9542,2022-03-24,2022-03-24,TC11,SPOT,LUMPSUM,738760.0,30,2022,0
9541,2022-03-25,2022-03-25,TC11,SPOT,LUMPSUM,728000.0,30,2022,0
9540,2022-03-28,2022-03-28,TC11,SPOT,LUMPSUM,723640.0,30,2022,0
9539,2022-03-29,2022-03-29,TC11,SPOT,LUMPSUM,713520.0,30,2022,0
9538,2022-03-30,2022-03-30,TC11,SPOT,LUMPSUM,716880.0,30,2022,0
9537,2022-03-31,2022-03-31,TC11,SPOT,LUMPSUM,721520.0,30,2022,0
9536,2022-04-01,2022-04-01,TC11,SPOT,LUMPSUM,722880.0,29,2022,0
9535,2022-04-04,2022-04-04,TC11,SPOT,LUMPSUM,721880.0,29,2022,0
9534,2022-04-05,2022-04-05,TC11,SPOT,LUMPSUM,722760.0,29,2022,0
9533,2022-04-06,2022-04-06,TC11,SPOT,LUMPSUM,727120.0,29,2022,0
9532,2022-04-07,2022-04-07,TC11,SPOT,LUMPSUM,728240.0,29,2022,0
9531,2022-04-08,2022-04-08,TC11,SPOT,LUMPSUM,732000.0,29,2022,0
9530,2022-04-11,2022-04-11,TC11,SPOT,LUMPSUM,738120.0,29,2022,0
9529,2022-04-12,2022-04-12,TC11,SPOT,LUMPSUM,751760.0,29,2022,0
9528,2022-04-13,2022-04-13,TC11,SPOT,LUMPSUM,771360.0,29,2022,0
9527,2022-04-14,2022-04-14,TC11,SPOT,LUMPSUM,799520.0,29,2022,0
9526,2022-04-18,2022-04-18,TC11,SPOT,LUMPSUM,809360.0000000001,29,2022,0
9525,2022-04-19,2022-04-19,TC11,SPOT,LUMPSUM,835759.9999999999,29,2022,0
9524,2022-04-20,2022-04-20,TC11,SPOT,LUMPSUM,871240.0,29,2022,0
9523,2022-04-21,2022-04-21,TC11,SPOT,LUMPSUM,883760.0,29,2022,0
9522,2022-04-22,2022-04-22,TC11,SPOT,LUMPSUM,945640.0,29,2022,0
9521,2022-04-25,2022-04-25,TC11,SPOT,LUMPSUM,1124360.0,29,2022,0
9520,2022-04-26,2022-04-26,TC11,SPOT,LUMPSUM,1176240.0,29,2022,0
9519,2022-04-27,2022-04-27,TC11,SPOT,LUMPSUM,1211240.0,29,2022,0
9518,2022-04-28,2022-04-28,TC11,SPOT,LUMPSUM,1238760.0,29,2022,0
9517,2022-04-29,2022-04-29,TC11,SPOT,LUMPSUM,1272520.0,29,2022,0
9516,2022-05-04,2022-05-04,TC11,SPOT,LUMPSUM,1280640.0,30,2022,0
9515,2022-05-05,2022-05-05,TC11,SPOT,LUMPSUM,1270000.0,30,2022,0
9514,2022-05-06,2022-05-06,TC11,SPOT,LUMPSUM,1261240.0,30,2022,0
9513,2022-05-09,2022-05-09,TC11,SPOT,LUMPSUM,1123120.0,30,2022,0
9512,2022-05-10,2022-05-10,TC11,SPOT,LUMPSUM,1055640.0,30,2022,0
9511,2022-05-11,2022-05-11,TC11,SPOT,LUMPSUM,1000000.0,30,2022,0
9510,2022-05-12,2022-05-12,TC11,SPOT,LUMPSUM,957520.0,30,2022,0
9509,2022-05-13,2022-05-13,TC11,SPOT,LUMPSUM,928760.0,30,2022,0
9508,2022-05-17,2022-05-17,TC11,SPOT,LUMPSUM,861240.0,30,2022,0
9507,2022-05-18,2022-05-18,TC11,SPOT,LUMPSUM,791280.0,30,2022,0
9506,2022-05-19,2022-05-19,TC11,SPOT,LUMPSUM,742520.0,30,2022,0
9505,2022-05-20,2022-05-20,TC11,SPOT,LUMPSUM,704360.0000000001,30,2022,0
9504,2022-05-23,2022-05-23,TC11,SPOT,LUMPSUM,682520.0,30,2022,0
9503,2022-05-24,2022-05-24,TC11,SPOT,LUMPSUM,668120.0,30,2022,0
9502,2022-05-25,2022-05-25,TC11,SPOT,LUMPSUM,670759.9999999999,30,2022,0
9501,2022-05-26,2022-05-26,TC11,SPOT,LUMPSUM,686360.0,30,2022,0
9500,2022-05-27,2022-05-27,TC11,SPOT,LUMPSUM,711320.0,30,2022,0
9499,2022-05-30,2022-05-30,TC11,SPOT,LUMPSUM,753120.0,30,2022,0
9498,2022-05-31,2022-05-31,TC11,SPOT,LUMPSUM,836880.0,30,2022,0
9497,2022-06-01,2022-06-01,TC11,SPOT,LUMPSUM,874360.0000000001,29,2022,0
9496,2022-06-02,2022-06-02,TC11,SPOT,LUMPSUM,1005640.0,29,2022,0
9495,2022-06-03,2022-06-03,TC11,SPOT,LUMPSUM,1140000.0,29,2022,0
9494,2022-06-06,2022-06-06,TC11,SPOT,LUMPSUM,1285000.0,29,2022,0
9493,2022-06-07,2022-06-07,TC11,SPOT,LUMPSUM,1621240.0,29,2022,0
9492,2022-06-08,2022-06-08,TC11,SPOT,LUMPSUM,1699520.0,29,2022,0
9491,2022-06-09,2022-06-09,TC11,SPOT,LUMPSUM,1674240.0,29,2022,0
9490,2022-06-10,2022-06-10,TC11,SPOT,LUMPSUM,1671120.0,29,2022,0
9489,2022-06-13,2022-06-13,TC11,SPOT,LUMPSUM,1639360.0,29,2022,0
9488,2022-06-14,2022-06-14,TC11,SPOT,LUMPSUM,1659360.0,29,2022,0
9487,2022-06-15,2022-06-15,TC11,SPOT,LUMPSUM,1673760.0,29,2022,0
9486,2022-06-16,2022-06-16,TC11,SPOT,LUMPSUM,1686760.0,29,2022,0
9485,2022-06-17,2022-06-17,TC11,SPOT,LUMPSUM,1710640.0,29,2022,0
9484,2022-06-20,2022-06-20,TC11,SPOT,LUMPSUM,1730000.0,29,2022,0
9483,2022-06-21,2022-06-21,TC11,SPOT,LUMPSUM,1723760.0,29,2022,0
9482,2022-06-22,2022-06-22,TC11,SPOT,LUMPSUM,1703120.0,29,2022,0
9481,2022-06-23,2022-06-23,TC11,SPOT,LUMPSUM,1671240.0,29,2022,0
9480,2022-06-24,2022-06-24,TC11,SPOT,LUMPSUM,1650000.0,29,2022,0
9479,2022-06-27,2022-06-27,TC11,SPOT,LUMPSUM,1633120.0,29,2022,0
9478,2022-06-28,2022-06-28,TC11,SPOT,LUMPSUM,1600640.0,29,2022,0
9477,2022-06-29,2022-06-29,TC11,SPOT,LUMPSUM,1561240.0,29,2022,0
9476,2022-06-30,2022-06-30,TC11,SPOT,LUMPSUM,1521240.0,29,2022,0
9475,2022-07-01,2022-07-01,TC11,SPOT,LUMPSUM,1493760.0,30,2022,0
9474,2022-07-04,2022-07-04,TC11,SPOT,LUMPSUM,1465640.0,30,2022,0
9473,2022-07-05,2022-07-05,TC11,SPOT,LUMPSUM,1419240.0,30,2022,0
9472,2022-07-06,2022-07-06,TC11,SPOT,LUMPSUM,1393000.0,30,2022,0
9471,2022-07-07,2022-07-07,TC11,SPOT,LUMPSUM,1403120.0,30,2022,0
9470,2022-07-08,2022-07-08,TC11,SPOT,LUMPSUM,1426240.0,30,2022,0
9469,2022-07-12,2022-07-12,TC11,SPOT,LUMPSUM,1459360.0,30,2022,0
9468,2022-07-13,2022-07-13,TC11,SPOT,LUMPSUM,1475640.0,30,2022,0
9467,2022-07-14,2022-07-14,TC11,SPOT,LUMPSUM,1471240.0,30,2022,0
9466,2022-07-15,2022-07-15,TC11,SPOT,LUMPSUM,1476880.0,30,2022,0
9465,2022-07-18,2022-07-18,TC11,SPOT,LUMPSUM,1480000.0,30,2022,0
9464,2022-07-19,2022-07-19,TC11,SPOT,LUMPSUM,1461240.0,30,2022,0
9463,2022-07-20,2022-07-20,TC11,SPOT,LUMPSUM,1431120.0,30,2022,0
9462,2022-07-21,2022-07-21,TC11,SPOT,LUMPSUM,1383880.0,30,2022,0
9461,2022-07-22,2022-07-22,TC11,SPOT,LUMPSUM,1344360.0,30,2022,0
9460,2022-07-25,2022-07-25,TC11,SPOT,LUMPSUM,1315000.0,30,2022,0
9459,2022-07-26,2022-07-26,TC11,SPOT,LUMPSUM,1295000.0,30,2022,0
9458,2022-07-27,2022-07-27,TC11,SPOT,LUMPSUM,1275760.0,30,2022,0
9457,2022-07-28,2022-07-28,TC11,SPOT,LUMPSUM,1257520.0,30,2022,0
9456,2022-07-29,2022-07-29,TC11,SPOT,LUMPSUM,1236360.0,30,2022,0
9455,2022-08-01,2022-08-01,TC11,SPOT,LUMPSUM,1213760.0,30,2022,0
9454,2022-08-02,2022-08-02,TC11,SPOT,LUMPSUM,1191880.0,30,2022,0
9453,2022-08-03,2022-08-03,TC11,SPOT,LUMPSUM,1173880.0,30,2022,0
9452,2022-08-04,2022-08-04,TC11,SPOT,LUMPSUM,1166120.0,30,2022,0
9451,2022-08-05,2022-08-05,TC11,SPOT,LUMPSUM,1161240.0,30,2022,0
9450,2022-08-08,2022-08-08,TC11,SPOT,LUMPSUM,1157520.0,30,2022,0
9449,2022-08-10,2022-08-10,TC11,SPOT,LUMPSUM,1155000.0,30,2022,0
9448,2022-08-11,2022-08-11,TC11,SPOT,LUMPSUM,1147760.0,30,2022,0
9447,2022-08-12,2022-08-12,TC11,SPOT,LUMPSUM,1147120.0,30,2022,0
9446,2022-08-15,2022-08-15,TC11,SPOT,LUMPSUM,1134120.0,30,2022,0
9445,2022-08-16,2022-08-16,TC11,SPOT,LUMPSUM,1137520.0,30,2022,0
9444,2022-08-17,2022-08-17,TC11,SPOT,LUMPSUM,1151880.0,30,2022,0
9443,2022-08-18,2022-08-18,TC11,SPOT,LUMPSUM,1163760.0,30,2022,0
9442,2022-08-19,2022-08-19,TC11,SPOT,LUMPSUM,1170000.0,30,2022,0
9441,2022-08-22,2022-08-22,TC11,SPOT,LUMPSUM,1174520.0,30,2022,0
9440,2022-08-23,2022-08-23,TC11,SPOT,LUMPSUM,1166240.0,30,2022,0
9439,2022-08-24,2022-08-24,TC11,SPOT,LUMPSUM,1151880.0,30,2022,0
9438,2022-08-25,2022-08-25,TC11,SPOT,LUMPSUM,1154000.0,30,2022,0
9437,2022-08-26,2022-08-26,TC11,SPOT,LUMPSUM,1233760.0,30,2022,0
9436,2022-08-29,2022-08-29,TC11,SPOT,LUMPSUM,1250240.0,30,2022,0
9435,2022-08-30,2022-08-30,TC11,SPOT,LUMPSUM,1322520.0,30,2022,0
9434,2022-08-31,2022-08-31,TC11,SPOT,LUMPSUM,1334240.0,30,2022,0
9433,2022-09-01,2022-09-01,TC11,SPOT,LUMPSUM,1352880.0,29,2022,0
9432,2022-09-02,2022-09-02,TC11,SPOT,LUMPSUM,1368520.0,29,2022,0
9431,2022-09-05,2022-09-05,TC11,SPOT,LUMPSUM,1413760.0,29,2022,0
9430,2022-09-06,2022-09-06,TC11,SPOT,LUMPSUM,1430640.0,29,2022,0
9429,2022-09-07,2022-09-07,TC11,SPOT,LUMPSUM,1573120.0,29,2022,0
9428,2022-09-08,2022-09-08,TC11,SPOT,LUMPSUM,1594360.0,29,2022,0
9427,2022-09-09,2022-09-09,TC11,SPOT,LUMPSUM,1608240.0,29,2022,0
9426,2022-09-12,2022-09-12,TC11,SPOT,LUMPSUM,1623120.0,29,2022,0
9425,2022-09-13,2022-09-13,TC11,SPOT,LUMPSUM,1629360.0,29,2022,0
9424,2022-09-14,2022-09-14,TC11,SPOT,LUMPSUM,1667760.0,29,2022,0
9423,2022-09-15,2022-09-15,TC11,SPOT,LUMPSUM,1698120.0,29,2022,0
9422,2022-09-16,2022-09-16,TC11,SPOT,LUMPSUM,1878120.0,29,2022,0
9421,2022-09-19,2022-09-19,TC11,SPOT,LUMPSUM,1926880.0,29,2022,0
9420,2022-09-20,2022-09-20,TC11,SPOT,LUMPSUM,1934360.0,29,2022,0
9419,2022-09-21,2022-09-21,TC11,SPOT,LUMPSUM,1931880.0,29,2022,0
9418,2022-09-22,2022-09-22,TC11,SPOT,LUMPSUM,1916120.0,29,2022,0
9417,2022-09-23,2022-09-23,TC11,SPOT,LUMPSUM,1900640.0,29,2022,0
9416,2022-09-26,2022-09-26,TC11,SPOT,LUMPSUM,1879360.0,29,2022,0
9415,2022-09-27,2022-09-27,TC11,SPOT,LUMPSUM,1812760.0,29,2022,0
9414,2022-09-28,2022-09-28,TC11,SPOT,LUMPSUM,1693760.0,29,2022,0
9413,2022-09-29,2022-09-29,TC11,SPOT,LUMPSUM,1596240.0,29,2022,0
9412,2022-09-30,2022-09-30,TC11,SPOT,LUMPSUM,1535000.0,29,2022,0
9411,2022-10-03,2022-10-03,TC11,SPOT,LUMPSUM,1496360.0,30,2022,0
9410,2022-10-04,2022-10-04,TC11,SPOT,LUMPSUM,1453120.0,30,2022,0
9409,2022-10-05,2022-10-05,TC11,SPOT,LUMPSUM,1402000.0,30,2022,0
9408,2022-10-06,2022-10-06,TC11,SPOT,LUMPSUM,1345000.0,30,2022,0
9407,2022-10-07,2022-10-07,TC11,SPOT,LUMPSUM,1280000.0,30,2022,0
9406,2022-10-10,2022-10-10,TC11,SPOT,LUMPSUM,1184360.0,30,2022,0
9405,2022-10-11,2022-10-11,TC11,SPOT,LUMPSUM,1066520.0,30,2022,0
9404,2022-10-12,2022-10-12,TC11,SPOT,LUMPSUM,1070000.0,30,2022,0
9403,2022-10-13,2022-10-13,TC11,SPOT,LUMPSUM,1104000.0,30,2022,0
9402,2022-10-14,2022-10-14,TC11,SPOT,LUMPSUM,1131880.0,30,2022,0
9401,2022-10-17,2022-10-17,TC11,SPOT,LUMPSUM,1157520.0,30,2022,0
9400,2022-10-18,2022-10-18,TC11,SPOT,LUMPSUM,1143000.0,30,2022,0
9399,2022-10-19,2022-10-19,TC11,SPOT,LUMPSUM,1122760.0,30,2022,0
9398,2022-10-20,2022-10-20,TC11,SPOT,LUMPSUM,1095360.0,30,2022,0
9397,2022-10-21,2022-10-21,TC11,SPOT,LUMPSUM,1073760.0,30,2022,0
9396,2022-10-25,2022-10-25,TC11,SPOT,LUMPSUM,1031880.0,30,2022,0
9395,2022-10-26,2022-10-26,TC11,SPOT,LUMPSUM,1010000.0,30,2022,0
9394,2022-10-27,2022-10-27,TC11,SPOT,LUMPSUM,998120.0,30,2022,0
9393,2022-10-28,2022-10-28,TC11,SPOT,LUMPSUM,986120.0,30,2022,0
9392,2022-10-31,2022-10-31,TC11,SPOT,LUMPSUM,956240.0,30,2022,0
9391,2022-11-01,2022-11-01,TC11,SPOT,LUMPSUM,912520.0,29,2022,0
9390,2022-11-02,2022-11-02,TC11,SPOT,LUMPSUM,905000.0,29,2022,0
9389,2022-11-03,2022-11-03,TC11,SPOT,LUMPSUM,904360.0,29,2022,0
9388,2022-11-04,2022-11-04,TC11,SPOT,LUMPSUM,957640.0,29,2022,0
9387,2022-11-07,2022-11-07,TC11,SPOT,LUMPSUM,999640.0,29,2022,0
9386,2022-11-08,2022-11-08,TC11,SPOT,LUMPSUM,1023760.0,29,2022,0
9385,2022-11-09,2022-11-09,TC11,SPOT,LUMPSUM,1137520.0,29,2022,0
9384,2022-11-10,2022-11-10,TC11,SPOT,LUMPSUM,1176240.0,29,2022,0
9383,2022-11-11,2022-11-11,TC11,SPOT,LUMPSUM,1342520.0,29,2022,0
9382,2022-11-14,2022-11-14,TC11,SPOT,LUMPSUM,1408120.0,29,2022,0
9381,2022-11-15,2022-11-15,TC11,SPOT,LUMPSUM,1434640.0,29,2022,0
9380,2022-11-16,2022-11-16,TC11,SPOT,LUMPSUM,1455880.0,29,2022,0
9379,2022-11-17,2022-11-17,TC11,SPOT,LUMPSUM,1458760.0,29,2022,0
9378,2022-11-18,2022-11-18,TC11,SPOT,LUMPSUM,1458120.0,29,2022,0
9377,2022-11-21,2022-11-21,TC11,SPOT,LUMPSUM,1480000.0,29,2022,0
9376,2022-11-22,2022-11-22,TC11,SPOT,LUMPSUM,1500000.0,29,2022,0
9375,2022-11-23,2022-11-23,TC11,SPOT,LUMPSUM,1557520.0,29,2022,0
9374,2022-11-24,2022-11-24,TC11,SPOT,LUMPSUM,1582520.0,29,2022,0
9373,2022-11-25,2022-11-25,TC11,SPOT,LUMPSUM,1608760.0,29,2022,0
9372,2022-11-28,2022-11-28,TC11,SPOT,LUMPSUM,1639360.0,29,2022,0
9371,2022-11-29,2022-11-29,TC11,SPOT,LUMPSUM,1675000.0,29,2022,0
9370,2022-11-30,2022-11-30,TC11,SPOT,LUMPSUM,1735000.0,29,2022,0
9369,2022-12-01,2022-12-01,TC11,SPOT,LUMPSUM,1778520.0,30,2022,0
9368,2022-12-02,2022-12-02,TC11,SPOT,LUMPSUM,1802120.0,30,2022,0
9367,2022-12-05,2022-12-05,TC11,SPOT,LUMPSUM,1822520.0,30,2022,0
9366,2022-12-06,2022-12-06,TC11,SPOT,LUMPSUM,1821640.0,30,2022,0
9365,2022-12-07,2022-12-07,TC11,SPOT,LUMPSUM,1695640.0,30,2022,0
9364,2022-12-08,2022-12-08,TC11,SPOT,LUMPSUM,1641240.0,30,2022,0
9363,2022-12-09,2022-12-09,TC11,SPOT,LUMPSUM,1630000.0,30,2022,0
9362,2022-12-12,2022-12-12,TC11,SPOT,LUMPSUM,1620000.0,30,2022,0
9361,2022-12-13,2022-12-13,TC11,SPOT,LUMPSUM,1558360.0,30,2022,0
9360,2022-12-14,2022-12-14,TC11,SPOT,LUMPSUM,1509640.0,30,2022,0
9359,2022-12-15,2022-12-15,TC11,SPOT,LUMPSUM,1491000.0,30,2022,0
9358,2022-12-16,2022-12-16,TC11,SPOT,LUMPSUM,1467120.0,30,2022,0
9357,2022-12-19,2022-12-19,TC11,SPOT,LUMPSUM,1478000.0,30,2022,0
9356,2022-12-20,2022-12-20,TC11,SPOT,LUMPSUM,1458000.0,30,2022,0
9355,2022-12-21,2022-12-21,TC11,SPOT,LUMPSUM,1441240.0,30,2022,0
9354,2022-12-22,2022-12-22,TC11,SPOT,LUMPSUM,1398760.0,30,2022,0
9353,2022-12-23,2022-12-23,TC11,SPOT,LUMPSUM,1355000.0,30,2022,0
9352,2023-01-03,2023-01-03,TC11,SPOT,LUMPSUM,1154360.0,30,2023,0
9351,2023-01-04,2023-01-04,TC11,SPOT,LUMPSUM,1126120.0,30,2023,0
9350,2023-01-05,2023-01-05,TC11,SPOT,LUMPSUM,1066240.0,30,2023,0
9349,2023-01-06,2023-01-06,TC11,SPOT,LUMPSUM,1037560.0,30,2023,0
9348,2023-01-09,2023-01-09,TC11,SPOT,LUMPSUM,1028240.0,30,2023,0
9347,2023-01-10,2023-01-10,TC11,SPOT,LUMPSUM,1007360.0,30,2023,0
9346,2023-01-11,2023-01-11,TC11,SPOT,LUMPSUM,984360.0,30,2023,0
9345,2023-01-12,2023-01-12,TC11,SPOT,LUMPSUM,941880.0,30,2023,0
9344,2023-01-13,2023-01-13,TC11,SPOT,LUMPSUM,874240.0000000001,30,2023,0
9343,2023-01-16,2023-01-16,TC11,SPOT,LUMPSUM,849360.0000000001,30,2023,0
9342,2023-01-17,2023-01-17,TC11,SPOT,LUMPSUM,843240.0,30,2023,0
9341,2023-01-18,2023-01-18,TC11,SPOT,LUMPSUM,839240.0000000001,30,2023,0
9340,2023-01-19,2023-01-19,TC11,SPOT,LUMPSUM,828000.0,30,2023,0
9339,2023-01-20,2023-01-20,TC11,SPOT,LUMPSUM,823880.0,30,2023,0
9338,2023-01-23,2023-01-23,TC11,SPOT,LUMPSUM,823880.0,30,2023,0
9337,2023-01-24,2023-01-24,TC11,SPOT,LUMPSUM,823880.0,30,2023,0
9336,2023-01-25,2023-01-25,TC11,SPOT,LUMPSUM,818000.0,30,2023,0
9335,2023-01-26,2023-01-26,TC11,SPOT,LUMPSUM,807880.0,30,2023,0
9334,2023-01-27,2023-01-27,TC11,SPOT,LUMPSUM,823120.0,30,2023,0
9333,2023-01-30,2023-01-30,TC11,SPOT,LUMPSUM,846240.0,30,2023,0
9332,2023-01-31,2023-01-31,TC11,SPOT,LUMPSUM,886240.0,30,2023,0
9331,2023-02-01,2023-02-01,TC11,SPOT,LUMPSUM,1043760.0,27,2023,0
9330,2023-02-02,2023-02-02,TC11,SPOT,LUMPSUM,1090640.0,27,2023,0
9329,2023-02-03,2023-02-03,TC11,SPOT,LUMPSUM,1146880.0,27,2023,0
9328,2023-02-06,2023-02-06,TC11,SPOT,LUMPSUM,1187520.0,27,2023,0
9327,2023-02-07,2023-02-07,TC11,SPOT,LUMPSUM,1190640.0,27,2023,0
9326,2023-02-08,2023-02-08,TC11,SPOT,LUMPSUM,1183120.0,27,2023,0
9325,2023-02-09,2023-02-09,TC11,SPOT,LUMPSUM,1100000.0,27,2023,0
9324,2023-02-10,2023-02-10,TC11,SPOT,LUMPSUM,1068120.0,27,2023,0
9323,2023-02-13,2023-02-13,TC11,SPOT,LUMPSUM,1013760.0,27,2023,0
9322,2023-02-14,2023-02-14,TC11,SPOT,LUMPSUM,911880.0,27,2023,0
9321,2023-02-15,2023-02-15,TC11,SPOT,LUMPSUM,878640.0,27,2023,0
9320,2023-02-16,2023-02-16,TC11,SPOT,LUMPSUM,853640.0,27,2023,0
9319,2023-02-17,2023-02-17,TC11,SPOT,LUMPSUM,851880.0,27,2023,0
9318,2023-02-20,2023-02-20,TC11,SPOT,LUMPSUM,870639.9999999999,27,2023,0
9317,2023-02-21,2023-02-21,TC11,SPOT,LUMPSUM,875639.9999999999,27,2023,0
9316,2023-02-22,2023-02-22,TC11,SPOT,LUMPSUM,885000.0,27,2023,0
9315,2023-02-23,2023-02-23,TC11,SPOT,LUMPSUM,876880.0,27,2023,0
9314,2023-02-24,2023-02-24,TC11,SPOT,LUMPSUM,861880.0,27,2023,0
9313,2023-02-27,2023-02-27,TC11,SPOT,LUMPSUM,842520.0,27,2023,0
9312,2023-02-28,2023-02-28,TC11,SPOT,LUMPSUM,764360.0000000001,27,2023,0
9311,2023-03-01,2023-03-01,TC11,SPOT,LUMPSUM,737520.0,30,2023,0
9310,2023-03-02,2023-03-02,TC11,SPOT,LUMPSUM,711240.0,30,2023,0
9309,2023-03-03,2023-03-03,TC11,SPOT,LUMPSUM,694240.0000000001,30,2023,0
9308,2023-03-06,2023-03-06,TC11,SPOT,LUMPSUM,680639.9999999999,30,2023,0
9307,2023-03-07,2023-03-07,TC11,SPOT,LUMPSUM,655520.0000000001,30,2023,0
9306,2023-03-08,2023-03-08,TC11,SPOT,LUMPSUM,639360.0,30,2023,0
9305,2023-03-09,2023-03-09,TC11,SPOT,LUMPSUM,585520.0,30,2023,0
9304,2023-03-10,2023-03-10,TC11,SPOT,LUMPSUM,534000.0,30,2023,0
9303,2023-03-13,2023-03-13,TC11,SPOT,LUMPSUM,509520.0,30,2023,0
9302,2023-03-14,2023-03-14,TC11,SPOT,LUMPSUM,499360.0,30,2023,0
9301,2023-03-15,2023-03-15,TC11,SPOT,LUMPSUM,471240.0,30,2023,0
9300,2023-03-16,2023-03-16,TC11,SPOT,LUMPSUM,461760.0,30,2023,0
9299,2023-03-17,2023-03-17,TC11,SPOT,LUMPSUM,477520.0,30,2023,0
9298,2023-03-20,2023-03-20,TC11,SPOT,LUMPSUM,494360.0,30,2023,0
9297,2023-03-21,2023-03-21,TC11,SPOT,LUMPSUM,536240.0,30,2023,0
9296,2023-03-22,2023-03-22,TC11,SPOT,LUMPSUM,584360.0,30,2023,0
9295,2023-03-23,2023-03-23,TC11,SPOT,LUMPSUM,618000.0,30,2023,0
9294,2023-03-24,2023-03-24,TC11,SPOT,LUMPSUM,694640.0,30,2023,0
9293,2023-03-27,2023-03-27,TC11,SPOT,LUMPSUM,710520.0000000001,30,2023,0
9292,2023-03-28,2023-03-28,TC11,SPOT,LUMPSUM,843760.0,30,2023,0
9291,2023-03-29,2023-03-29,TC11,SPOT,LUMPSUM,1026760.0,30,2023,0
9290,2023-03-30,2023-03-30,TC11,SPOT,LUMPSUM,1042520.0,30,2023,0
9289,2023-03-31,2023-03-31,TC11,SPOT,LUMPSUM,1046640.0,30,2023,0
9288,2023-04-03,2023-04-03,TC11,SPOT,LUMPSUM,1064640.0,29,2023,0
9287,2023-04-04,2023-04-04,TC11,SPOT,LUMPSUM,1083760.0,29,2023,0
9286,2023-04-05,2023-04-05,TC11,SPOT,LUMPSUM,1100000.0,29,2023,0
9285,2023-04-06,2023-04-06,TC11,SPOT,LUMPSUM,1118760.0,29,2023,0
9284,2023-04-10,2023-04-10,TC11,SPOT,LUMPSUM,1118120.0,29,2023,0
9283,2023-04-11,2023-04-11,TC11,SPOT,LUMPSUM,1124360.0,29,2023,0
9282,2023-04-12,2023-04-12,TC11,SPOT,LUMPSUM,1140640.0,29,2023,0
9281,2023-04-13,2023-04-13,TC11,SPOT,LUMPSUM,1151240.0,29,2023,0
9280,2023-04-14,2023-04-14,TC11,SPOT,LUMPSUM,1155520.0,29,2023,0
9279,2023-04-17,2023-04-17,TC11,SPOT,LUMPSUM,1152360.0,29,2023,0
9278,2023-04-18,2023-04-18,TC11,SPOT,LUMPSUM,1135520.0,29,2023,0
9277,2023-04-19,2023-04-19,TC11,SPOT,LUMPSUM,1123240.0,29,2023,0
9276,2023-04-20,2023-04-20,TC11,SPOT,LUMPSUM,1119240.0,29,2023,0
9275,2023-04-21,2023-04-21,TC11,SPOT,LUMPSUM,1088880.0,29,2023,0
9274,2023-04-24,2023-04-24,TC11,SPOT,LUMPSUM,1048520.0,29,2023,0
9273,2023-04-25,2023-04-25,TC11,SPOT,LUMPSUM,953120.0,29,2023,0
9272,2023-04-26,2023-04-26,TC11,SPOT,LUMPSUM,872520.0,29,2023,0
9271,2023-04-27,2023-04-27,TC11,SPOT,LUMPSUM,850639.9999999999,29,2023,0
9270,2023-04-28,2023-04-28,TC11,SPOT,LUMPSUM,866760.0,29,2023,0
9269,2023-05-02,2023-05-02,TC11,SPOT,LUMPSUM,869240.0000000001,30,2023,0
9268,2023-05-03,2023-05-03,TC11,SPOT,LUMPSUM,886240.0,30,2023,0
9267,2023-05-04,2023-05-04,TC11,SPOT,LUMPSUM,915640.0,30,2023,0
9266,2023-05-05,2023-05-05,TC11,SPOT,LUMPSUM,929360.0,30,2023,0
9265,2023-05-08,2023-05-08,TC11,SPOT,LUMPSUM,942520.0,30,2023,0
9264,2023-05-09,2023-05-09,TC11,SPOT,LUMPSUM,957520.0,30,2023,0
9263,2023-05-10,2023-05-10,TC11,SPOT,LUMPSUM,959520.0,30,2023,0
9262,2023-05-11,2023-05-11,TC11,SPOT,LUMPSUM,949160.0,30,2023,0
9261,2023-05-12,2023-05-12,TC11,SPOT,LUMPSUM,923120.0,30,2023,0
9260,2023-05-15,2023-05-15,TC11,SPOT,LUMPSUM,912520.0,30,2023,0
9259,2023-05-16,2023-05-16,TC11,SPOT,LUMPSUM,881240.0,30,2023,0
9258,2023-05-17,2023-05-17,TC11,SPOT,LUMPSUM,858760.0,30,2023,0
9257,2023-05-18,2023-05-18,TC11,SPOT,LUMPSUM,840520.0000000001,30,2023,0
9256,2023-05-19,2023-05-19,TC11,SPOT,LUMPSUM,836240.0,30,2023,0
9255,2023-05-22,2023-05-22,TC11,SPOT,LUMPSUM,829360.0000000001,30,2023,0
9254,2023-05-23,2023-05-23,TC11,SPOT,LUMPSUM,823640.0,30,2023,0
9253,2023-05-24,2023-05-24,TC11,SPOT,LUMPSUM,819360.0000000001,30,2023,0
9252,2023-05-25,2023-05-25,TC11,SPOT,LUMPSUM,810639.9999999999,30,2023,0
9251,2023-05-26,2023-05-26,TC11,SPOT,LUMPSUM,801880.0,30,2023,0
9250,2023-05-29,2023-05-29,TC11,SPOT,LUMPSUM,789360.0000000001,30,2023,0
9249,2023-05-30,2023-05-30,TC11,SPOT,LUMPSUM,760000.0,30,2023,0
9248,2023-05-31,2023-05-31,TC11,SPOT,LUMPSUM,669360.0000000001,30,2023,0
9247,2023-06-01,2023-06-01,TC11,SPOT,LUMPSUM,653760.0,29,2023,0
9246,2023-06-05,2023-06-05,TC11,SPOT,LUMPSUM,636240.0,29,2023,0
9245,2023-06-06,2023-06-06,TC11,SPOT,LUMPSUM,608120.0,29,2023,0
9244,2023-06-07,2023-06-07,TC11,SPOT,LUMPSUM,566880.0,29,2023,0
9243,2023-06-08,2023-06-08,TC11,SPOT,LUMPSUM,550240.0,29,2023,0
9242,2023-06-09,2023-06-09,TC11,SPOT,LUMPSUM,551520.0,29,2023,0
9241,2023-06-12,2023-06-12,TC11,SPOT,LUMPSUM,551640.0,29,2023,0
9240,2023-06-13,2023-06-13,TC11,SPOT,LUMPSUM,555000.0,29,2023,0
9239,2023-06-14,2023-06-14,TC11,SPOT,LUMPSUM,557520.0,29,2023,0
9238,2023-06-15,2023-06-15,TC11,SPOT,LUMPSUM,560360.0,29,2023,0
9237,2023-06-16,2023-06-16,TC11,SPOT,LUMPSUM,559360.0,29,2023,0
9236,2023-06-19,2023-06-19,TC11,SPOT,LUMPSUM,560360.0,29,2023,0
9235,2023-06-20,2023-06-20,TC11,SPOT,LUMPSUM,568520.0,29,2023,0
9234,2023-06-21,2023-06-21,TC11,SPOT,LUMPSUM,563120.0,29,2023,0
9233,2023-06-22,2023-06-22,TC11,SPOT,LUMPSUM,558760.0,29,2023,0
9232,2023-06-23,2023-06-23,TC11,SPOT,LUMPSUM,554120.0,29,2023,0
9231,2023-06-26,2023-06-26,TC11,SPOT,LUMPSUM,544120.0,29,2023,0
9230,2023-06-27,2023-06-27,TC11,SPOT,LUMPSUM,528120.0,29,2023,0
9229,2023-06-28,2023-06-28,TC11,SPOT,LUMPSUM,518120.0,29,2023,0
9228,2023-06-30,2023-06-30,TC11,SPOT,LUMPSUM,514120.0,29,2023,0
9227,2023-07-03,2023-07-03,TC11,SPOT,LUMPSUM,508880.0,30,2023,0
9226,2023-07-04,2023-07-04,TC11,SPOT,LUMPSUM,515000.0,30,2023,0
9225,2023-07-05,2023-07-05,TC11,SPOT,LUMPSUM,523760.0,30,2023,0
9224,2023-07-06,2023-07-06,TC11,SPOT,LUMPSUM,525520.0,30,2023,0
9223,2023-07-07,2023-07-07,TC11,SPOT,LUMPSUM,527280.0,30,2023,0
9222,2023-07-10,2023-07-10,TC11,SPOT,LUMPSUM,536360.0,30,2023,0
9221,2023-07-11,2023-07-11,TC11,SPOT,LUMPSUM,545760.0,30,2023,0
9220,2023-07-12,2023-07-12,TC11,SPOT,LUMPSUM,609360.0,30,2023,0
9219,2023-07-13,2023-07-13,TC11,SPOT,LUMPSUM,661880.0,30,2023,0
9218,2023-07-14,2023-07-14,TC11,SPOT,LUMPSUM,680000.0,30,2023,0
9217,2023-07-17,2023-07-17,TC11,SPOT,LUMPSUM,689360.0000000001,30,2023,0
9216,2023-07-18,2023-07-18,TC11,SPOT,LUMPSUM,704360.0000000001,30,2023,0
9215,2023-07-19,2023-07-19,TC11,SPOT,LUMPSUM,709640.0,30,2023,0
9214,2023-07-20,2023-07-20,TC11,SPOT,LUMPSUM,709880.0,30,2023,0
9213,2023-07-21,2023-07-21,TC11,SPOT,LUMPSUM,709360.0000000001,30,2023,0
9212,2023-07-24,2023-07-24,TC11,SPOT,LUMPSUM,697120.0,30,2023,0
9211,2023-07-25,2023-07-25,TC11,SPOT,LUMPSUM,687520.0,30,2023,0
9210,2023-07-26,2023-07-26,TC11,SPOT,LUMPSUM,691000.0,30,2023,0
9209,2023-07-27,2023-07-27,TC11,SPOT,LUMPSUM,723360.0,30,2023,0
9208,2023-07-28,2023-07-28,TC11,SPOT,LUMPSUM,739520.0,30,2023,0
9207,2023-07-31,2023-07-31,TC11,SPOT,LUMPSUM,764120.0000000001,30,2023,0
9206,2023-08-01,2023-08-01,TC11,SPOT,LUMPSUM,767880.0,30,2023,0
9205,2023-08-02,2023-08-02,TC11,SPOT,LUMPSUM,785000.0,30,2023,0
9204,2023-08-03,2023-08-03,TC11,SPOT,LUMPSUM,831240.0,30,2023,0
9203,2023-08-04,2023-08-04,TC11,SPOT,LUMPSUM,853760.0,30,2023,0
9202,2023-08-07,2023-08-07,TC11,SPOT,LUMPSUM,868760.0,30,2023,0
9201,2023-08-08,2023-08-08,TC11,SPOT,LUMPSUM,869640.0,30,2023,0
9200,2023-08-10,2023-08-10,TC11,SPOT,LUMPSUM,861640.0,30,2023,0
9199,2023-08-11,2023-08-11,TC11,SPOT,LUMPSUM,852880.0,30,2023,0
9198,2023-08-14,2023-08-14,TC11,SPOT,LUMPSUM,835879.9999999999,30,2023,0
9197,2023-08-15,2023-08-15,TC11,SPOT,LUMPSUM,823360.0,30,2023,0
9196,2023-08-16,2023-08-16,TC11,SPOT,LUMPSUM,814240.0000000001,30,2023,0
9195,2023-08-17,2023-08-17,TC11,SPOT,LUMPSUM,761880.0,30,2023,0
9194,2023-08-18,2023-08-18,TC11,SPOT,LUMPSUM,751120.0,30,2023,0
9193,2023-08-21,2023-08-21,TC11,SPOT,LUMPSUM,722880.0,30,2023,0
9192,2023-08-22,2023-08-22,TC11,SPOT,LUMPSUM,706360.0,30,2023,0
9191,2023-08-23,2023-08-23,TC11,SPOT,LUMPSUM,700639.9999999999,30,2023,0
9190,2023-08-24,2023-08-24,TC11,SPOT,LUMPSUM,693760.0,30,2023,0
9189,2023-08-25,2023-08-25,TC11,SPOT,LUMPSUM,680879.9999999999,30,2023,0
9188,2023-08-28,2023-08-28,TC11,SPOT,LUMPSUM,665520.0000000001,30,2023,0
9187,2023-08-29,2023-08-29,TC11,SPOT,LUMPSUM,644000.0,30,2023,0
9186,2023-08-30,2023-08-30,TC11,SPOT,LUMPSUM,642520.0,30,2023,0
9185,2023-08-31,2023-08-31,TC11,SPOT,LUMPSUM,654360.0000000001,30,2023,0
9184,2023-09-04,2023-09-04,TC11,SPOT,LUMPSUM,670040.0,29,2023,0
9183,2023-09-05,2023-09-05,TC11,SPOT,LUMPSUM,762520.0,29,2023,0
9182,2023-09-06,2023-09-06,TC11,SPOT,LUMPSUM,800000.0,29,2023,0
9181,2023-09-07,2023-09-07,TC11,SPOT,LUMPSUM,811880.0,29,2023,0
9180,2023-09-08,2023-09-08,TC11,SPOT,LUMPSUM,832760.0,29,2023,0
9179,2023-09-11,2023-09-11,TC11,SPOT,LUMPSUM,884360.0000000001,29,2023,0
9178,2023-09-12,2023-09-12,TC11,SPOT,LUMPSUM,926880.0,29,2023,0
9177,2023-09-13,2023-09-13,TC11,SPOT,LUMPSUM,953120.0,29,2023,0
9176,2023-09-14,2023-09-14,TC11,SPOT,LUMPSUM,1006560.0,29,2023,0
9175,2023-09-15,2023-09-15,TC11,SPOT,LUMPSUM,1007840.0,29,2023,0
9174,2023-09-18,2023-09-18,TC11,SPOT,LUMPSUM,981880.0,29,2023,0
9173,2023-09-19,2023-09-19,TC11,SPOT,LUMPSUM,965640.0,29,2023,0
9172,2023-09-20,2023-09-20,TC11,SPOT,LUMPSUM,959360.0,29,2023,0
9171,2023-09-21,2023-09-21,TC11,SPOT,LUMPSUM,928000.0,29,2023,0
9170,2023-09-22,2023-09-22,TC11,SPOT,LUMPSUM,868920.0,29,2023,0
9169,2023-09-25,2023-09-25,TC11,SPOT,LUMPSUM,848520.0,29,2023,0
9168,2023-09-26,2023-09-26,TC11,SPOT,LUMPSUM,838520.0,29,2023,0
9167,2023-09-27,2023-09-27,TC11,SPOT,LUMPSUM,830600.0,29,2023,0
9166,2023-09-28,2023-09-28,TC11,SPOT,LUMPSUM,838120.0,29,2023,0
9165,2023-09-29,2023-09-29,TC11,SPOT,LUMPSUM,837520.0,29,2023,0
9164,2023-10-02,2023-10-02,TC11,SPOT,LUMPSUM,832640.0,30,2023,0
9163,2023-10-03,2023-10-03,TC11,SPOT,LUMPSUM,824840.0,30,2023,0
9162,2023-10-04,2023-10-04,TC11,SPOT,LUMPSUM,840000.0,30,2023,0
9161,2023-10-05,2023-10-05,TC11,SPOT,LUMPSUM,887520.0,30,2023,0
9160,2023-10-06,2023-10-06,TC11,SPOT,LUMPSUM,1017520.0,30,2023,0
9159,2023-10-09,2023-10-09,TC11,SPOT,LUMPSUM,1043000.0,30,2023,0
9158,2023-10-10,2023-10-10,TC11,SPOT,LUMPSUM,1071240.0,30,2023,0
9157,2023-10-11,2023-10-11,TC11,SPOT,LUMPSUM,1070640.0,30,2023,0
9156,2023-10-12,2023-10-12,TC11,SPOT,LUMPSUM,1059360.0,30,2023,0
9155,2023-10-13,2023-10-13,TC11,SPOT,LUMPSUM,1065640.0,30,2023,0
9154,2023-10-16,2023-10-16,TC11,SPOT,LUMPSUM,1048520.0,30,2023,0
9153,2023-10-17,2023-10-17,TC11,SPOT,LUMPSUM,974360.0,30,2023,0
9152,2023-10-18,2023-10-18,TC11,SPOT,LUMPSUM,924520.0,30,2023,0
9151,2023-10-19,2023-10-19,TC11,SPOT,LUMPSUM,902520.0,30,2023,0
9150,2023-10-20,2023-10-20,TC11,SPOT,LUMPSUM,893760.0,30,2023,0
9149,2023-10-23,2023-10-23,TC11,SPOT,LUMPSUM,876880.0,30,2023,0
9148,2023-10-24,2023-10-24,TC11,SPOT,LUMPSUM,851240.0,30,2023,0
9147,2023-10-25,2023-10-25,TC11,SPOT,LUMPSUM,821240.0,30,2023,0
9146,2023-10-26,2023-10-26,TC11,SPOT,LUMPSUM,808120.0,30,2023,0
9145,2023-10-27,2023-10-27,TC11,SPOT,LUMPSUM,772520.0,30,2023,0
9144,2023-10-30,2023-10-30,TC11,SPOT,LUMPSUM,750639.9999999999,30,2023,0
9143,2023-10-31,2023-10-31,TC11,SPOT,LUMPSUM,693760.0,30,2023,0
9142,2023-11-01,2023-11-01,TC11,SPOT,LUMPSUM,661240.0,29,2023,0
9141,2023-11-02,2023-11-02,TC11,SPOT,LUMPSUM,633760.0,29,2023,0
9140,2023-11-03,2023-11-03,TC11,SPOT,LUMPSUM,608760.0,29,2023,0
9139,2023-11-06,2023-11-06,TC11,SPOT,LUMPSUM,598000.0,29,2023,0
9138,2023-11-07,2023-11-07,TC11,SPOT,LUMPSUM,587520.0,29,2023,0
9137,2023-11-08,2023-11-08,TC11,SPOT,LUMPSUM,566240.0,29,2023,0
9136,2023-11-09,2023-11-09,TC11,SPOT,LUMPSUM,558120.0,29,2023,0
9135,2023-11-10,2023-11-10,TC11,SPOT,LUMPSUM,557240.0,29,2023,0
9134,2023-11-14,2023-11-14,TC11,SPOT,LUMPSUM,557120.0,29,2023,0
9133,2023-11-15,2023-11-15,TC11,SPOT,LUMPSUM,562120.0,29,2023,0
9132,2023-11-16,2023-11-16,TC11,SPOT,LUMPSUM,575000.0,29,2023,0
9131,2023-11-17,2023-11-17,TC11,SPOT,LUMPSUM,593120.0,29,2023,0
9130,2023-11-20,2023-11-20,TC11,SPOT,LUMPSUM,604120.0,29,2023,0
9129,2023-11-21,2023-11-21,TC11,SPOT,LUMPSUM,609360.0,29,2023,0
9128,2023-11-22,2023-11-22,TC11,SPOT,LUMPSUM,610520.0,29,2023,0
9127,2023-11-23,2023-11-23,TC11,SPOT,LUMPSUM,610720.0,29,2023,0
9126,2023-11-24,2023-11-24,TC11,SPOT,LUMPSUM,606520.0,29,2023,0
9125,2023-11-27,2023-11-27,TC11,SPOT,LUMPSUM,602000.0,29,2023,0
9124,2023-11-28,2023-11-28,TC11,SPOT,LUMPSUM,606880.0,29,2023,0
9123,2023-11-29,2023-11-29,TC11,SPOT,LUMPSUM,617120.0,29,2023,0
9122,2023-11-30,2023-11-30,TC11,SPOT,LUMPSUM,625640.0,29,2023,0
9121,2023-12-01,2023-12-01,TC11,SPOT,LUMPSUM,667520.0,30,2023,0
9120,2023-12-04,2023-12-04,TC11,SPOT,LUMPSUM,703760.0,30,2023,0
9119,2023-12-05,2023-12-05,TC11,SPOT,LUMPSUM,751240.0,30,2023,0
9118,2023-12-06,2023-12-06,TC11,SPOT,LUMPSUM,802520.0,30,2023,0
9117,2023-12-07,2023-12-07,TC11,SPOT,LUMPSUM,850000.0,30,2023,0
9116,2023-12-08,2023-12-08,TC11,SPOT,LUMPSUM,851240.0,30,2023,0
9115,2023-12-11,2023-12-11,TC11,SPOT,LUMPSUM,873120.0,30,2023,0
9114,2023-12-12,2023-12-12,TC11,SPOT,LUMPSUM,881520.0,30,2023,0
9113,2023-12-13,2023-12-13,TC11,SPOT,LUMPSUM,901120.0,30,2023,0
9112,2023-12-14,2023-12-14,TC11,SPOT,LUMPSUM,904240.0,30,2023,0
9111,2023-12-15,2023-12-15,TC11,SPOT,LUMPSUM,893000.0,30,2023,0
9110,2023-12-18,2023-12-18,TC11,SPOT,LUMPSUM,880639.9999999999,30,2023,0
9109,2023-12-19,2023-12-19,TC11,SPOT,LUMPSUM,806800.0000000001,30,2023,0
9108,2023-12-20,2023-12-20,TC11,SPOT,LUMPSUM,793800.0,30,2023,0
9107,2023-12-21,2023-12-21,TC11,SPOT,LUMPSUM,697640.0,30,2023,0
9106,2023-12-22,2023-12-22,TC11,SPOT,LUMPSUM,673240.0,30,2023,0
9105,2024-01-02,2024-01-02,TC11,SPOT,LUMPSUM,725000.0,30,2024,0
9104,2024-01-03,2024-01-03,TC11,SPOT,LUMPSUM,841240.0,30,2024,0
9103,2024-01-04,2024-01-04,TC11,SPOT,LUMPSUM,866760.0,30,2024,0
9102,2024-01-05,2024-01-05,TC11,SPOT,LUMPSUM,903120.0,30,2024,0
9101,2024-01-08,2024-01-08,TC11,SPOT,LUMPSUM,904360.0,30,2024,0
9100,2024-01-09,2024-01-09,TC11,SPOT,LUMPSUM,892520.0,30,2024,0
9099,2024-01-10,2024-01-10,TC11,SPOT,LUMPSUM,885360.0,30,2024,0
9098,2024-01-11,2024-01-11,TC11,SPOT,LUMPSUM,881760.0,30,2024,0
9097,2024-01-12,2024-01-12,TC11,SPOT,LUMPSUM,867240.0,30,2024,0
9096,2024-01-15,2024-01-15,TC11,SPOT,LUMPSUM,844880.0,30,2024,0
9095,2024-01-16,2024-01-16,TC11,SPOT,LUMPSUM,857120.0,30,2024,0
9094,2024-01-17,2024-01-17,TC11,SPOT,LUMPSUM,880879.9999999999,30,2024,0
9093,2024-01-18,2024-01-18,TC11,SPOT,LUMPSUM,891880.0,30,2024,0
9092,2024-01-19,2024-01-19,TC11,SPOT,LUMPSUM,915640.0,30,2024,0
9091,2024-01-22,2024-01-22,TC11,SPOT,LUMPSUM,928760.0,30,2024,0
9090,2024-01-23,2024-01-23,TC11,SPOT,LUMPSUM,1159360.0,30,2024,0
9089,2024-01-24,2024-01-24,TC11,SPOT,LUMPSUM,1220120.0,30,2024,0
9088,2024-01-25,2024-01-25,TC11,SPOT,LUMPSUM,1425160.0,30,2024,0
9087,2024-01-26,2024-01-26,TC11,SPOT,LUMPSUM,1465640.0,30,2024,0
9086,2024-01-29,2024-01-29,TC11,SPOT,LUMPSUM,1471880.0,30,2024,0
9085,2024-01-30,2024-01-30,TC11,SPOT,LUMPSUM,1510640.0,30,2024,0
9084,2024-01-31,2024-01-31,TC11,SPOT,LUMPSUM,1586360.0,30,2024,0
9083,2024-02-01,2024-02-01,TC11,SPOT,LUMPSUM,1601760.0,28,2024,0
9082,2024-02-02,2024-02-02,TC11,SPOT,LUMPSUM,1613040.0,28,2024,0
9081,2024-02-05,2024-02-05,TC11,SPOT,LUMPSUM,1604640.0,28,2024,0
9080,2024-02-06,2024-02-06,TC11,SPOT,LUMPSUM,1572440.0,28,2024,0
9079,2024-02-07,2024-02-07,TC11,SPOT,LUMPSUM,1530600.0,28,2024,0
9078,2024-02-08,2024-02-08,TC11,SPOT,LUMPSUM,1493200.0,28,2024,0
9077,2024-02-09,2024-02-09,TC11,SPOT,LUMPSUM,1452480.0,28,2024,0
9076,2024-02-13,2024-02-13,TC11,SPOT,LUMPSUM,1422400.0,28,2024,0
9075,2024-02-14,2024-02-14,TC11,SPOT,LUMPSUM,1378640.0,28,2024,0
9074,2024-02-15,2024-02-15,TC11,SPOT,LUMPSUM,1366920.0,28,2024,0
9073,2024-02-16,2024-02-16,TC11,SPOT,LUMPSUM,1367160.0,28,2024,0
9072,2024-02-19,2024-02-19,TC11,SPOT,LUMPSUM,1358200.0,28,2024,0
9071,2024-02-20,2024-02-20,TC11,SPOT,LUMPSUM,1350760.0,28,2024,0
9070,2024-02-21,2024-02-21,TC11,SPOT,LUMPSUM,1371920.0,28,2024,0
9069,2024-02-22,2024-02-22,TC11,SPOT,LUMPSUM,1413760.0,28,2024,0
9068,2024-02-23,2024-02-23,TC11,SPOT,LUMPSUM,1447240.0,28,2024,0
9067,2024-02-26,2024-02-26,TC11,SPOT,LUMPSUM,1475000.0,28,2024,0
9066,2024-02-27,2024-02-27,TC11,SPOT,LUMPSUM,1487520.0,28,2024,0
9065,2024-02-28,2024-02-28,TC11,SPOT,LUMPSUM,1478120.0,28,2024,0
9064,2024-02-29,2024-02-29,TC11,SPOT,LUMPSUM,1489360.0,28,2024,0
9063,2024-03-01,2024-03-01,TC11,SPOT,LUMPSUM,1484360.0,30,2024,0
9062,2024-03-04,2024-03-04,TC11,SPOT,LUMPSUM,1438120.0,30,2024,0
9061,2024-03-05,2024-03-05,TC11,SPOT,LUMPSUM,1411760.0,30,2024,0
9060,2024-03-06,2024-03-06,TC11,SPOT,LUMPSUM,1395640.0,30,2024,0
9059,2024-03-07,2024-03-07,TC11,SPOT,LUMPSUM,1350640.0,30,2024,0
9058,2024-03-08,2024-03-08,TC11,SPOT,LUMPSUM,1324360.0,30,2024,0
9057,2024-03-11,2024-03-11,TC11,SPOT,LUMPSUM,1247520.0,30,2024,0
9056,2024-03-12,2024-03-12,TC11,SPOT,LUMPSUM,1131240.0,30,2024,0
9055,2024-03-13,2024-03-13,TC11,SPOT,LUMPSUM,1087520.0,30,2024,0
9054,2024-03-14,2024-03-14,TC11,SPOT,LUMPSUM,1055000.0,30,2024,0
9053,2024-03-15,2024-03-15,TC11,SPOT,LUMPSUM,967520.0,30,2024,0
9052,2024-03-18,2024-03-18,TC11,SPOT,LUMPSUM,935640.0,30,2024,0
9051,2024-03-19,2024-03-19,TC11,SPOT,LUMPSUM,893760.0,30,2024,0
9050,2024-03-20,2024-03-20,TC11,SPOT,LUMPSUM,887240.0,30,2024,0
9049,2024-03-21,2024-03-21,TC11,SPOT,LUMPSUM,885320.0,30,2024,0
9048,2024-03-22,2024-03-22,TC11,SPOT,LUMPSUM,881760.0,30,2024,0
9047,2024-03-25,2024-03-25,TC11,SPOT,LUMPSUM,874880.0,30,2024,0
9046,2024-03-26,2024-03-26,TC11,SPOT,LUMPSUM,877120.0,30,2024,0
9045,2024-03-27,2024-03-27,TC11,SPOT,LUMPSUM,862520.0,30,2024,0
9044,2024-03-28,2024-03-28,TC11,SPOT,LUMPSUM,862360.0,30,2024,0
9043,2024-04-01,2024-04-01,TC11,SPOT,LUMPSUM,879000.0,29,2024,0
9042,2024-04-02,2024-04-02,TC11,SPOT,LUMPSUM,887520.0,29,2024,0
9041,2024-04-03,2024-04-03,TC11,SPOT,LUMPSUM,889360.0000000001,29,2024,0
9040,2024-04-04,2024-04-04,TC11,SPOT,LUMPSUM,890639.9999999999,29,2024,0
9039,2024-04-05,2024-04-05,TC11,SPOT,LUMPSUM,897520.0,29,2024,0
9038,2024-04-08,2024-04-08,TC11,SPOT,LUMPSUM,901880.0,29,2024,0
9037,2024-04-09,2024-04-09,TC11,SPOT,LUMPSUM,902880.0,29,2024,0
9036,2024-04-11,2024-04-11,TC11,SPOT,LUMPSUM,897240.0,29,2024,0
9035,2024-04-12,2024-04-12,TC11,SPOT,LUMPSUM,895360.0,29,2024,0
9034,2024-04-15,2024-04-15,TC11,SPOT,LUMPSUM,881880.0,29,2024,0
9033,2024-04-16,2024-04-16,TC11,SPOT,LUMPSUM,879360.0000000001,29,2024,0
9032,2024-04-17,2024-04-17,TC11,SPOT,LUMPSUM,867360.0,29,2024,0
9031,2024-04-18,2024-04-18,TC11,SPOT,LUMPSUM,862240.0,29,2024,0
9030,2024-04-19,2024-04-19,TC11,SPOT,LUMPSUM,861240.0,29,2024,0
9029,2024-04-22,2024-04-22,TC11,SPOT,LUMPSUM,856880.0,29,2024,0
9028,2024-04-23,2024-04-23,TC11,SPOT,LUMPSUM,850639.9999999999,29,2024,0
9027,2024-04-24,2024-04-24,TC11,SPOT,LUMPSUM,847520.0,29,2024,0
9026,2024-04-25,2024-04-25,TC11,SPOT,LUMPSUM,861360.0,29,2024,0
9025,2024-04-26,2024-04-26,TC11,SPOT,LUMPSUM,892760.0,29,2024,0
9024,2024-04-29,2024-04-29,TC11,SPOT,LUMPSUM,910520.0,29,2024,0
9023,2024-04-30,2024-04-30,TC11,SPOT,LUMPSUM,925760.0,29,2024,0
9022,2024-05-02,2024-05-02,TC11,SPOT,LUMPSUM,963760.0,30,2024,0
9021,2024-05-03,2024-05-03,TC11,SPOT,LUMPSUM,996240.0,30,2024,0
9020,2024-05-06,2024-05-06,TC11,SPOT,LUMPSUM,1008760.0,30,2024,0
9019,2024-05-07,2024-05-07,TC11,SPOT,LUMPSUM,1004360.0,30,2024,0
9018,2024-05-08,2024-05-08,TC11,SPOT,LUMPSUM,998760.0,30,2024,0
9017,2024-05-09,2024-05-09,TC11,SPOT,LUMPSUM,975000.0,30,2024,0
9016,2024-05-10,2024-05-10,TC11,SPOT,LUMPSUM,958120.0,30,2024,0
9015,2024-05-13,2024-05-13,TC11,SPOT,LUMPSUM,944360.0,30,2024,0
9014,2024-05-14,2024-05-14,TC11,SPOT,LUMPSUM,935000.0,30,2024,0
9013,2024-05-15,2024-05-15,TC11,SPOT,LUMPSUM,919360.0,30,2024,0
9012,2024-05-16,2024-05-16,TC11,SPOT,LUMPSUM,910000.0,30,2024,0
9011,2024-05-17,2024-05-17,TC11,SPOT,LUMPSUM,907520.0,30,2024,0
9010,2024-05-20,2024-05-20,TC11,SPOT,LUMPSUM,900000.0,30,2024,0
9009,2024-05-21,2024-05-21,TC11,SPOT,LUMPSUM,893120.0,30,2024,0
9008,2024-05-23,2024-05-23,TC11,SPOT,LUMPSUM,884520.0,30,2024,0
9007,2024-05-24,2024-05-24,TC11,SPOT,LUMPSUM,890360.0,30,2024,0
9006,2024-05-27,2024-05-27,TC11,SPOT,LUMPSUM,888120.0,30,2024,0
9005,2024-05-28,2024-05-28,TC11,SPOT,LUMPSUM,892640.0,30,2024,0
9004,2024-05-29,2024-05-29,TC11,SPOT,LUMPSUM,900120.0,30,2024,0
9003,2024-05-30,2024-05-30,TC11,SPOT,LUMPSUM,923880.0,30,2024,0
9002,2024-05-31,2024-05-31,TC11,SPOT,LUMPSUM,943760.0,30,2024,0
9001,2024-06-03,2024-06-03,TC11,SPOT,LUMPSUM,1096240.0,29,2024,0
9000,2024-06-04,2024-06-04,TC11,SPOT,LUMPSUM,1133760.0,29,2024,0
8999,2024-06-05,2024-06-05,TC11,SPOT,LUMPSUM,1228120.0,29,2024,0
8998,2024-06-06,2024-06-06,TC11,SPOT,LUMPSUM,1325000.0,29,2024,0
8997,2024-06-07,2024-06-07,TC11,SPOT,LUMPSUM,1343880.0,29,2024,0
8996,2024-06-10,2024-06-10,TC11,SPOT,LUMPSUM,1343760.0,29,2024,0
8995,2024-06-11,2024-06-11,TC11,SPOT,LUMPSUM,1323120.0,29,2024,0
8994,2024-06-12,2024-06-12,TC11,SPOT,LUMPSUM,1275240.0,29,2024,0
8993,2024-06-13,2024-06-13,TC11,SPOT,LUMPSUM,1100000.0,29,2024,0
8992,2024-06-14,2024-06-14,TC11,SPOT,LUMPSUM,1062520.0,29,2024,0
8991,2024-06-18,2024-06-18,TC11,SPOT,LUMPSUM,1038880.0,29,2024,0
8990,2024-06-19,2024-06-19,TC11,SPOT,LUMPSUM,991360.0,29,2024,0
8989,2024-06-20,2024-06-20,TC11,SPOT,LUMPSUM,977000.0,29,2024,0
8988,2024-06-21,2024-06-21,TC11,SPOT,LUMPSUM,973120.0,29,2024,0
8987,2024-06-24,2024-06-24,TC11,SPOT,LUMPSUM,973000.0,29,2024,0
8986,2024-06-25,2024-06-25,TC11,SPOT,LUMPSUM,1000000.0,29,2024,0
8985,2024-06-26,2024-06-26,TC11,SPOT,LUMPSUM,1071240.0,29,2024,0
8984,2024-06-27,2024-06-27,TC11,SPOT,LUMPSUM,1035640.0,29,2024,0
8983,2024-06-28,2024-06-28,TC11,SPOT,LUMPSUM,1026880.0,29,2024,0
8982,2024-07-01,2024-07-01,TC11,SPOT,LUMPSUM,1005640.0,30,2024,0
8981,2024-07-02,2024-07-02,TC11,SPOT,LUMPSUM,995000.0,30,2024,0
8980,2024-07-03,2024-07-03,TC11,SPOT,LUMPSUM,964360.0,30,2024,0
8979,2024-07-04,2024-07-04,TC11,SPOT,LUMPSUM,903760.0,30,2024,0
8978,2024-07-05,2024-07-05,TC11,SPOT,LUMPSUM,900000.0,30,2024,0
8977,2024-07-08,2024-07-08,TC11,SPOT,LUMPSUM,894360.0000000001,30,2024,0
8976,2024-07-09,2024-07-09,TC11,SPOT,LUMPSUM,864360.0000000001,30,2024,0
8975,2024-07-10,2024-07-10,TC11,SPOT,LUMPSUM,837520.0,30,2024,0
8974,2024-07-11,2024-07-11,TC11,SPOT,LUMPSUM,816240.0,30,2024,0
8973,2024-07-12,2024-07-12,TC11,SPOT,LUMPSUM,805759.9999999999,30,2024,0
8972,2024-07-15,2024-07-15,TC11,SPOT,LUMPSUM,794520.0,30,2024,0
8971,2024-07-16,2024-07-16,TC11,SPOT,LUMPSUM,775639.9999999999,30,2024,0
8970,2024-07-17,2024-07-17,TC11,SPOT,LUMPSUM,752520.0,30,2024,0
8969,2024-07-18,2024-07-18,TC11,SPOT,LUMPSUM,671240.0,30,2024,0
8968,2024-07-19,2024-07-19,TC11,SPOT,LUMPSUM,620640.0,30,2024,0
8967,2024-07-22,2024-07-22,TC11,SPOT,LUMPSUM,561880.0,30,2024,0
8966,2024-07-23,2024-07-23,TC11,SPOT,LUMPSUM,541880.0,30,2024,0
8965,2024-07-24,2024-07-24,TC11,SPOT,LUMPSUM,531880.0,30,2024,0
8964,2024-07-25,2024-07-25,TC11,SPOT,LUMPSUM,535640.0,30,2024,0
8963,2024-07-26,2024-07-26,TC11,SPOT,LUMPSUM,523760.0,30,2024,0
8962,2024-07-29,2024-07-29,TC11,SPOT,LUMPSUM,510000.0,30,2024,0
8961,2024-07-30,2024-07-30,TC11,SPOT,LUMPSUM,510120.0,30,2024,0
8960,2024-07-31,2024-07-31,TC11,SPOT,LUMPSUM,515520.0,30,2024,0
8959,2024-08-01,2024-08-01,TC11,SPOT,LUMPSUM,515000.0,30,2024,0
8958,2024-08-02,2024-08-02,TC11,SPOT,LUMPSUM,512520.0,30,2024,0
8957,2024-08-05,2024-08-05,TC11,SPOT,LUMPSUM,518120.0,30,2024,0
8956,2024-08-06,2024-08-06,TC11,SPOT,LUMPSUM,524520.0,30,2024,0
8955,2024-08-07,2024-08-07,TC11,SPOT,LUMPSUM,528360.0,30,2024,0
8954,2024-08-08,2024-08-08,TC11,SPOT,LUMPSUM,532640.0,30,2024,0
8953,2024-08-12,2024-08-12,TC11,SPOT,LUMPSUM,578760.0,30,2024,0
8952,2024-08-13,2024-08-13,TC11,SPOT,LUMPSUM,586240.0,30,2024,0
8951,2024-08-14,2024-08-14,TC11,SPOT,LUMPSUM,628120.0,30,2024,0
8950,2024-08-15,2024-08-15,TC11,SPOT,LUMPSUM,637240.0,30,2024,0
8949,2024-08-16,2024-08-16,TC11,SPOT,LUMPSUM,651640.0,30,2024,0
8948,2024-08-19,2024-08-19,TC11,SPOT,LUMPSUM,650639.9999999999,30,2024,0
8947,2024-08-20,2024-08-20,TC11,SPOT,LUMPSUM,650000.0,30,2024,0
8946,2024-08-21,2024-08-21,TC11,SPOT,LUMPSUM,647520.0,30,2024,0
8945,2024-08-22,2024-08-22,TC11,SPOT,LUMPSUM,639760.0,30,2024,0
8944,2024-08-23,2024-08-23,TC11,SPOT,LUMPSUM,628640.0,30,2024,0
8943,2024-08-26,2024-08-26,TC11,SPOT,LUMPSUM,621120.0,30,2024,0
8942,2024-08-27,2024-08-27,TC11,SPOT,LUMPSUM,616240.0,30,2024,0
8941,2024-08-28,2024-08-28,TC11,SPOT,LUMPSUM,608120.0,30,2024,0
8940,2024-08-29,2024-08-29,TC11,SPOT,LUMPSUM,589360.0,30,2024,0
8939,2024-08-30,2024-08-30,TC11,SPOT,LUMPSUM,584360.0,30,2024,0
8938,2024-09-02,2024-09-02,TC11,SPOT,LUMPSUM,573120.0,29,2024,0
8937,2024-09-03,2024-09-03,TC11,SPOT,LUMPSUM,566880.0,29,2024,0
8936,2024-09-04,2024-09-04,TC11,SPOT,LUMPSUM,553760.0,29,2024,0
8935,2024-09-05,2024-09-05,TC11,SPOT,LUMPSUM,550000.0,29,2024,0
8934,2024-09-06,2024-09-06,TC11,SPOT,LUMPSUM,550360.0,29,2024,0
8933,2024-09-09,2024-09-09,TC11,SPOT,LUMPSUM,545120.0,29,2024,0
8932,2024-09-10,2024-09-10,TC11,SPOT,LUMPSUM,535640.0,29,2024,0
8931,2024-09-11,2024-09-11,TC11,SPOT,LUMPSUM,527520.0,29,2024,0
8930,2024-09-12,2024-09-12,TC11,SPOT,LUMPSUM,509360.0,29,2024,0
8929,2024-09-13,2024-09-13,TC11,SPOT,LUMPSUM,480000.0,29,2024,0
8928,2024-09-16,2024-09-16,TC11,SPOT,LUMPSUM,473760.0,29,2024,0
8927,2024-09-17,2024-09-17,TC11,SPOT,LUMPSUM,473360.0,29,2024,0
8926,2024-09-18,2024-09-18,TC11,SPOT,LUMPSUM,472520.0,29,2024,0
8925,2024-09-19,2024-09-19,TC11,SPOT,LUMPSUM,468000.0,29,2024,0
8924,2024-09-20,2024-09-20,TC11,SPOT,LUMPSUM,464120.0,29,2024,0
8923,2024-09-23,2024-09-23,TC11,SPOT,LUMPSUM,467640.0,29,2024,0
8922,2024-09-24,2024-09-24,TC11,SPOT,LUMPSUM,505640.0,29,2024,0
8921,2024-09-25,2024-09-25,TC11,SPOT,LUMPSUM,547520.0,29,2024,0
8920,2024-09-26,2024-09-26,TC11,SPOT,LUMPSUM,605640.0,29,2024,0
8919,2024-09-27,2024-09-27,TC11,SPOT,LUMPSUM,635000.0,29,2024,0
8918,2024-09-30,2024-09-30,TC11,SPOT,LUMPSUM,651880.0,29,2024,0
8917,2024-10-01,2024-10-01,TC11,SPOT,LUMPSUM,693120.0,30,2024,0
8916,2024-10-02,2024-10-02,TC11,SPOT,LUMPSUM,712520.0,30,2024,0
8915,2024-10-03,2024-10-03,TC11,SPOT,LUMPSUM,714360.0000000001,30,2024,0
8914,2024-10-04,2024-10-04,TC11,SPOT,LUMPSUM,701880.0,30,2024,0
8913,2024-10-07,2024-10-07,TC11,SPOT,LUMPSUM,681880.0,30,2024,0
8912,2024-10-08,2024-10-08,TC11,SPOT,LUMPSUM,674880.0,30,2024,0
8911,2024-10-09,2024-10-09,TC11,SPOT,LUMPSUM,635120.0,30,2024,0
8910,2024-10-10,2024-10-10,TC11,SPOT,LUMPSUM,555000.0,30,2024,0
8909,2024-10-11,2024-10-11,TC11,SPOT,LUMPSUM,548000.0,30,2024,0
8908,2024-10-14,2024-10-14,TC11,SPOT,LUMPSUM,534520.0,30,2024,0
8907,2024-10-15,2024-10-15,TC11,SPOT,LUMPSUM,525520.0,30,2024,0
8906,2024-10-16,2024-10-16,TC11,SPOT,LUMPSUM,508360.0,30,2024,0
8905,2024-10-17,2024-10-17,TC11,SPOT,LUMPSUM,490640.0,30,2024,0
8904,2024-10-18,2024-10-18,TC11,SPOT,LUMPSUM,482520.0,30,2024,0
8903,2024-10-21,2024-10-21,TC11,SPOT,LUMPSUM,472520.0,30,2024,0
8902,2024-10-22,2024-10-22,TC11,SPOT,LUMPSUM,446880.0,30,2024,0
8901,2024-10-23,2024-10-23,TC11,SPOT,LUMPSUM,439520.0,30,2024,0
8900,2024-10-24,2024-10-24,TC11,SPOT,LUMPSUM,428760.0,30,2024,0
8899,2024-10-25,2024-10-25,TC11,SPOT,LUMPSUM,428520.0,30,2024,0
8898,2024-10-28,2024-10-28,TC11,SPOT,LUMPSUM,420000.0,30,2024,0
8897,2024-10-29,2024-10-29,TC11,SPOT,LUMPSUM,415640.0,30,2024,0
8896,2024-10-30,2024-10-30,TC11,SPOT,LUMPSUM,413240.0,30,2024,0
8895,2024-11-01,2024-11-01,TC11,SPOT,LUMPSUM,410000.0,29,2024,0
8894,2024-11-04,2024-11-04,TC11,SPOT,LUMPSUM,408120.0,29,2024,0
8893,2024-11-05,2024-11-05,TC11,SPOT,LUMPSUM,409120.0,29,2024,0
8892,2024-11-06,2024-11-06,TC11,SPOT,LUMPSUM,416240.0,29,2024,0
8891,2024-11-07,2024-11-07,TC11,SPOT,LUMPSUM,419760.0,29,2024,0
8890,2024-11-08,2024-11-08,TC11,SPOT,LUMPSUM,436240.0,29,2024,0
8889,2024-11-11,2024-11-11,TC11,SPOT,LUMPSUM,456240.0,29,2024,0
8888,2024-11-12,2024-11-12,TC11,SPOT,LUMPSUM,496520.0,29,2024,0
8887,2024-11-13,2024-11-13,TC11,SPOT,LUMPSUM,518760.0,29,2024,0
8886,2024-11-14,2024-11-14,TC11,SPOT,LUMPSUM,525000.0,29,2024,0
8885,2024-11-15,2024-11-15,TC11,SPOT,LUMPSUM,534360.0,29,2024,0
8884,2024-11-18,2024-11-18,TC11,SPOT,LUMPSUM,550640.0,29,2024,0
8883,2024-11-19,2024-11-19,TC11,SPOT,LUMPSUM,678120.0,29,2024,0
8882,2024-11-20,2024-11-20,TC11,SPOT,LUMPSUM,695000.0,29,2024,0
8881,2024-11-21,2024-11-21,TC11,SPOT,LUMPSUM,691640.0,29,2024,0
8880,2024-11-22,2024-11-22,TC11,SPOT,LUMPSUM,673760.0,29,2024,0
8879,2024-11-25,2024-11-25,TC11,SPOT,LUMPSUM,658760.0,29,2024,0
8878,2024-11-26,2024-11-26,TC11,SPOT,LUMPSUM,629360.0,29,2024,0
8877,2024-11-27,2024-11-27,TC11,SPOT,LUMPSUM,605640.0,29,2024,0
8876,2024-11-28,2024-11-28,TC11,SPOT,LUMPSUM,581880.0,29,2024,0
8875,2024-11-29,2024-11-29,TC11,SPOT,LUMPSUM,564360.0,29,2024,0
8874,2024-12-02,2024-12-02,TC11,SPOT,LUMPSUM,550640.0,30,2024,0
8873,2024-12-03,2024-12-03,TC11,SPOT,LUMPSUM,528120.0,30,2024,0
8872,2024-12-04,2024-12-04,TC11,SPOT,LUMPSUM,498760.0,30,2024,0
8871,2024-12-05,2024-12-05,TC11,SPOT,LUMPSUM,487240.0,30,2024,0
8870,2024-12-06,2024-12-06,TC11,SPOT,LUMPSUM,470000.0,30,2024,0
8869,2024-12-09,2024-12-09,TC11,SPOT,LUMPSUM,465000.0,30,2024,0
8868,2024-12-10,2024-12-10,TC11,SPOT,LUMPSUM,468120.0,30,2024,0
8867,2024-12-11,2024-12-11,TC11,SPOT,LUMPSUM,470000.0,30,2024,0
8866,2024-12-12,2024-12-12,TC11,SPOT,LUMPSUM,468760.0,30,2024,0
8865,2024-12-13,2024-12-13,TC11,SPOT,LUMPSUM,475640.0,30,2024,0
8864,2024-12-16,2024-12-16,TC11,SPOT,LUMPSUM,478120.0,30,2024,0
8863,2024-12-17,2024-12-17,TC11,SPOT,LUMPSUM,478760.0,30,2024,0
8862,2024-12-18,2024-12-18,TC11,SPOT,LUMPSUM,480640.0,30,2024,0
8861,2024-12-19,2024-12-19,TC11,SPOT,LUMPSUM,489360.0,30,2024,0
8860,2024-12-20,2024-12-20,TC11,SPOT,LUMPSUM,489360.0,30,2024,0
8859,2024-12-23,2024-12-23,TC11,SPOT,LUMPSUM,489120.0,30,2024,0
8858,2024-12-24,2024-12-24,TC11,SPOT,LUMPSUM,486880.0,30,2024,0
8857,2025-01-02,2025-01-02,TC11,SPOT,LUMPSUM,476880.0,30,2025,0
8856,2025-01-03,2025-01-03,TC11,SPOT,LUMPSUM,479880.0,30,2025,0
8855,2025-01-06,2025-01-06,TC11,SPOT,LUMPSUM,488520.0,30,2025,0
8854,2025-01-07,2025-01-07,TC11,SPOT,LUMPSUM,493880.0,30,2025,0
8853,2025-01-08,2025-01-08,TC11,SPOT,LUMPSUM,523640.0,30,2025,0
8852,2025-01-09,2025-01-09,TC11,SPOT,LUMPSUM,535520.0,30,2025,0
8851,2025-01-10,2025-01-10,TC11,SPOT,LUMPSUM,572520.0,30,2025,0
8850,2025-01-13,2025-01-13,TC11,SPOT,LUMPSUM,575000.0,30,2025,0
8849,2025-01-14,2025-01-14,TC11,SPOT,LUMPSUM,678640.0,30,2025,0
8848,2025-01-15,2025-01-15,TC11,SPOT,LUMPSUM,689240.0000000001,30,2025,0
8847,2025-01-16,2025-01-16,TC11,SPOT,LUMPSUM,700639.9999999999,30,2025,0
8846,2025-01-17,2025-01-17,TC11,SPOT,LUMPSUM,706000.0,30,2025,0
8845,2025-01-20,2025-01-20,TC11,SPOT,LUMPSUM,701000.0,30,2025,0
8844,2025-01-21,2025-01-21,TC11,SPOT,LUMPSUM,694520.0,30,2025,0
8843,2025-01-22,2025-01-22,TC11,SPOT,LUMPSUM,649360.0000000001,30,2025,0
8842,2025-01-23,2025-01-23,TC11,SPOT,LUMPSUM,631240.0,30,2025,0
8841,2025-01-24,2025-01-24,TC11,SPOT,LUMPSUM,598120.0,30,2025,0
8840,2025-01-27,2025-01-27,TC11,SPOT,LUMPSUM,574360.0,30,2025,0
8839,2025-01-28,2025-01-28,TC11,SPOT,LUMPSUM,572120.0,30,2025,0
8838,2025-01-31,2025-01-31,TC11,SPOT,LUMPSUM,572760.0,30,2025,0
8837,2025-02-03,2025-02-03,TC11,SPOT,LUMPSUM,574000.0,27,2025,0
8836,2025-02-04,2025-02-04,TC11,SPOT,LUMPSUM,599880.0,27,2025,0
8835,2025-02-05,2025-02-05,TC11,SPOT,LUMPSUM,628520.0,27,2025,0
8834,2025-02-06,2025-02-06,TC11,SPOT,LUMPSUM,643560.0,27,2025,0
8833,2025-02-07,2025-02-07,TC11,SPOT,LUMPSUM,647520.0,27,2025,0
8832,2025-02-10,2025-02-10,TC11,SPOT,LUMPSUM,648760.0,27,2025,0
8831,2025-02-11,2025-02-11,TC11,SPOT,LUMPSUM,648520.0,27,2025,0
8830,2025-02-12,2025-02-12,TC11,SPOT,LUMPSUM,649760.0,27,2025,0
8829,2025-02-13,2025-02-13,TC11,SPOT,LUMPSUM,647880.0,27,2025,0
8828,2025-02-14,2025-02-14,TC11,SPOT,LUMPSUM,652720.0,27,2025,0
8827,2025-02-17,2025-02-17,TC11,SPOT,LUMPSUM,653760.0,27,2025,0
8826,2025-02-18,2025-02-18,TC11,SPOT,LUMPSUM,653120.0,27,2025,0
8825,2025-02-19,2025-02-19,TC11,SPOT,LUMPSUM,650000.0,27,2025,0
8824,2025-02-20,2025-02-20,TC11,SPOT,LUMPSUM,626880.0,27,2025,0
8823,2025-02-21,2025-02-21,TC11,SPOT,LUMPSUM,621000.0,27,2025,0
8822,2025-02-24,2025-02-24,TC11,SPOT,LUMPSUM,613760.0,27,2025,0
8821,2025-02-25,2025-02-25,TC11,SPOT,LUMPSUM,612120.0,27,2025,0
8820,2025-02-26,2025-02-26,TC11,SPOT,LUMPSUM,602760.0,27,2025,0
8819,2025-02-27,2025-02-27,TC11,SPOT,LUMPSUM,598480.0,27,2025,0
8818,2025-02-28,2025-02-28,TC11,SPOT,LUMPSUM,597920.0,27,2025,0
8817,2025-03-03,2025-03-03,TC11,SPOT,LUMPSUM,595360.0,30,2025,0
8816,2025-03-04,2025-03-04,TC11,SPOT,LUMPSUM,610000.0,30,2025,0
8815,2025-03-05,2025-03-05,TC11,SPOT,LUMPSUM,647520.0,30,2025,0
8814,2025-03-06,2025-03-06,TC11,SPOT,LUMPSUM,660759.9999999999,30,2025,0
8813,2025-03-07,2025-03-07,TC11,SPOT,LUMPSUM,665000.0,30,2025,0
8812,2025-03-10,2025-03-10,TC11,SPOT,LUMPSUM,668120.0,30,2025,0
8811,2025-03-11,2025-03-11,TC11,SPOT,LUMPSUM,672520.0,30,2025,0
8810,2025-03-12,2025-03-12,TC11,SPOT,LUMPSUM,664760.0,30,2025,0
8809,2025-03-13,2025-03-13,TC11,SPOT,LUMPSUM,642520.0,30,2025,0
8808,2025-03-14,2025-03-14,TC11,SPOT,LUMPSUM,627520.0,30,2025,0
8807,2025-03-17,2025-03-17,TC11,SPOT,LUMPSUM,627520.0,30,2025,0
8806,2025-03-18,2025-03-18,TC11,SPOT,LUMPSUM,623120.0,30,2025,0
8805,2025-03-19,2025-03-19,TC11,SPOT,LUMPSUM,618120.0,30,2025,0
8804,2025-03-20,2025-03-20,TC11,SPOT,LUMPSUM,618520.0,30,2025,0
8803,2025-03-21,2025-03-21,TC11,SPOT,LUMPSUM,618520.0,30,2025,0
8802,2025-03-24,2025-03-24,TC11,SPOT,LUMPSUM,622240.0,30,2025,0
8801,2025-03-25,2025-03-25,TC11,SPOT,LUMPSUM,617880.0,30,2025,0
8800,2025-03-26,2025-03-26,TC11,SPOT,LUMPSUM,614120.0,30,2025,0
8799,2025-03-27,2025-03-27,TC11,SPOT,LUMPSUM,606360.0,30,2025,0
8798,2025-03-28,2025-03-28,TC11,SPOT,LUMPSUM,602520.0,30,2025,0
8797,2025-04-01,2025-04-01,TC11,SPOT,LUMPSUM,592520.0,29,2025,0
8796,2025-04-02,2025-04-02,TC11,SPOT,LUMPSUM,583120.0,29,2025,0
8795,2025-04-03,2025-04-03,TC11,SPOT,LUMPSUM,580640.0,29,2025,0
8794,2025-04-04,2025-04-04,TC11,SPOT,LUMPSUM,577520.0,29,2025,0
8793,2025-04-07,2025-04-07,TC11,SPOT,LUMPSUM,578760.0,29,2025,0
8792,2025-04-08,2025-04-08,TC11,SPOT,LUMPSUM,574360.0,29,2025,0
8791,2025-04-09,2025-04-09,TC11,SPOT,LUMPSUM,569880.0,29,2025,0
8790,2025-04-10,2025-04-10,TC11,SPOT,LUMPSUM,568760.0,29,2025,0
8789,2025-04-11,2025-04-11,TC11,SPOT,LUMPSUM,570360.0,29,2025,0
8788,2025-04-14,2025-04-14,TC11,SPOT,LUMPSUM,565240.0,29,2025,0
8787,2025-04-15,2025-04-15,TC11,SPOT,LUMPSUM,562520.0,29,2025,0
8786,2025-04-16,2025-04-16,TC11,SPOT,LUMPSUM,560000.0,29,2025,0
8785,2025-04-17,2025-04-17,TC11,SPOT,LUMPSUM,548760.0,29,2025,0
8784,2025-04-21,2025-04-21,TC11,SPOT,LUMPSUM,540760.0,29,2025,0
8783,2025-04-22,2025-04-22,TC11,SPOT,LUMPSUM,532520.0,29,2025,0
8782,2025-04-23,2025-04-23,TC11,SPOT,LUMPSUM,515000.0,29,2025,0
8781,2025-04-24,2025-04-24,TC11,SPOT,LUMPSUM,461240.0,29,2025,0
8780,2025-04-25,2025-04-25,TC11,SPOT,LUMPSUM,453640.0,29,2025,0
8779,2025-04-28,2025-04-28,TC11,SPOT,LUMPSUM,448000.0,29,2025,0
8778,2025-04-29,2025-04-29,TC11,SPOT,LUMPSUM,448000.0,29,2025,0
8777,2025-04-30,2025-04-30,TC11,SPOT,LUMPSUM,448880.0,29,2025,0
8776,2025-05-02,2025-05-02,TC11,SPOT,LUMPSUM,461000.0,30,2025,0
8775,2025-05-05,2025-05-05,TC11,SPOT,LUMPSUM,467000.0,30,2025,0
8774,2025-05-06,2025-05-06,TC11,SPOT,LUMPSUM,465240.0,30,2025,0
8773,2025-05-07,2025-05-07,TC11,SPOT,LUMPSUM,474880.0,30,2025,0
8772,2025-05-08,2025-05-08,TC11,SPOT,LUMPSUM,475640.0,30,2025,0
8771,2025-05-09,2025-05-09,TC11,SPOT,LUMPSUM,477360.0,30,2025,0
8770,2025-05-13,2025-05-13,TC11,SPOT,LUMPSUM,480520.0,30,2025,0
8769,2025-05-14,2025-05-14,TC11,SPOT,LUMPSUM,482760.0000000001,30,2025,0
8768,2025-05-15,2025-05-15,TC11,SPOT,LUMPSUM,503640.0,30,2025,0
8767,2025-05-16,2025-05-16,TC11,SPOT,LUMPSUM,541880.0,30,2025,0
8766,2025-05-19,2025-05-19,TC11,SPOT,LUMPSUM,549760.0,30,2025,0
8765,2025-05-20,2025-05-20,TC11,SPOT,LUMPSUM,558120.0,30,2025,0
8764,2025-05-21,2025-05-21,TC11,SPOT,LUMPSUM,570640.0,30,2025,0
8763,2025-05-22,2025-05-22,TC11,SPOT,LUMPSUM,574360.0,30,2025,0
8762,2025-05-23,2025-05-23,TC11,SPOT,LUMPSUM,579760.0,30,2025,0
8761,2025-05-26,2025-05-26,TC11,SPOT,LUMPSUM,590000.0,30,2025,0
8760,2025-05-27,2025-05-27,TC11,SPOT,LUMPSUM,617520.0,30,2025,0
8759,2025-05-28,2025-05-28,TC11,SPOT,LUMPSUM,628760.0,30,2025,0
8758,2025-05-29,2025-05-29,TC11,SPOT,LUMPSUM,651240.0,30,2025,0
8757,2025-05-30,2025-05-30,TC11,SPOT,LUMPSUM,673760.0,30,2025,0
8756,2025-06-02,2025-06-02,TC11,SPOT,LUMPSUM,670639.9999999999,29,2025,0
8755,2025-06-03,2025-06-03,TC11,SPOT,LUMPSUM,658120.0,29,2025,0
8754,2025-06-04,2025-06-04,TC11,SPOT,LUMPSUM,646240.0,29,2025,0
8753,2025-06-05,2025-06-05,TC11,SPOT,LUMPSUM,640639.9999999999,29,2025,0
8752,2025-06-06,2025-06-06,TC11,SPOT,LUMPSUM,633120.0,29,2025,0
8751,2025-06-09,2025-06-09,TC11,SPOT,LUMPSUM,625640.0,29,2025,0
8750,2025-06-10,2025-06-10,TC11,SPOT,LUMPSUM,625640.0,29,2025,0
8749,2025-06-11,2025-06-11,TC11,SPOT,LUMPSUM,621240.0,29,2025,0
8748,2025-06-12,2025-06-12,TC11,SPOT,LUMPSUM,615000.0,29,2025,0
8747,2025-06-13,2025-06-13,TC11,SPOT,LUMPSUM,608760.0,29,2025,0
8746,2025-06-16,2025-06-16,TC11,SPOT,LUMPSUM,606240.0,29,2025,0
8745,2025-06-17,2025-06-17,TC11,SPOT,LUMPSUM,609000.0,29,2025,0
8744,2025-06-18,2025-06-18,TC11,SPOT,LUMPSUM,656240.0,29,2025,0
8743,2025-06-19,2025-06-19,TC11,SPOT,LUMPSUM,709360.0000000001,29,2025,0
8742,2025-06-20,2025-06-20,TC11,SPOT,LUMPSUM,720639.9999999999,29,2025,0
8741,2025-06-23,2025-06-23,TC11,SPOT,LUMPSUM,730639.9999999999,29,2025,0
8740,2025-06-24,2025-06-24,TC11,SPOT,LUMPSUM,736760.0,29,2025,0
8739,2025-06-25,2025-06-25,TC11,SPOT,LUMPSUM,735240.0,29,2025,0
8738,2025-06-26,2025-06-26,TC11,SPOT,LUMPSUM,747120.0,29,2025,0
8737,2025-06-27,2025-06-27,TC11,SPOT,LUMPSUM,742760.0,29,2025,0
8736,2025-06-30,2025-06-30,TC11,SPOT,LUMPSUM,736520.0,29,2025,0
8735,2025-07-01,2025-07-01,TC11,SPOT,LUMPSUM,739000.0,30,2025,0
8734,2025-07-02,2025-07-02,TC11,SPOT,LUMPSUM,731240.0,30,2025,0
8733,2025-07-03,2025-07-03,TC11,SPOT,LUMPSUM,730120.0,30,2025,0
8732,2025-07-04,2025-07-04,TC11,SPOT,LUMPSUM,726360.0,30,2025,0
8731,2025-07-07,2025-07-07,TC11,SPOT,LUMPSUM,700000.0,30,2025,0
8730,2025-07-08,2025-07-08,TC11,SPOT,LUMPSUM,693760.0,30,2025,0
8729,2025-07-09,2025-07-09,TC11,SPOT,LUMPSUM,670000.0,30,2025,0
8728,2025-07-10,2025-07-10,TC11,SPOT,LUMPSUM,660000.0,30,2025,0
8727,2025-07-11,2025-07-11,TC11,SPOT,LUMPSUM,651240.0,30,2025,0
8726,2025-07-14,2025-07-14,TC11,SPOT,LUMPSUM,645000.0,30,2025,0
8725,2025-07-15,2025-07-15,TC11,SPOT,LUMPSUM,638760.0,30,2025,0
8724,2025-07-16,2025-07-16,TC11,SPOT,LUMPSUM,629360.0,30,2025,0
8723,2025-07-17,2025-07-17,TC11,SPOT,LUMPSUM,625640.0,30,2025,0
8722,2025-07-18,2025-07-18,TC11,SPOT,LUMPSUM,624520.0,30,2025,0
8721,2025-07-21,2025-07-21,TC11,SPOT,LUMPSUM,627640.0,30,2025,0
8720,2025-07-22,2025-07-22,TC11,SPOT,LUMPSUM,628760.0,30,2025,0
8719,2025-07-23,2025-07-23,TC11,SPOT,LUMPSUM,632360.0,30,2025,0
8718,2025-07-24,2025-07-24,TC11,SPOT,LUMPSUM,637520.0,30,2025,0
8717,2025-07-25,2025-07-25,TC11,SPOT,LUMPSUM,638760.0,30,2025,0
8716,2025-07-28,2025-07-28,TC11,SPOT,LUMPSUM,633760.0,30,2025,0
8715,2025-07-29,2025-07-29,TC11,SPOT,LUMPSUM,629760.0,30,2025,0
8714,2025-07-30,2025-07-30,TC11,SPOT,LUMPSUM,623640.0,30,2025,0
8713,2025-07-31,2025-07-31,TC11,SPOT,LUMPSUM,616520.0,30,2025,0
8712,2025-08-01,2025-08-01,TC11,SPOT,LUMPSUM,609360.0,30,2025,0
8711,2025-08-04,2025-08-04,TC11,SPOT,LUMPSUM,601520.0,30,2025,0
8710,2025-08-05,2025-08-05,TC11,SPOT,LUMPSUM,600000.0,30,2025,0
8709,2025-08-06,2025-08-06,TC11,SPOT,LUMPSUM,600000.0,30,2025,0
8708,2025-08-07,2025-08-07,TC11,SPOT,LUMPSUM,600000.0,30,2025,0
8707,2025-08-08,2025-08-08,TC11,SPOT,LUMPSUM,599360.0,30,2025,0
8706,2025-08-11,2025-08-11,TC11,SPOT,LUMPSUM,599360.0,30,2025,0
8705,2025-08-12,2025-08-12,TC11,SPOT,LUMPSUM,600640.0,30,2025,0
8704,2025-08-13,2025-08-13,TC11,SPOT,LUMPSUM,611520.0,30,2025,0
8703,2025-08-14,2025-08-14,TC11,SPOT,LUMPSUM,616240.0,30,2025,0
8702,2025-08-15,2025-08-15,TC11,SPOT,LUMPSUM,627520.0,30,2025,0
8701,2025-08-18,2025-08-18,TC11,SPOT,LUMPSUM,634360.0,30,2025,0
8700,2025-08-19,2025-08-19,TC11,SPOT,LUMPSUM,646240.0,30,2025,0
8699,2025-08-20,2025-08-20,TC11,SPOT,LUMPSUM,655000.0,30,2025,0
8698,2025-08-21,2025-08-21,TC11,SPOT,LUMPSUM,656520.0,30,2025,0
8697,2025-08-22,2025-08-22,TC11,SPOT,LUMPSUM,654640.0,30,2025,0
8696,2025-08-25,2025-08-25,TC11,SPOT,LUMPSUM,650639.9999999999,30,2025,0
8695,2025-08-26,2025-08-26,TC11,SPOT,LUMPSUM,645000.0,30,2025,0
8694,2025-08-27,2025-08-27,TC11,SPOT,LUMPSUM,638760.0,30,2025,0
8693,2025-08-28,2025-08-28,TC11,SPOT,LUMPSUM,639360.0,30,2025,0
8692,2025-08-29,2025-08-29,TC11,SPOT,LUMPSUM,641240.0,30,2025,0
8691,2025-09-01,2025-09-01,TC11,SPOT,LUMPSUM,660000.0,29,2025,0
8690,2025-09-02,2025-09-02,TC11,SPOT,LUMPSUM,680000.0,29,2025,0
8689,2025-09-03,2025-09-03,TC11,SPOT,LUMPSUM,716240.0,29,2025,0
8688,2025-09-04,2025-09-04,TC11,SPOT,LUMPSUM,756880.0,29,2025,0
8687,2025-09-05,2025-09-05,TC11,SPOT,LUMPSUM,760000.0,29,2025,0
8686,2025-09-08,2025-09-08,TC11,SPOT,LUMPSUM,755639.9999999999,29,2025,0
8685,2025-09-09,2025-09-09,TC11,SPOT,LUMPSUM,750639.9999999999,29,2025,0
8684,2025-09-10,2025-09-10,TC11,SPOT,LUMPSUM,746880.0,29,2025,0
8683,2025-09-11,2025-09-11,TC11,SPOT,LUMPSUM,744880.0,29,2025,0
8682,2025-09-12,2025-09-12,TC11,SPOT,LUMPSUM,738760.0,29,2025,0
8681,2025-09-15,2025-09-15,TC11,SPOT,LUMPSUM,745000.0,29,2025,0
8680,2025-09-16,2025-09-16,TC11,SPOT,LUMPSUM,752520.0,29,2025,0
8679,2025-09-17,2025-09-17,TC11,SPOT,LUMPSUM,752000.0,29,2025,0
8678,2025-09-18,2025-09-18,TC11,SPOT,LUMPSUM,753760.0,29,2025,0
8677,2025-09-19,2025-09-19,TC11,SPOT,LUMPSUM,750639.9999999999,29,2025,0
8676,2025-09-22,2025-09-22,TC11,SPOT,LUMPSUM,750639.9999999999,29,2025,0
8675,2025-09-23,2025-09-23,TC11,SPOT,LUMPSUM,732000.0,29,2025,0
8674,2025-09-24,2025-09-24,TC11,SPOT,LUMPSUM,709360.0000000001,29,2025,0
8673,2025-09-25,2025-09-25,TC11,SPOT,LUMPSUM,706880.0,29,2025,0
8672,2025-09-26,2025-09-26,TC11,SPOT,LUMPSUM,701120.0,29,2025,0
8671,2025-09-29,2025-09-29,TC11,SPOT,LUMPSUM,690639.9999999999,29,2025,0
8670,2025-09-30,2025-09-30,TC11,SPOT,LUMPSUM,674360.0000000001,29,2025,0
8669,2025-10-01,2025-10-01,TC11,SPOT,LUMPSUM,659240.0000000001,30,2025,0
8668,2025-10-02,2025-10-02,TC11,SPOT,LUMPSUM,646360.0,30,2025,0
8667,2025-10-03,2025-10-03,TC11,SPOT,LUMPSUM,634880.0,30,2025,0
8666,2025-10-06,2025-10-06,TC11,SPOT,LUMPSUM,626360.0,30,2025,0
8665,2025-10-07,2025-10-07,TC11,SPOT,LUMPSUM,618120.0,30,2025,0
8664,2025-10-08,2025-10-08,TC11,SPOT,LUMPSUM,614360.0,30,2025,0
8663,2025-10-09,2025-10-09,TC11,SPOT,LUMPSUM,615600.0,30,2025,0
8662,2025-10-10,2025-10-10,TC11,SPOT,LUMPSUM,619240.0,30,2025,0
8661,2025-10-13,2025-10-13,TC11,SPOT,LUMPSUM,624880.0,30,2025,0
8660,2025-10-14,2025-10-14,TC11,SPOT,LUMPSUM,627360.0,30,2025,0
8659,2025-10-15,2025-10-15,TC11,SPOT,LUMPSUM,630120.0,30,2025,0
8658,2025-10-16,2025-10-16,TC11,SPOT,LUMPSUM,628760.0,30,2025,0
8657,2025-10-17,2025-10-17,TC11,SPOT,LUMPSUM,624240.0,30,2025,0
8656,2025-10-21,2025-10-21,TC11,SPOT,LUMPSUM,608520.0,30,2025,0
8655,2025-10-22,2025-10-22,TC11,SPOT,LUMPSUM,601240.0,30,2025,0
8654,2025-10-23,2025-10-23,TC11,SPOT,LUMPSUM,600000.0,30,2025,0
8653,2025-10-24,2025-10-24,TC11,SPOT,LUMPSUM,598760.0,30,2025,0
8652,2025-10-27,2025-10-27,TC11,SPOT,LUMPSUM,596000.0,30,2025,0
8651,2025-10-28,2025-10-28,TC11,SPOT,LUMPSUM,591760.0,30,2025,0
8650,2025-10-29,2025-10-29,TC11,SPOT,LUMPSUM,588760.0,30,2025,0
8649,2025-10-30,2025-10-30,TC11,SPOT,LUMPSUM,587360.0,30,2025,0
8648,2025-10-31,2025-10-31,TC11,SPOT,LUMPSUM,593120.0,30,2025,0
8647,2025-11-03,2025-11-03,TC11,SPOT,LUMPSUM,600240.0,29,2025,0
8646,2025-11-04,2025-11-04,TC11,SPOT,LUMPSUM,611880.0,29,2025,0
8645,2025-11-05,2025-11-05,TC11,SPOT,LUMPSUM,635640.0,29,2025,0
8644,2025-11-06,2025-11-06,TC11,SPOT,LUMPSUM,639240.0,29,2025,0
8643,2025-11-07,2025-11-07,TC11,SPOT,LUMPSUM,640639.9999999999,29,2025,0
8642,2025-11-10,2025-11-10,TC11,SPOT,LUMPSUM,641880.0,29,2025,0
8641,2025-11-11,2025-11-11,TC11,SPOT,LUMPSUM,639120.0,29,2025,0
8640,2025-11-12,2025-11-12,TC11,SPOT,LUMPSUM,630640.0,29,2025,0
8639,2025-11-13,2025-11-13,TC11,SPOT,LUMPSUM,626880.0,29,2025,0
8638,2025-11-14,2025-11-14,TC11,SPOT,LUMPSUM,631880.0,29,2025,0
8637,2025-11-17,2025-11-17,TC11,SPOT,LUMPSUM,635360.0,29,2025,0
8636,2025-11-18,2025-11-18,TC11,SPOT,LUMPSUM,633120.0,29,2025,0
8635,2025-11-19,2025-11-19,TC11,SPOT,LUMPSUM,628240.0,29,2025,0
8634,2025-11-20,2025-11-20,TC11,SPOT,LUMPSUM,623360.0,29,2025,0
8633,2025-11-21,2025-11-21,TC11,SPOT,LUMPSUM,618760.0,29,2025,0
8632,2025-11-24,2025-11-24,TC11,SPOT,LUMPSUM,616880.0,29,2025,0
8631,2025-11-25,2025-11-25,TC11,SPOT,LUMPSUM,613360.0,29,2025,0
8630,2025-11-26,2025-11-26,TC11,SPOT,LUMPSUM,626520.0,29,2025,0
8629,2025-11-27,2025-11-27,TC11,SPOT,LUMPSUM,690639.9999999999,29,2025,0
8628,2025-11-28,2025-11-28,TC11,SPOT,LUMPSUM,702520.0,29,2025,0
8627,2025-12-01,2025-12-01,TC11,SPOT,LUMPSUM,728120.0,30,2025,0
8626,2025-12-02,2025-12-02,TC11,SPOT,LUMPSUM,784360.0000000001,30,2025,0
8625,2025-12-03,2025-12-03,TC11,SPOT,LUMPSUM,798760.0,30,2025,0
8624,2025-12-04,2025-12-04,TC11,SPOT,LUMPSUM,800639.9999999999,30,2025,0
8623,2025-12-05,2025-12-05,TC11,SPOT,LUMPSUM,885000.0,30,2025,0
8622,2025-12-08,2025-12-08,TC11,SPOT,LUMPSUM,884640.0,30,2025,0
8621,2025-12-09,2025-12-09,TC11,SPOT,LUMPSUM,928120.0,30,2025,0
8620,2025-12-10,2025-12-10,TC11,SPOT,LUMPSUM,955000.0,30,2025,0
8619,2025-12-11,2025-12-11,TC11,SPOT,LUMPSUM,959360.0,30,2025,0
8618,2025-12-12,2025-12-12,TC11,SPOT,LUMPSUM,956000.0,30,2025,0
8617,2025-12-15,2025-12-15,TC11,SPOT,LUMPSUM,947000.0,30,2025,0
8616,2025-12-16,2025-12-16,TC11,SPOT,LUMPSUM,920000.0,30,2025,0
8615,2025-12-17,2025-12-17,TC11,SPOT,LUMPSUM,889360.0000000001,30,2025,0
8614,2025-12-18,2025-12-18,TC11,SPOT,LUMPSUM,869360.0000000001,30,2025,0
8613,2025-12-19,2025-12-19,TC11,SPOT,LUMPSUM,756240.0,30,2025,0
8612,2025-12-22,2025-12-22,TC11,SPOT,LUMPSUM,749360.0000000001,30,2025,0
8611,2025-12-23,2025-12-23,TC11,SPOT,LUMPSUM,738760.0,30,2025,0
8610,2025-12-24,2025-12-24,TC11,SPOT,LUMPSUM,733760.0,30,2025,0
8609,2026-01-02,2026-01-02,TC11,SPOT,LUMPSUM,725000.0,30,2026,0
8608,2026-01-05,2026-01-05,TC11,SPOT,LUMPSUM,728760.0,30,2026,0
8607,2026-01-06,2026-01-06,TC11,SPOT,LUMPSUM,737120.0,30,2026,0
8606,2026-01-07,2026-01-07,TC11,SPOT,LUMPSUM,753120.0,30,2026,0
8605,2026-01-08,2026-01-08,TC11,SPOT,LUMPSUM,766880.0,30,2026,0
8604,2026-01-09,2026-01-09,TC11,SPOT,LUMPSUM,774360.0000000001,30,2026,0
8603,2026-01-12,2026-01-12,TC11,SPOT,LUMPSUM,775639.9999999999,30,2026,0
8602,2026-01-13,2026-01-13,TC11,SPOT,LUMPSUM,775000.0,30,2026,0
8601,2026-01-14,2026-01-14,TC11,SPOT,LUMPSUM,778439.9999999999,30,2026,0
8600,2026-01-15,2026-01-15,TC11,SPOT,LUMPSUM,784360.0000000001,30,2026,0
8599,2026-01-16,2026-01-16,TC11,SPOT,LUMPSUM,785639.9999999999,30,2026,0
8598,2026-01-19,2026-01-19,TC11,SPOT,LUMPSUM,790639.9999999999,30,2026,0
8597,2026-01-20,2026-01-20,TC11,SPOT,LUMPSUM,790639.9999999999,30,2026,0
8596,2026-01-21,2026-01-21,TC11,SPOT,LUMPSUM,796880.0,30,2026,0
8595,2026-01-22,2026-01-22,TC11,SPOT,LUMPSUM,823760.0,30,2026,0
8594,2026-01-23,2026-01-23,TC11,SPOT,LUMPSUM,824360.0000000001,30,2026,0
8593,2026-01-26,2026-01-26,TC11,SPOT,LUMPSUM,823760.0,30,2026,0
8592,2026-01-27,2026-01-27,TC11,SPOT,LUMPSUM,825639.9999999999,30,2026,0
8591,2026-01-28,2026-01-28,TC11,SPOT,LUMPSUM,819080.0,30,2026,0
8590,2026-01-29,2026-01-29,TC11,SPOT,LUMPSUM,812200.0,30,2026,0
8589,2026-01-30,2026-01-30,TC11,SPOT,LUMPSUM,810639.9999999999,30,2026,0
8588,2026-02-02,2026-02-02,TC11,SPOT,LUMPSUM,808760.0,27,2026,0
8587,2026-02-03,2026-02-03,TC11,SPOT,LUMPSUM,802120.0,27,2026,0
8586,2026-02-04,2026-02-04,TC11,SPOT,LUMPSUM,794000.0,27,2026,0
8585,2026-02-05,2026-02-05,TC11,SPOT,LUMPSUM,796640.0,27,2026,0
8584,2026-02-06,2026-02-06,TC11,SPOT,LUMPSUM,794640.0,27,2026,0
8583,2026-02-09,2026-02-09,TC11,SPOT,LUMPSUM,785720.0,27,2026,0
8582,2026-02-10,2026-02-10,TC11,SPOT,LUMPSUM,772840.0000000001,27,2026,0
8581,2026-02-11,2026-02-11,TC11,SPOT,LUMPSUM,738560.0,27,2026,0
8580,2026-02-12,2026-02-12,TC11,SPOT,LUMPSUM,724280.0,27,2026,0
8579,2026-02-13,2026-02-13,TC11,SPOT,LUMPSUM,717840.0000000001,27,2026,0
8578,2026-02-16,2026-02-16,TC11,SPOT,LUMPSUM,715720.0,27,2026,0
8577,2026-02-19,2026-02-19,TC11,SPOT,LUMPSUM,710720.0,27,2026,0
8576,2026-02-20,2026-02-20,TC11,SPOT,LUMPSUM,704280.0,27,2026,0
8575,2026-02-23,2026-02-23,TC11,SPOT,LUMPSUM,702159.9999999999,27,2026,0
8574,2026-02-24,2026-02-24,TC11,SPOT,LUMPSUM,709280.0,27,2026,0
8573,2026-02-25,2026-02-25,TC11,SPOT,LUMPSUM,746440.0,27,2026,0
8572,2026-02-26,2026-02-26,TC11,SPOT,LUMPSUM,762840.0000000001,27,2026,0
8571,2026-02-27,2026-02-27,TC11,SPOT,LUMPSUM,806440.0,27,2026,0
8570,2026-03-02,2026-03-02,TC11,SPOT,LUMPSUM,837840.0000000001,30,2026,0
8569,2026-03-03,2026-03-03,TC11,SPOT,LUMPSUM,875000.0,30,2026,0
8568,2026-03-04,2026-03-04,TC11,SPOT,LUMPSUM,887840.0000000001,30,2026,0
8567,2026-03-05,2026-03-05,TC11,SPOT,LUMPSUM,930720.0,30,2026,0
8566,2026-03-06,2026-03-06,TC11,SPOT,LUMPSUM,932160.0,30,2026,0
8565,2026-03-09,2026-03-09,TC11,SPOT,LUMPSUM,893640.0,30,2026,0
8564,2026-03-10,2026-03-10,TC11,SPOT,LUMPSUM,868120.0,30,2026,0
8563,2026-03-11,2026-03-11,TC11,SPOT,LUMPSUM,853760.0,30,2026,0
8562,2026-03-12,2026-03-12,TC11,SPOT,LUMPSUM,833760.0,30,2026,0
8561,2026-03-13,2026-03-13,TC11,SPOT,LUMPSUM,831240.0,30,2026,0
8560,2026-03-16,2026-03-16,TC11,SPOT,LUMPSUM,825000.0,30,2026,0
8559,2026-03-17,2026-03-17,TC11,SPOT,LUMPSUM,822520.0,30,2026,0
8558,2026-03-18,2026-03-18,TC11,SPOT,LUMPSUM,819360.0000000001,30,2026,0
8557,2026-03-19,2026-03-19,TC11,SPOT,LUMPSUM,816240.0,30,2026,0
8556,2026-03-20,2026-03-20,TC11,SPOT,LUMPSUM,805639.9999999999,30,2026,0
8555,2026-03-23,2026-03-23,TC11,SPOT,LUMPSUM,826240.0,30,2026,0
8554,2026-03-24,2026-03-24,TC11,SPOT,LUMPSUM,850639.9999999999,30,2026,0
8553,2026-03-25,2026-03-25,TC11,SPOT,LUMPSUM,855639.9999999999,30,2026,0
8552,2026-03-26,2026-03-26,TC11,SPOT,LUMPSUM,847520.0,30,2026,0
8551,2026-03-27,2026-03-27,TC11,SPOT,LUMPSUM,837880.0,30,2026,0
8550,2026-03-30,2026-03-30,TC11,SPOT,LUMPSUM,829360.0000000001,30,2026,0
8549,2026-03-31,2026-03-31,TC11,SPOT,LUMPSUM,799360.0000000001,30,2026,0
8548,2026-04-01,2026-04-01,TC11,SPOT,LUMPSUM,791880.0,29,2026,0
8547,2026-04-02,2026-04-02,TC11,SPOT,LUMPSUM,788760.0,29,2026,0
8546,2026-04-06,2026-04-06,TC11,SPOT,LUMPSUM,787760.0,29,2026,0
8545,2026-04-07,2026-04-07,TC11,SPOT,LUMPSUM,780240.0,29,2026,0
8544,2026-04-08,2026-04-08,TC11,SPOT,LUMPSUM,774360.0000000001,29,2026,0
8543,2026-04-09,2026-04-09,TC11,SPOT,LUMPSUM,777640.0,29,2026,0
8542,2026-04-10,2026-04-10,TC11,SPOT,LUMPSUM,788760.0,29,2026,0
8541,2026-04-13,2026-04-13,TC11,SPOT,LUMPSUM,796240.0,29,2026,0
8540,2026-04-14,2026-04-14,TC11,SPOT,LUMPSUM,801880.0,29,2026,0
8539,2026-04-15,2026-04-15,TC11,SPOT,LUMPSUM,815000.0,29,2026,0
8538,2026-04-16,2026-04-16,TC11,SPOT,LUMPSUM,923760.0,29,2026,0
8537,2026-04-17,2026-04-17,TC11,SPOT,LUMPSUM,963760.0,29,2026,0
8536,2026-04-20,2026-04-20,TC11,SPOT,LUMPSUM,976880.0,29,2026,0
8535,2026-04-21,2026-04-21,TC11,SPOT,LUMPSUM,986880.0,29,2026,0
8534,2026-04-22,2026-04-22,TC11,SPOT,LUMPSUM,1000000.0,29,2026,0
8533,2026-04-23,2026-04-23,TC11,SPOT,LUMPSUM,1005000.0,29,2026,0
8532,2026-04-24,2026-04-24,TC11,SPOT,LUMPSUM,997520.0,29,2026,0
8531,2026-04-27,2026-04-27,TC11,SPOT,LUMPSUM,981880.0,29,2026,0
8530,2026-04-28,2026-04-28,TC11,SPOT,LUMPSUM,969360.0,29,2026,0
8529,2026-04-29,2026-04-29,TC11,SPOT,LUMPSUM,943760.0,29,2026,0
8528,2026-04-30,2026-04-30,TC11,SPOT,LUMPSUM,930000.0,29,2026,0
8527,2026-05-04,2026-05-04,TC11,SPOT,LUMPSUM,913760.0,30,2026,0
8526,2026-05-05,2026-05-05,TC11,SPOT,LUMPSUM,891240.0,30,2026,0
8525,2026-05-06,2026-05-06,TC11,SPOT,LUMPSUM,871880.0,30,2026,0
8524,2026-05-07,2026-05-07,TC11,SPOT,LUMPSUM,851240.0,30,2026,0
8523,2026-05-08,2026-05-08,TC11,SPOT,LUMPSUM,834000.0,30,2026,0
8522,2026-05-11,2026-05-11,TC11,SPOT,LUMPSUM,823120.0,30,2026,0
8521,2026-05-12,2026-05-12,TC11,SPOT,LUMPSUM,806240.0,30,2026,0
8520,2026-05-13,2026-05-13,TC11,SPOT,LUMPSUM,778120.0,30,2026,0
8519,2026-05-14,2026-05-14,TC11,SPOT,LUMPSUM,761880.0,30,2026,0
8518,2026-05-15,2026-05-15,TC11,SPOT,LUMPSUM,751240.0,30,2026,0
8517,2026-05-18,2026-05-18,TC11,SPOT,LUMPSUM,743760.0,30,2026,0
8516,2026-05-19,2026-05-19,TC11,SPOT,LUMPSUM,736240.0,30,2026,0
8515,2026-05-20,2026-05-20,TC11,SPOT,LUMPSUM,726240.0,30,2026,0
8514,2026-05-21,2026-05-21,TC11,SPOT,LUMPSUM,721880.0,30,2026,0
8513,2026-05-22,2026-05-22,TC11,SPOT,LUMPSUM,720000.0,30,2026,0
8512,2026-05-25,2026-05-25,TC11,SPOT,LUMPSUM,718760.0,30,2026,0
8511,2026-05-26,2026-05-26,TC11,SPOT,LUMPSUM,714000.0,30,2026,0
8510,2026-05-28,2026-05-28,TC11,SPOT,LUMPSUM,711760.0,30,2026,0
8509,2026-05-29,2026-05-29,TC11,SPOT,LUMPSUM,706880.0,30,2026,0
8508,2026-06-02,2026-06-02,TC11,SPOT,LUMPSUM,705000.0,29,2026,0
8507,2026-06-03,2026-06-03,TC11,SPOT,LUMPSUM,697880.0,29,2026,0
8506,2026-06-04,2026-06-04,TC11,SPOT,LUMPSUM,693760.0,29,2026,0
8505,2026-06-05,2026-06-05,TC11,SPOT,LUMPSUM,694080.0,29,2026,0
8504,2026-06-08,2026-06-08,TC11,SPOT,LUMPSUM,690960.0,29,2026,0
8503,2026-06-09,2026-06-09,TC11,SPOT,LUMPSUM,685240.0,29,2026,0
8502,2026-06-10,2026-06-10,TC11,SPOT,LUMPSUM,678760.0,29,2026,0
8501,2026-06-11,2026-06-11,TC11,SPOT,LUMPSUM,673760.0,29,2026,0
8500,2026-06-12,2026-06-12,TC11,SPOT,LUMPSUM,666640.0,29,2026,0
8499,2026-06-15,2026-06-15,TC11,SPOT,LUMPSUM,663120.0,29,2026,0
8498,2026-06-16,2026-06-16,TC11,SPOT,LUMPSUM,665639.9999999999,29,2026,0
