Unnamed: 0,Date,TENOR_DATE,CURVE_NAME,CURVE_TYPE,UOM,Value,DAYS_TO_EXPIRY,TENOR_YEAR,DAYS_TO_EXPIRY_MASK
6333,2018-01-02,2018-01-02,TC11,SPOT,WS,101.640625,30,2018,0
6332,2018-01-03,2018-01-03,TC11,SPOT,WS,100.5338541666667,30,2018,0
6331,2018-01-04,2018-01-04,TC11,SPOT,WS,100.1692708333333,30,2018,0
6330,2018-01-05,2018-01-05,TC11,SPOT,WS,98.68489583333331,30,2018,0
6329,2018-01-08,2018-01-08,TC11,SPOT,WS,98.3203125,30,2018,0
6328,2018-01-09,2018-01-09,TC11,SPOT,WS,98.0859375,30,2018,0
6327,2018-01-10,2018-01-10,TC11,SPOT,WS,99.53125,30,2018,0
6326,2018-01-11,2018-01-11,TC11,SPOT,WS,101.71875,30,2018,0
6325,2018-01-12,2018-01-12,TC11,SPOT,WS,105.78125,30,2018,0
6324,2018-01-15,2018-01-15,TC11,SPOT,WS,109.5963541666667,30,2018,0
6323,2018-01-16,2018-01-16,TC11,SPOT,WS,112.4479166666666,30,2018,0
6322,2018-01-17,2018-01-17,TC11,SPOT,WS,113.8802083333333,30,2018,0
6321,2018-01-18,2018-01-18,TC11,SPOT,WS,115.5598958333333,30,2018,0
6320,2018-01-19,2018-01-19,TC11,SPOT,WS,114.921875,30,2018,0
6319,2018-01-22,2018-01-22,TC11,SPOT,WS,114.6223958333334,30,2018,0
6318,2018-01-23,2018-01-23,TC11,SPOT,WS,114.296875,30,2018,0
6317,2018-01-24,2018-01-24,TC11,SPOT,WS,112.3046875,30,2018,0
6316,2018-01-25,2018-01-25,TC11,SPOT,WS,110.7161458333333,30,2018,0
6315,2018-01-26,2018-01-26,TC11,SPOT,WS,109.453125,30,2018,0
6314,2018-01-29,2018-01-29,TC11,SPOT,WS,108.4114583333333,30,2018,0
6313,2018-01-30,2018-01-30,TC11,SPOT,WS,109.7786458333333,30,2018,0
6312,2018-01-31,2018-01-31,TC11,SPOT,WS,111.3671875,30,2018,0
6311,2018-02-01,2018-02-01,TC11,SPOT,WS,111.6536458333333,27,2018,0
6310,2018-02-02,2018-02-02,TC11,SPOT,WS,111.1067708333333,27,2018,0
6309,2018-02-05,2018-02-05,TC11,SPOT,WS,110.8984375,27,2018,0
6308,2018-02-06,2018-02-06,TC11,SPOT,WS,110.3515625,27,2018,0
6307,2018-02-07,2018-02-07,TC11,SPOT,WS,108.828125,27,2018,0
6306,2018-02-08,2018-02-08,TC11,SPOT,WS,108.5416666666667,27,2018,0
6305,2018-02-09,2018-02-09,TC11,SPOT,WS,107.7473958333333,27,2018,0
6304,2018-02-12,2018-02-12,TC11,SPOT,WS,108.1770833333333,27,2018,0
6303,2018-02-13,2018-02-13,TC11,SPOT,WS,108.6197916666667,27,2018,0
6302,2018-02-14,2018-02-14,TC11,SPOT,WS,109.5572916666667,27,2018,0
6301,2018-02-15,2018-02-15,TC11,SPOT,WS,109.4140625,27,2018,0
6300,2018-02-19,2018-02-19,TC11,SPOT,WS,108.6458333333333,27,2018,0
6299,2018-02-20,2018-02-20,TC11,SPOT,WS,108.6458333333333,27,2018,0
6298,2018-02-21,2018-02-21,TC11,SPOT,WS,111.328125,27,2018,0
6297,2018-02-22,2018-02-22,TC11,SPOT,WS,116.1067708333333,27,2018,0
6296,2018-02-23,2018-02-23,TC11,SPOT,WS,117.2916666666666,27,2018,0
6295,2018-02-26,2018-02-26,TC11,SPOT,WS,118.203125,27,2018,0
6294,2018-02-27,2018-02-27,TC11,SPOT,WS,119.3229166666667,27,2018,0
6293,2018-02-28,2018-02-28,TC11,SPOT,WS,119.8307291666667,27,2018,0
6292,2018-03-01,2018-03-01,TC11,SPOT,WS,124.5963541666667,30,2018,0
6291,2018-03-02,2018-03-02,TC11,SPOT,WS,135.3776041666667,30,2018,0
6290,2018-03-05,2018-03-05,TC11,SPOT,WS,142.3307291666666,30,2018,0
6289,2018-03-06,2018-03-06,TC11,SPOT,WS,143.984375,30,2018,0
6288,2018-03-07,2018-03-07,TC11,SPOT,WS,144.9348958333333,30,2018,0
6287,2018-03-08,2018-03-08,TC11,SPOT,WS,145.546875,30,2018,0
6286,2018-03-09,2018-03-09,TC11,SPOT,WS,145.546875,30,2018,0
6285,2018-03-12,2018-03-12,TC11,SPOT,WS,145.6119791666667,30,2018,0
6284,2018-03-13,2018-03-13,TC11,SPOT,WS,145.6901041666667,30,2018,0
6283,2018-03-14,2018-03-14,TC11,SPOT,WS,145.5078125,30,2018,0
6282,2018-03-15,2018-03-15,TC11,SPOT,WS,147.1354166666667,30,2018,0
6281,2018-03-16,2018-03-16,TC11,SPOT,WS,149.3359375,30,2018,0
6280,2018-03-19,2018-03-19,TC11,SPOT,WS,149.375,30,2018,0
6279,2018-03-20,2018-03-20,TC11,SPOT,WS,149.7395833333333,30,2018,0
6278,2018-03-21,2018-03-21,TC11,SPOT,WS,149.7395833333333,30,2018,0
6277,2018-03-22,2018-03-22,TC11,SPOT,WS,149.921875,30,2018,0
6276,2018-03-23,2018-03-23,TC11,SPOT,WS,150.1041666666667,30,2018,0
6275,2018-03-26,2018-03-26,TC11,SPOT,WS,149.375,30,2018,0
6274,2018-03-27,2018-03-27,TC11,SPOT,WS,147.7864583333333,30,2018,0
6273,2018-03-28,2018-03-28,TC11,SPOT,WS,145.9375,30,2018,0
6272,2018-03-29,2018-03-29,TC11,SPOT,WS,144.6354166666667,30,2018,0
6271,2018-04-02,2018-04-02,TC11,SPOT,WS,140.3385416666667,29,2018,0
6270,2018-04-03,2018-04-03,TC11,SPOT,WS,137.7994791666667,29,2018,0
6269,2018-04-04,2018-04-04,TC11,SPOT,WS,136.7708333333333,29,2018,0
6268,2018-04-05,2018-04-05,TC11,SPOT,WS,135.8203125,29,2018,0
6267,2018-04-06,2018-04-06,TC11,SPOT,WS,137.0442708333333,29,2018,0
6266,2018-04-09,2018-04-09,TC11,SPOT,WS,139.3619791666667,29,2018,0
6265,2018-04-10,2018-04-10,TC11,SPOT,WS,144.4921875,29,2018,0
6264,2018-04-11,2018-04-11,TC11,SPOT,WS,150.0651041666667,29,2018,0
6263,2018-04-12,2018-04-12,TC11,SPOT,WS,152.6302083333333,29,2018,0
6262,2018-04-13,2018-04-13,TC11,SPOT,WS,154.0104166666667,29,2018,0
6261,2018-04-16,2018-04-16,TC11,SPOT,WS,154.1145833333333,29,2018,0
6260,2018-04-17,2018-04-17,TC11,SPOT,WS,151.5494791666667,29,2018,0
6259,2018-04-18,2018-04-18,TC11,SPOT,WS,149.3098958333333,29,2018,0
6258,2018-04-19,2018-04-19,TC11,SPOT,WS,147.03125,29,2018,0
6257,2018-04-20,2018-04-20,TC11,SPOT,WS,141.9661458333333,29,2018,0
6256,2018-04-23,2018-04-23,TC11,SPOT,WS,136.953125,29,2018,0
6255,2018-04-24,2018-04-24,TC11,SPOT,WS,134.1927083333333,29,2018,0
6254,2018-04-25,2018-04-25,TC11,SPOT,WS,132.4869791666667,29,2018,0
6253,2018-04-26,2018-04-26,TC11,SPOT,WS,130.0651041666667,29,2018,0
6252,2018-04-27,2018-04-27,TC11,SPOT,WS,126.6276041666667,29,2018,0
6251,2018-04-30,2018-04-30,TC11,SPOT,WS,124.6744791666667,29,2018,0
6250,2018-05-02,2018-05-02,TC11,SPOT,WS,123.125,30,2018,0
6249,2018-05-03,2018-05-03,TC11,SPOT,WS,122.1484375,30,2018,0
6248,2018-05-04,2018-05-04,TC11,SPOT,WS,121.4583333333333,30,2018,0
6247,2018-05-07,2018-05-07,TC11,SPOT,WS,120.5208333333333,30,2018,0
6246,2018-05-08,2018-05-08,TC11,SPOT,WS,119.8958333333333,30,2018,0
6245,2018-05-09,2018-05-09,TC11,SPOT,WS,118.4114583333333,30,2018,0
6244,2018-05-10,2018-05-10,TC11,SPOT,WS,118.359375,30,2018,0
6243,2018-05-11,2018-05-11,TC11,SPOT,WS,118.4114583333333,30,2018,0
6242,2018-05-14,2018-05-14,TC11,SPOT,WS,119.7916666666667,30,2018,0
6241,2018-05-15,2018-05-15,TC11,SPOT,WS,120.4817708333333,30,2018,0
6240,2018-05-16,2018-05-16,TC11,SPOT,WS,120.0390625,30,2018,0
6239,2018-05-17,2018-05-17,TC11,SPOT,WS,119.9479166666667,30,2018,0
6238,2018-05-18,2018-05-18,TC11,SPOT,WS,119.5182291666667,30,2018,0
6237,2018-05-21,2018-05-21,TC11,SPOT,WS,119.2317708333333,30,2018,0
6236,2018-05-22,2018-05-22,TC11,SPOT,WS,118.6848958333333,30,2018,0
6235,2018-05-23,2018-05-23,TC11,SPOT,WS,118.5677083333333,30,2018,0
6234,2018-05-24,2018-05-24,TC11,SPOT,WS,118.5677083333333,30,2018,0
6233,2018-05-25,2018-05-25,TC11,SPOT,WS,118.125,30,2018,0
6232,2018-05-28,2018-05-28,TC11,SPOT,WS,116.640625,30,2018,0
6231,2018-05-30,2018-05-30,TC11,SPOT,WS,116.1197916666666,30,2018,0
6230,2018-05-31,2018-05-31,TC11,SPOT,WS,115.390625,30,2018,0
6229,2018-06-01,2018-06-01,TC11,SPOT,WS,113.4244791666667,29,2018,0
6228,2018-06-04,2018-06-04,TC11,SPOT,WS,112.7734375,29,2018,0
6227,2018-06-05,2018-06-05,TC11,SPOT,WS,111.40625,29,2018,0
6226,2018-06-06,2018-06-06,TC11,SPOT,WS,110.4947916666667,29,2018,0
6225,2018-06-07,2018-06-07,TC11,SPOT,WS,109.1536458333333,29,2018,0
6224,2018-06-08,2018-06-08,TC11,SPOT,WS,108.5546875,29,2018,0
6223,2018-06-11,2018-06-11,TC11,SPOT,WS,107.8255208333333,29,2018,0
6222,2018-06-12,2018-06-12,TC11,SPOT,WS,107.6432291666667,29,2018,0
6221,2018-06-13,2018-06-13,TC11,SPOT,WS,107.6432291666667,29,2018,0
6220,2018-06-14,2018-06-14,TC11,SPOT,WS,107.4609375,29,2018,0
6219,2018-06-18,2018-06-18,TC11,SPOT,WS,106.875,29,2018,0
6218,2018-06-19,2018-06-19,TC11,SPOT,WS,106.7838541666667,29,2018,0
6217,2018-06-20,2018-06-20,TC11,SPOT,WS,106.8098958333333,29,2018,0
6216,2018-06-21,2018-06-21,TC11,SPOT,WS,106.4453125,29,2018,0
6215,2018-06-22,2018-06-22,TC11,SPOT,WS,106.0416666666667,29,2018,0
6214,2018-06-25,2018-06-25,TC11,SPOT,WS,105.9244791666667,29,2018,0
6213,2018-06-26,2018-06-26,TC11,SPOT,WS,106.1067708333333,29,2018,0
6212,2018-06-27,2018-06-27,TC11,SPOT,WS,105.390625,29,2018,0
6211,2018-06-28,2018-06-28,TC11,SPOT,WS,103.671875,29,2018,0
6210,2018-06-29,2018-06-29,TC11,SPOT,WS,102.734375,29,2018,0
6209,2018-07-02,2018-07-02,TC11,SPOT,WS,102.9427083333333,30,2018,0
6208,2018-07-03,2018-07-03,TC11,SPOT,WS,104.3619791666667,30,2018,0
6207,2018-07-04,2018-07-04,TC11,SPOT,WS,105.9765625,30,2018,0
6206,2018-07-05,2018-07-05,TC11,SPOT,WS,111.1458333333333,30,2018,0
6205,2018-07-06,2018-07-06,TC11,SPOT,WS,114.1796875,30,2018,0
6204,2018-07-09,2018-07-09,TC11,SPOT,WS,119.8697916666667,30,2018,0
6203,2018-07-10,2018-07-10,TC11,SPOT,WS,122.5390625,30,2018,0
6202,2018-07-11,2018-07-11,TC11,SPOT,WS,124.453125,30,2018,0
6201,2018-07-12,2018-07-12,TC11,SPOT,WS,125.2473958333333,30,2018,0
6200,2018-07-13,2018-07-13,TC11,SPOT,WS,125.1041666666667,30,2018,0
6199,2018-07-16,2018-07-16,TC11,SPOT,WS,124.9479166666667,30,2018,0
6198,2018-07-17,2018-07-17,TC11,SPOT,WS,125.0520833333333,30,2018,0
6197,2018-07-18,2018-07-18,TC11,SPOT,WS,123.4505208333333,30,2018,0
6196,2018-07-19,2018-07-19,TC11,SPOT,WS,121.0416666666667,30,2018,0
6195,2018-07-20,2018-07-20,TC11,SPOT,WS,119.3229166666667,30,2018,0
6194,2018-07-23,2018-07-23,TC11,SPOT,WS,118.9583333333333,30,2018,0
6193,2018-07-24,2018-07-24,TC11,SPOT,WS,118.0859375,30,2018,0
6192,2018-07-25,2018-07-25,TC11,SPOT,WS,118.5677083333333,30,2018,0
6191,2018-07-26,2018-07-26,TC11,SPOT,WS,118.59375,30,2018,0
6190,2018-07-27,2018-07-27,TC11,SPOT,WS,119.6744791666667,30,2018,0
6189,2018-07-30,2018-07-30,TC11,SPOT,WS,119.7135416666667,30,2018,0
6188,2018-07-31,2018-07-31,TC11,SPOT,WS,118.9973958333333,30,2018,0
6187,2018-08-01,2018-08-01,TC11,SPOT,WS,118.5546875,30,2018,0
6186,2018-08-02,2018-08-02,TC11,SPOT,WS,117.0963541666667,30,2018,0
6185,2018-08-03,2018-08-03,TC11,SPOT,WS,115.8723958333333,30,2018,0
6184,2018-08-06,2018-08-06,TC11,SPOT,WS,114.1666666666667,30,2018,0
6183,2018-08-07,2018-08-07,TC11,SPOT,WS,113.8932291666667,30,2018,0
6182,2018-08-08,2018-08-08,TC11,SPOT,WS,112.4479166666666,30,2018,0
6181,2018-08-10,2018-08-10,TC11,SPOT,WS,110.2473958333333,30,2018,0
6180,2018-08-13,2018-08-13,TC11,SPOT,WS,109.2317708333333,30,2018,0
6179,2018-08-14,2018-08-14,TC11,SPOT,WS,109.1927083333333,30,2018,0
6178,2018-08-15,2018-08-15,TC11,SPOT,WS,109.1276041666667,30,2018,0
6177,2018-08-16,2018-08-16,TC11,SPOT,WS,108.3072916666667,30,2018,0
6176,2018-08-17,2018-08-17,TC11,SPOT,WS,107.5651041666666,30,2018,0
6175,2018-08-20,2018-08-20,TC11,SPOT,WS,106.4453125,30,2018,0
6174,2018-08-21,2018-08-21,TC11,SPOT,WS,106.015625,30,2018,0
6173,2018-08-23,2018-08-23,TC11,SPOT,WS,105.7291666666666,30,2018,0
6172,2018-08-24,2018-08-24,TC11,SPOT,WS,105.7552083333333,30,2018,0
6171,2018-08-27,2018-08-27,TC11,SPOT,WS,105.5208333333333,30,2018,0
6170,2018-08-28,2018-08-28,TC11,SPOT,WS,103.046875,30,2018,0
6169,2018-08-29,2018-08-29,TC11,SPOT,WS,101.8880208333333,30,2018,0
6168,2018-08-30,2018-08-30,TC11,SPOT,WS,101.640625,30,2018,0
6167,2018-08-31,2018-08-31,TC11,SPOT,WS,101.4583333333333,30,2018,0
6166,2018-09-03,2018-09-03,TC11,SPOT,WS,100.9505208333333,29,2018,0
6165,2018-09-04,2018-09-04,TC11,SPOT,WS,100.8723958333333,29,2018,0
6164,2018-09-05,2018-09-05,TC11,SPOT,WS,100.8723958333333,29,2018,0
6163,2018-09-06,2018-09-06,TC11,SPOT,WS,103.7630208333333,29,2018,0
6162,2018-09-07,2018-09-07,TC11,SPOT,WS,107.5260416666666,29,2018,0
6161,2018-09-10,2018-09-10,TC11,SPOT,WS,108.8671875,29,2018,0
6160,2018-09-11,2018-09-11,TC11,SPOT,WS,109.0494791666667,29,2018,0
6159,2018-09-12,2018-09-12,TC11,SPOT,WS,108.3203125,29,2018,0
6158,2018-09-13,2018-09-13,TC11,SPOT,WS,108.5416666666667,29,2018,0
6157,2018-09-14,2018-09-14,TC11,SPOT,WS,108.8020833333333,29,2018,0
6156,2018-09-17,2018-09-17,TC11,SPOT,WS,109.0625,29,2018,0
6155,2018-09-18,2018-09-18,TC11,SPOT,WS,108.8020833333333,29,2018,0
6154,2018-09-19,2018-09-19,TC11,SPOT,WS,108.3463541666667,29,2018,0
6153,2018-09-20,2018-09-20,TC11,SPOT,WS,108.2682291666667,29,2018,0
6152,2018-09-21,2018-09-21,TC11,SPOT,WS,107.9036458333334,29,2018,0
6151,2018-09-24,2018-09-24,TC11,SPOT,WS,107.1875,29,2018,0
6150,2018-09-25,2018-09-25,TC11,SPOT,WS,107.0182291666667,29,2018,0
6149,2018-09-26,2018-09-26,TC11,SPOT,WS,105.9765625,29,2018,0
6148,2018-09-27,2018-09-27,TC11,SPOT,WS,105.6510416666667,29,2018,0
6147,2018-09-28,2018-09-28,TC11,SPOT,WS,104.453125,29,2018,0
6146,2018-10-01,2018-10-01,TC11,SPOT,WS,99.50520833333331,30,2018,0
6145,2018-10-02,2018-10-02,TC11,SPOT,WS,97.98177083333331,30,2018,0
6144,2018-10-03,2018-10-03,TC11,SPOT,WS,96.78385416666669,30,2018,0
6143,2018-10-04,2018-10-04,TC11,SPOT,WS,97.1484375,30,2018,0
6142,2018-10-05,2018-10-05,TC11,SPOT,WS,97.04427083333331,30,2018,0
6141,2018-10-08,2018-10-08,TC11,SPOT,WS,97.74739583333331,30,2018,0
6140,2018-10-09,2018-10-09,TC11,SPOT,WS,97.890625,30,2018,0
6139,2018-10-10,2018-10-10,TC11,SPOT,WS,97.98177083333331,30,2018,0
6138,2018-10-11,2018-10-11,TC11,SPOT,WS,98.34635416666669,30,2018,0
6137,2018-10-12,2018-10-12,TC11,SPOT,WS,98.88020833333331,30,2018,0
6136,2018-10-15,2018-10-15,TC11,SPOT,WS,99.140625,30,2018,0
6135,2018-10-16,2018-10-16,TC11,SPOT,WS,99.6484375,30,2018,0
6134,2018-10-17,2018-10-17,TC11,SPOT,WS,100.0130208333333,30,2018,0
6133,2018-10-18,2018-10-18,TC11,SPOT,WS,100.7291666666667,30,2018,0
6132,2018-10-19,2018-10-19,TC11,SPOT,WS,100.8072916666667,30,2018,0
6131,2018-10-22,2018-10-22,TC11,SPOT,WS,101.015625,30,2018,0
6130,2018-10-23,2018-10-23,TC11,SPOT,WS,102.6822916666667,30,2018,0
6129,2018-10-24,2018-10-24,TC11,SPOT,WS,103.4765625,30,2018,0
6128,2018-10-25,2018-10-25,TC11,SPOT,WS,104.4010416666667,30,2018,0
6127,2018-10-26,2018-10-26,TC11,SPOT,WS,105.15625,30,2018,0
6126,2018-10-29,2018-10-29,TC11,SPOT,WS,106.0416666666667,30,2018,0
6125,2018-10-30,2018-10-30,TC11,SPOT,WS,106.6276041666667,30,2018,0
6124,2018-10-31,2018-10-31,TC11,SPOT,WS,107.1354166666667,30,2018,0
6123,2018-11-01,2018-11-01,TC11,SPOT,WS,109.5572916666667,29,2018,0
6122,2018-11-02,2018-11-02,TC11,SPOT,WS,110.9635416666667,29,2018,0
6121,2018-11-05,2018-11-05,TC11,SPOT,WS,111.8359375,29,2018,0
6120,2018-11-07,2018-11-07,TC11,SPOT,WS,118.4114583333333,29,2018,0
6119,2018-11-08,2018-11-08,TC11,SPOT,WS,118.8151041666667,29,2018,0
6118,2018-11-09,2018-11-09,TC11,SPOT,WS,120.5208333333333,29,2018,0
6117,2018-11-12,2018-11-12,TC11,SPOT,WS,122.4348958333333,29,2018,0
6116,2018-11-13,2018-11-13,TC11,SPOT,WS,121.1979166666667,29,2018,0
6115,2018-11-14,2018-11-14,TC11,SPOT,WS,121.7838541666667,29,2018,0
6114,2018-11-15,2018-11-15,TC11,SPOT,WS,123.125,29,2018,0
6113,2018-11-16,2018-11-16,TC11,SPOT,WS,125.703125,29,2018,0
6112,2018-11-19,2018-11-19,TC11,SPOT,WS,125.8984375,29,2018,0
6111,2018-11-20,2018-11-20,TC11,SPOT,WS,127.0052083333333,29,2018,0
6110,2018-11-21,2018-11-21,TC11,SPOT,WS,127.6041666666667,29,2018,0
6109,2018-11-22,2018-11-22,TC11,SPOT,WS,129.1927083333333,29,2018,0
6108,2018-11-23,2018-11-23,TC11,SPOT,WS,132.5651041666666,29,2018,0
6107,2018-11-26,2018-11-26,TC11,SPOT,WS,131.328125,29,2018,0
6106,2018-11-27,2018-11-27,TC11,SPOT,WS,130.859375,29,2018,0
6105,2018-11-28,2018-11-28,TC11,SPOT,WS,130.7552083333333,29,2018,0
6104,2018-11-29,2018-11-29,TC11,SPOT,WS,131.0807291666667,29,2018,0
6103,2018-11-30,2018-11-30,TC11,SPOT,WS,134.3359375,29,2018,0
6102,2018-12-03,2018-12-03,TC11,SPOT,WS,139.21875,30,2018,0
6101,2018-12-04,2018-12-04,TC11,SPOT,WS,154.5833333333333,30,2018,0
6100,2018-12-05,2018-12-05,TC11,SPOT,WS,159.3229166666667,30,2018,0
6099,2018-12-06,2018-12-06,TC11,SPOT,WS,165.8723958333334,30,2018,0
6098,2018-12-07,2018-12-07,TC11,SPOT,WS,171.5885416666667,30,2018,0
6097,2018-12-10,2018-12-10,TC11,SPOT,WS,175.5989583333333,30,2018,0
6096,2018-12-11,2018-12-11,TC11,SPOT,WS,182.3307291666666,30,2018,0
6095,2018-12-12,2018-12-12,TC11,SPOT,WS,190.46875,30,2018,0
6094,2018-12-13,2018-12-13,TC11,SPOT,WS,194.5833333333333,30,2018,0
6093,2018-12-14,2018-12-14,TC11,SPOT,WS,215.5729166666666,30,2018,0
6092,2018-12-17,2018-12-17,TC11,SPOT,WS,217.0182291666667,30,2018,0
6091,2018-12-18,2018-12-18,TC11,SPOT,WS,216.8359375,30,2018,0
6090,2018-12-19,2018-12-19,TC11,SPOT,WS,216.7578125,30,2018,0
6089,2018-12-20,2018-12-20,TC11,SPOT,WS,215.4947916666666,30,2018,0
6088,2018-12-21,2018-12-21,TC11,SPOT,WS,217.1223958333333,30,2018,0
6087,2018-12-24,2018-12-24,TC11,SPOT,WS,216.8359375,30,2018,0
6086,2019-01-02,2019-01-02,TC11,SPOT,WS,175.8212290502793,30,2019,0
6085,2019-01-03,2019-01-03,TC11,SPOT,WS,174.8826815642458,30,2019,0
6084,2019-01-04,2019-01-04,TC11,SPOT,WS,175.1731843575419,30,2019,0
6083,2019-01-07,2019-01-07,TC11,SPOT,WS,174.927374301676,30,2019,0
6082,2019-01-08,2019-01-08,TC11,SPOT,WS,174.3016759776536,30,2019,0
6081,2019-01-09,2019-01-09,TC11,SPOT,WS,172.4357541899441,30,2019,0
6080,2019-01-10,2019-01-10,TC11,SPOT,WS,171.6983240223464,30,2019,0
6079,2019-01-11,2019-01-11,TC11,SPOT,WS,172.0335195530726,30,2019,0
6078,2019-01-14,2019-01-14,TC11,SPOT,WS,172.3463687150838,30,2019,0
6077,2019-01-15,2019-01-15,TC11,SPOT,WS,172.5586592178771,30,2019,0
6076,2019-01-16,2019-01-16,TC11,SPOT,WS,172.1675977653631,30,2019,0
6075,2019-01-17,2019-01-17,TC11,SPOT,WS,171.5083798882682,30,2019,0
6074,2019-01-18,2019-01-18,TC11,SPOT,WS,170.8603351955307,30,2019,0
6073,2019-01-21,2019-01-21,TC11,SPOT,WS,170.391061452514,30,2019,0
6072,2019-01-22,2019-01-22,TC11,SPOT,WS,168.9944134078212,30,2019,0
6071,2019-01-23,2019-01-23,TC11,SPOT,WS,162.6033519553073,30,2019,0
6070,2019-01-24,2019-01-24,TC11,SPOT,WS,158.5921787709497,30,2019,0
6069,2019-01-25,2019-01-25,TC11,SPOT,WS,156.268156424581,30,2019,0
6068,2019-01-28,2019-01-28,TC11,SPOT,WS,153.4748603351955,30,2019,0
6067,2019-01-29,2019-01-29,TC11,SPOT,WS,149.2849162011173,30,2019,0
6066,2019-01-30,2019-01-30,TC11,SPOT,WS,143.2625698324022,30,2019,0
6065,2019-01-31,2019-01-31,TC11,SPOT,WS,135.7877094972067,30,2019,0
6064,2019-02-01,2019-02-01,TC11,SPOT,WS,132.5251396648045,27,2019,0
6063,2019-02-04,2019-02-04,TC11,SPOT,WS,130.8826815642458,27,2019,0
6062,2019-02-07,2019-02-07,TC11,SPOT,WS,129.7988826815643,27,2019,0
6061,2019-02-08,2019-02-08,TC11,SPOT,WS,128.8938547486034,27,2019,0
6060,2019-02-11,2019-02-11,TC11,SPOT,WS,126.8491620111732,27,2019,0
6059,2019-02-12,2019-02-12,TC11,SPOT,WS,125.1061452513966,27,2019,0
6058,2019-02-13,2019-02-13,TC11,SPOT,WS,122.6145251396648,27,2019,0
6057,2019-02-14,2019-02-14,TC11,SPOT,WS,122.2569832402235,27,2019,0
6056,2019-02-15,2019-02-15,TC11,SPOT,WS,122.2346368715084,27,2019,0
6055,2019-02-18,2019-02-18,TC11,SPOT,WS,122.2569832402235,27,2019,0
6054,2019-02-19,2019-02-19,TC11,SPOT,WS,122.122905027933,27,2019,0
6053,2019-02-20,2019-02-20,TC11,SPOT,WS,122.122905027933,27,2019,0
6052,2019-02-21,2019-02-21,TC11,SPOT,WS,121.8994413407821,27,2019,0
6051,2019-02-22,2019-02-22,TC11,SPOT,WS,120.5586592178771,27,2019,0
6050,2019-02-25,2019-02-25,TC11,SPOT,WS,119.6648044692738,27,2019,0
6049,2019-02-26,2019-02-26,TC11,SPOT,WS,118.3240223463687,27,2019,0
6048,2019-02-27,2019-02-27,TC11,SPOT,WS,116.9497206703911,27,2019,0
6047,2019-02-28,2019-02-28,TC11,SPOT,WS,116.0893854748603,27,2019,0
6046,2019-03-01,2019-03-01,TC11,SPOT,WS,115.195530726257,30,2019,0
6045,2019-03-04,2019-03-04,TC11,SPOT,WS,114.413407821229,30,2019,0
6044,2019-03-05,2019-03-05,TC11,SPOT,WS,113.4078212290503,30,2019,0
6043,2019-03-06,2019-03-06,TC11,SPOT,WS,111.5083798882682,30,2019,0
6042,2019-03-07,2019-03-07,TC11,SPOT,WS,111.6201117318436,30,2019,0
6041,2019-03-08,2019-03-08,TC11,SPOT,WS,110.6145251396648,30,2019,0
6040,2019-03-11,2019-03-11,TC11,SPOT,WS,111.0614525139665,30,2019,0
6039,2019-03-12,2019-03-12,TC11,SPOT,WS,111.3966480446927,30,2019,0
6038,2019-03-13,2019-03-13,TC11,SPOT,WS,111.3966480446927,30,2019,0
6037,2019-03-14,2019-03-14,TC11,SPOT,WS,111.6201117318436,30,2019,0
6036,2019-03-15,2019-03-15,TC11,SPOT,WS,113.854748603352,30,2019,0
6035,2019-03-18,2019-03-18,TC11,SPOT,WS,124.5810055865922,30,2019,0
6034,2019-03-19,2019-03-19,TC11,SPOT,WS,131.9553072625698,30,2019,0
6033,2019-03-20,2019-03-20,TC11,SPOT,WS,133.9664804469274,30,2019,0
6032,2019-03-21,2019-03-21,TC11,SPOT,WS,135.0837988826816,30,2019,0
6031,2019-03-22,2019-03-22,TC11,SPOT,WS,134.5251396648044,30,2019,0
6030,2019-03-25,2019-03-25,TC11,SPOT,WS,133.9664804469274,30,2019,0
6029,2019-03-26,2019-03-26,TC11,SPOT,WS,132.0670391061452,30,2019,0
6028,2019-03-27,2019-03-27,TC11,SPOT,WS,131.731843575419,30,2019,0
6027,2019-03-28,2019-03-28,TC11,SPOT,WS,131.3966480446927,30,2019,0
6026,2019-03-29,2019-03-29,TC11,SPOT,WS,132.0670391061452,30,2019,0
6025,2019-04-01,2019-04-01,TC11,SPOT,WS,131.0614525139665,29,2019,0
6024,2019-04-02,2019-04-02,TC11,SPOT,WS,130.0558659217877,29,2019,0
6023,2019-04-03,2019-04-03,TC11,SPOT,WS,130.2793296089386,29,2019,0
6022,2019-04-04,2019-04-04,TC11,SPOT,WS,130.5027932960894,29,2019,0
6021,2019-04-05,2019-04-05,TC11,SPOT,WS,130.7262569832402,29,2019,0
6020,2019-04-08,2019-04-08,TC11,SPOT,WS,130.7262569832402,29,2019,0
6019,2019-04-09,2019-04-09,TC11,SPOT,WS,130.8379888268157,29,2019,0
6018,2019-04-10,2019-04-10,TC11,SPOT,WS,130.8379888268157,29,2019,0
6017,2019-04-11,2019-04-11,TC11,SPOT,WS,130.9497206703911,29,2019,0
6016,2019-04-12,2019-04-12,TC11,SPOT,WS,132.5139664804469,29,2019,0
6015,2019-04-15,2019-04-15,TC11,SPOT,WS,133.4078212290503,29,2019,0
6014,2019-04-16,2019-04-16,TC11,SPOT,WS,135.0837988826816,29,2019,0
6013,2019-04-17,2019-04-17,TC11,SPOT,WS,136.2011173184358,29,2019,0
6012,2019-04-18,2019-04-18,TC11,SPOT,WS,137.0949720670391,29,2019,0
6011,2019-04-22,2019-04-22,TC11,SPOT,WS,136.9832402234637,29,2019,0
6010,2019-04-23,2019-04-23,TC11,SPOT,WS,136.0893854748603,29,2019,0
6009,2019-04-24,2019-04-24,TC11,SPOT,WS,133.4078212290503,29,2019,0
6008,2019-04-25,2019-04-25,TC11,SPOT,WS,132.2905027932961,29,2019,0
6007,2019-04-26,2019-04-26,TC11,SPOT,WS,128.0446927374302,29,2019,0
6006,2019-04-29,2019-04-29,TC11,SPOT,WS,125.0279329608938,29,2019,0
6005,2019-04-30,2019-04-30,TC11,SPOT,WS,123.2402234636871,29,2019,0
6004,2019-05-02,2019-05-02,TC11,SPOT,WS,121.0055865921788,30,2019,0
6003,2019-05-03,2019-05-03,TC11,SPOT,WS,118.2122905027933,30,2019,0
6002,2019-05-06,2019-05-06,TC11,SPOT,WS,113.9664804469274,30,2019,0
6001,2019-05-07,2019-05-07,TC11,SPOT,WS,112.4022346368715,30,2019,0
6000,2019-05-08,2019-05-08,TC11,SPOT,WS,111.3966480446927,30,2019,0
5999,2019-05-09,2019-05-09,TC11,SPOT,WS,110.7262569832402,30,2019,0
5998,2019-05-10,2019-05-10,TC11,SPOT,WS,109.3854748603352,30,2019,0
5997,2019-05-13,2019-05-13,TC11,SPOT,WS,108.4916201117319,30,2019,0
5996,2019-05-14,2019-05-14,TC11,SPOT,WS,106.7039106145251,30,2019,0
5995,2019-05-15,2019-05-15,TC11,SPOT,WS,106.2569832402235,30,2019,0
5994,2019-05-16,2019-05-16,TC11,SPOT,WS,106.2569832402235,30,2019,0
5993,2019-05-17,2019-05-17,TC11,SPOT,WS,105.8100558659218,30,2019,0
5992,2019-05-21,2019-05-21,TC11,SPOT,WS,105.0279329608938,30,2019,0
5991,2019-05-22,2019-05-22,TC11,SPOT,WS,102.3463687150838,30,2019,0
5990,2019-05-23,2019-05-23,TC11,SPOT,WS,102.0111731843576,30,2019,0
5989,2019-05-24,2019-05-24,TC11,SPOT,WS,101.1173184357542,30,2019,0
5988,2019-05-27,2019-05-27,TC11,SPOT,WS,100.5586592178771,30,2019,0
5987,2019-05-28,2019-05-28,TC11,SPOT,WS,100.5586592178771,30,2019,0
5986,2019-05-29,2019-05-29,TC11,SPOT,WS,100.4469273743017,30,2019,0
5985,2019-05-30,2019-05-30,TC11,SPOT,WS,100.4469273743017,30,2019,0
5984,2019-05-31,2019-05-31,TC11,SPOT,WS,100.4469273743017,30,2019,0
5983,2019-06-03,2019-06-03,TC11,SPOT,WS,99.66480446927376,29,2019,0
5982,2019-06-04,2019-06-04,TC11,SPOT,WS,99.66480446927376,29,2019,0
5981,2019-06-06,2019-06-06,TC11,SPOT,WS,99.55307262569832,29,2019,0
5980,2019-06-07,2019-06-07,TC11,SPOT,WS,100.1117318435754,29,2019,0
5979,2019-06-10,2019-06-10,TC11,SPOT,WS,103.3519553072626,29,2019,0
5978,2019-06-11,2019-06-11,TC11,SPOT,WS,115.3072625698324,29,2019,0
5977,2019-06-12,2019-06-12,TC11,SPOT,WS,117.7653631284916,29,2019,0
5976,2019-06-13,2019-06-13,TC11,SPOT,WS,120.5586592178771,29,2019,0
5975,2019-06-14,2019-06-14,TC11,SPOT,WS,138.8826815642458,29,2019,0
5974,2019-06-17,2019-06-17,TC11,SPOT,WS,143.1284916201117,29,2019,0
5973,2019-06-18,2019-06-18,TC11,SPOT,WS,146.4804469273743,29,2019,0
5972,2019-06-19,2019-06-19,TC11,SPOT,WS,150.2793296089386,29,2019,0
5971,2019-06-20,2019-06-20,TC11,SPOT,WS,152.1787709497207,29,2019,0
5970,2019-06-21,2019-06-21,TC11,SPOT,WS,153.072625698324,29,2019,0
5969,2019-06-24,2019-06-24,TC11,SPOT,WS,149.608938547486,29,2019,0
5968,2019-06-25,2019-06-25,TC11,SPOT,WS,146.0335195530726,29,2019,0
5967,2019-06-26,2019-06-26,TC11,SPOT,WS,136.3128491620112,29,2019,0
5966,2019-06-27,2019-06-27,TC11,SPOT,WS,134.1899441340782,29,2019,0
5965,2019-06-28,2019-06-28,TC11,SPOT,WS,133.072625698324,29,2019,0
5964,2019-07-01,2019-07-01,TC11,SPOT,WS,131.9664804469274,30,2019,0
5963,2019-07-02,2019-07-02,TC11,SPOT,WS,130.8379888268157,30,2019,0
5962,2019-07-03,2019-07-03,TC11,SPOT,WS,129.6759776536313,30,2019,0
5961,2019-07-04,2019-07-04,TC11,SPOT,WS,128.7150837988827,30,2019,0
5960,2019-07-05,2019-07-05,TC11,SPOT,WS,128.0446927374302,30,2019,0
5959,2019-07-08,2019-07-08,TC11,SPOT,WS,125.586592178771,30,2019,0
5958,2019-07-09,2019-07-09,TC11,SPOT,WS,124.2458100558659,30,2019,0
5957,2019-07-10,2019-07-10,TC11,SPOT,WS,121.340782122905,30,2019,0
5956,2019-07-11,2019-07-11,TC11,SPOT,WS,120.0,30,2019,0
5955,2019-07-12,2019-07-12,TC11,SPOT,WS,119.5530726256983,30,2019,0
5954,2019-07-15,2019-07-15,TC11,SPOT,WS,119.1061452513966,30,2019,0
5953,2019-07-16,2019-07-16,TC11,SPOT,WS,118.3240223463687,30,2019,0
5952,2019-07-17,2019-07-17,TC11,SPOT,WS,116.6480446927374,30,2019,0
5951,2019-07-18,2019-07-18,TC11,SPOT,WS,115.7541899441341,30,2019,0
5950,2019-07-19,2019-07-19,TC11,SPOT,WS,113.6312849162011,30,2019,0
5949,2019-07-22,2019-07-22,TC11,SPOT,WS,112.6256983240224,30,2019,0
5948,2019-07-23,2019-07-23,TC11,SPOT,WS,113.6312849162011,30,2019,0
5947,2019-07-24,2019-07-24,TC11,SPOT,WS,114.0782122905028,30,2019,0
5946,2019-07-25,2019-07-25,TC11,SPOT,WS,114.3016759776536,30,2019,0
5945,2019-07-26,2019-07-26,TC11,SPOT,WS,114.7486033519553,30,2019,0
5944,2019-07-29,2019-07-29,TC11,SPOT,WS,115.195530726257,30,2019,0
5943,2019-07-30,2019-07-30,TC11,SPOT,WS,115.9776536312849,30,2019,0
5942,2019-07-31,2019-07-31,TC11,SPOT,WS,119.4413407821229,30,2019,0
5941,2019-08-01,2019-08-01,TC11,SPOT,WS,120.3351955307262,30,2019,0
5940,2019-08-02,2019-08-02,TC11,SPOT,WS,121.5642458100559,30,2019,0
5939,2019-08-05,2019-08-05,TC11,SPOT,WS,121.5642458100559,30,2019,0
5938,2019-08-06,2019-08-06,TC11,SPOT,WS,121.8994413407821,30,2019,0
5937,2019-08-07,2019-08-07,TC11,SPOT,WS,122.122905027933,30,2019,0
5936,2019-08-08,2019-08-08,TC11,SPOT,WS,120.8938547486034,30,2019,0
5935,2019-08-13,2019-08-13,TC11,SPOT,WS,120.1117318435754,30,2019,0
5934,2019-08-14,2019-08-14,TC11,SPOT,WS,119.5530726256983,30,2019,0
5933,2019-08-15,2019-08-15,TC11,SPOT,WS,119.6648044692738,30,2019,0
5932,2019-08-16,2019-08-16,TC11,SPOT,WS,120.1117318435754,30,2019,0
5931,2019-08-19,2019-08-19,TC11,SPOT,WS,121.340782122905,30,2019,0
5930,2019-08-20,2019-08-20,TC11,SPOT,WS,120.6703910614525,30,2019,0
5929,2019-08-21,2019-08-21,TC11,SPOT,WS,121.340782122905,30,2019,0
5928,2019-08-22,2019-08-22,TC11,SPOT,WS,121.2290502793296,30,2019,0
5927,2019-08-23,2019-08-23,TC11,SPOT,WS,120.6703910614525,30,2019,0
5926,2019-08-26,2019-08-26,TC11,SPOT,WS,120.1117318435754,30,2019,0
5925,2019-08-27,2019-08-27,TC11,SPOT,WS,119.5530726256983,30,2019,0
5924,2019-08-28,2019-08-28,TC11,SPOT,WS,118.5474860335196,30,2019,0
5923,2019-08-29,2019-08-29,TC11,SPOT,WS,117.9888268156424,30,2019,0
5922,2019-08-30,2019-08-30,TC11,SPOT,WS,117.9888268156424,30,2019,0
5921,2019-09-02,2019-09-02,TC11,SPOT,WS,117.4301675977654,29,2019,0
5920,2019-09-03,2019-09-03,TC11,SPOT,WS,116.6480446927374,29,2019,0
5919,2019-09-04,2019-09-04,TC11,SPOT,WS,119.5530726256983,29,2019,0
5918,2019-09-05,2019-09-05,TC11,SPOT,WS,122.0111731843576,29,2019,0
5917,2019-09-06,2019-09-06,TC11,SPOT,WS,127.3743016759776,29,2019,0
5916,2019-09-09,2019-09-09,TC11,SPOT,WS,134.413407821229,29,2019,0
5915,2019-09-10,2019-09-10,TC11,SPOT,WS,136.2011173184358,29,2019,0
5914,2019-09-11,2019-09-11,TC11,SPOT,WS,136.536312849162,29,2019,0
5913,2019-09-12,2019-09-12,TC11,SPOT,WS,136.8715083798883,29,2019,0
5912,2019-09-13,2019-09-13,TC11,SPOT,WS,137.5418994413407,29,2019,0
5911,2019-09-16,2019-09-16,TC11,SPOT,WS,138.659217877095,29,2019,0
5910,2019-09-18,2019-09-18,TC11,SPOT,WS,148.6033519553073,29,2019,0
5909,2019-09-19,2019-09-19,TC11,SPOT,WS,149.3854748603352,29,2019,0
5908,2019-09-20,2019-09-20,TC11,SPOT,WS,149.3854748603352,29,2019,0
5907,2019-09-23,2019-09-23,TC11,SPOT,WS,146.927374301676,29,2019,0
5906,2019-09-24,2019-09-24,TC11,SPOT,WS,137.9888268156424,29,2019,0
5905,2019-09-25,2019-09-25,TC11,SPOT,WS,131.6201117318436,29,2019,0
5904,2019-09-26,2019-09-26,TC11,SPOT,WS,127.8212290502793,29,2019,0
5903,2019-09-27,2019-09-27,TC11,SPOT,WS,122.0111731843576,29,2019,0
5902,2019-09-30,2019-09-30,TC11,SPOT,WS,120.6703910614525,29,2019,0
5901,2019-10-01,2019-10-01,TC11,SPOT,WS,116.7597765363129,30,2019,0
5900,2019-10-02,2019-10-02,TC11,SPOT,WS,115.4189944134078,30,2019,0
5899,2019-10-03,2019-10-03,TC11,SPOT,WS,115.195530726257,30,2019,0
5898,2019-10-04,2019-10-04,TC11,SPOT,WS,115.5307262569832,30,2019,0
5897,2019-10-07,2019-10-07,TC11,SPOT,WS,117.0949720670391,30,2019,0
5896,2019-10-08,2019-10-08,TC11,SPOT,WS,119.7765363128492,30,2019,0
5895,2019-10-09,2019-10-09,TC11,SPOT,WS,120.8938547486034,30,2019,0
5894,2019-10-10,2019-10-10,TC11,SPOT,WS,122.3463687150838,30,2019,0
5893,2019-10-11,2019-10-11,TC11,SPOT,WS,124.6927374301676,30,2019,0
5892,2019-10-14,2019-10-14,TC11,SPOT,WS,130.9497206703911,30,2019,0
5891,2019-10-15,2019-10-15,TC11,SPOT,WS,144.0223463687151,30,2019,0
5890,2019-10-16,2019-10-16,TC11,SPOT,WS,184.2458100558659,30,2019,0
5889,2019-10-17,2019-10-17,TC11,SPOT,WS,193.1843575418994,30,2019,0
5888,2019-10-18,2019-10-18,TC11,SPOT,WS,187.2625698324023,30,2019,0
5887,2019-10-21,2019-10-21,TC11,SPOT,WS,172.8491620111732,30,2019,0
5886,2019-10-22,2019-10-22,TC11,SPOT,WS,156.536312849162,30,2019,0
5885,2019-10-23,2019-10-23,TC11,SPOT,WS,145.6983240223464,30,2019,0
5884,2019-10-24,2019-10-24,TC11,SPOT,WS,136.0893854748603,30,2019,0
5883,2019-10-25,2019-10-25,TC11,SPOT,WS,133.4078212290503,30,2019,0
5882,2019-10-29,2019-10-29,TC11,SPOT,WS,129.8324022346368,30,2019,0
5881,2019-10-30,2019-10-30,TC11,SPOT,WS,127.0391061452514,30,2019,0
5880,2019-10-31,2019-10-31,TC11,SPOT,WS,128.4916201117318,30,2019,0
5879,2019-11-01,2019-11-01,TC11,SPOT,WS,138.1005586592179,29,2019,0
5878,2019-11-04,2019-11-04,TC11,SPOT,WS,140.1117318435754,29,2019,0
5877,2019-11-05,2019-11-05,TC11,SPOT,WS,145.8100558659218,29,2019,0
5876,2019-11-06,2019-11-06,TC11,SPOT,WS,148.1564245810056,29,2019,0
5875,2019-11-07,2019-11-07,TC11,SPOT,WS,150.2793296089386,29,2019,0
5874,2019-11-08,2019-11-08,TC11,SPOT,WS,151.9553072625698,29,2019,0
5873,2019-11-11,2019-11-11,TC11,SPOT,WS,153.2960893854749,29,2019,0
5872,2019-11-12,2019-11-12,TC11,SPOT,WS,152.9608938547486,29,2019,0
5871,2019-11-13,2019-11-13,TC11,SPOT,WS,151.5083798882682,29,2019,0
5870,2019-11-14,2019-11-14,TC11,SPOT,WS,148.9385474860335,29,2019,0
5869,2019-11-15,2019-11-15,TC11,SPOT,WS,148.4916201117318,29,2019,0
5868,2019-11-18,2019-11-18,TC11,SPOT,WS,148.7150837988827,29,2019,0
5867,2019-11-19,2019-11-19,TC11,SPOT,WS,149.4972067039106,29,2019,0
5866,2019-11-20,2019-11-20,TC11,SPOT,WS,148.9385474860335,29,2019,0
5865,2019-11-21,2019-11-21,TC11,SPOT,WS,149.608938547486,29,2019,0
5864,2019-11-22,2019-11-22,TC11,SPOT,WS,150.1675977653631,29,2019,0
5863,2019-11-25,2019-11-25,TC11,SPOT,WS,151.6201117318436,29,2019,0
5862,2019-11-26,2019-11-26,TC11,SPOT,WS,151.731843575419,29,2019,0
5861,2019-11-27,2019-11-27,TC11,SPOT,WS,150.9497206703911,29,2019,0
5860,2019-11-28,2019-11-28,TC11,SPOT,WS,150.6145251396648,29,2019,0
5859,2019-11-29,2019-11-29,TC11,SPOT,WS,150.8379888268156,29,2019,0
5858,2019-12-02,2019-12-02,TC11,SPOT,WS,152.0670391061452,30,2019,0
5857,2019-12-03,2019-12-03,TC11,SPOT,WS,153.1843575418994,30,2019,0
5856,2019-12-04,2019-12-04,TC11,SPOT,WS,153.1843575418994,30,2019,0
5855,2019-12-05,2019-12-05,TC11,SPOT,WS,152.9608938547486,30,2019,0
5854,2019-12-06,2019-12-06,TC11,SPOT,WS,152.9608938547486,30,2019,0
5853,2019-12-09,2019-12-09,TC11,SPOT,WS,156.9832402234637,30,2019,0
5852,2019-12-10,2019-12-10,TC11,SPOT,WS,160.2234636871509,30,2019,0
5851,2019-12-11,2019-12-11,TC11,SPOT,WS,165.1396648044693,30,2019,0
5850,2019-12-12,2019-12-12,TC11,SPOT,WS,169.1620111731844,30,2019,0
5849,2019-12-13,2019-12-13,TC11,SPOT,WS,172.8491620111732,30,2019,0
5848,2019-12-16,2019-12-16,TC11,SPOT,WS,174.413407821229,30,2019,0
5847,2019-12-17,2019-12-17,TC11,SPOT,WS,178.659217877095,30,2019,0
5846,2019-12-18,2019-12-18,TC11,SPOT,WS,180.5586592178771,30,2019,0
5845,2019-12-19,2019-12-19,TC11,SPOT,WS,180.5586592178771,30,2019,0
5844,2019-12-20,2019-12-20,TC11,SPOT,WS,180.0,30,2019,0
5843,2019-12-23,2019-12-23,TC11,SPOT,WS,176.4245810055866,30,2019,0
5842,2019-12-24,2019-12-24,TC11,SPOT,WS,169.9441340782123,30,2019,0
5841,2020-01-02,2020-01-02,TC11,SPOT,WS,131.0836501901141,30,2020,0
5840,2020-01-03,2020-01-03,TC11,SPOT,WS,129.0874524714829,30,2020,0
5839,2020-01-06,2020-01-06,TC11,SPOT,WS,127.5665399239544,30,2020,0
5838,2020-01-07,2020-01-07,TC11,SPOT,WS,124.2395437262357,30,2020,0
5837,2020-01-08,2020-01-08,TC11,SPOT,WS,125.8555133079848,30,2020,0
5836,2020-01-09,2020-01-09,TC11,SPOT,WS,129.277566539924,30,2020,0
5835,2020-01-10,2020-01-10,TC11,SPOT,WS,131.8441064638783,30,2020,0
5834,2020-01-13,2020-01-13,TC11,SPOT,WS,135.6463878326996,30,2020,0
5833,2020-01-14,2020-01-14,TC11,SPOT,WS,136.0266159695817,30,2020,0
5832,2020-01-15,2020-01-15,TC11,SPOT,WS,134.9809885931559,30,2020,0
5831,2020-01-16,2020-01-16,TC11,SPOT,WS,133.4600760456273,30,2020,0
5830,2020-01-17,2020-01-17,TC11,SPOT,WS,131.9391634980988,30,2020,0
5829,2020-01-20,2020-01-20,TC11,SPOT,WS,128.9923954372624,30,2020,0
5828,2020-01-21,2020-01-21,TC11,SPOT,WS,126.5209125475285,30,2020,0
5827,2020-01-22,2020-01-22,TC11,SPOT,WS,124.2395437262357,30,2020,0
5826,2020-01-23,2020-01-23,TC11,SPOT,WS,119.7718631178707,30,2020,0
5825,2020-01-24,2020-01-24,TC11,SPOT,WS,116.7300380228137,30,2020,0
5824,2020-01-28,2020-01-28,TC11,SPOT,WS,114.4486692015209,30,2020,0
5823,2020-01-29,2020-01-29,TC11,SPOT,WS,111.6920152091255,30,2020,0
5822,2020-01-30,2020-01-30,TC11,SPOT,WS,110.6463878326996,30,2020,0
5821,2020-01-31,2020-01-31,TC11,SPOT,WS,107.6045627376426,30,2020,0
5820,2020-02-03,2020-02-03,TC11,SPOT,WS,104.9429657794677,28,2020,0
5819,2020-02-04,2020-02-04,TC11,SPOT,WS,103.1368821292776,28,2020,0
5818,2020-02-05,2020-02-05,TC11,SPOT,WS,98.19391634980988,28,2020,0
5817,2020-02-06,2020-02-06,TC11,SPOT,WS,96.38783269961978,28,2020,0
5816,2020-02-07,2020-02-07,TC11,SPOT,WS,94.86692015209124,28,2020,0
5815,2020-02-10,2020-02-10,TC11,SPOT,WS,94.3916349809886,28,2020,0
5814,2020-02-11,2020-02-11,TC11,SPOT,WS,94.6768060836502,28,2020,0
5813,2020-02-12,2020-02-12,TC11,SPOT,WS,94.3916349809886,28,2020,0
5812,2020-02-13,2020-02-13,TC11,SPOT,WS,96.10266159695816,28,2020,0
5811,2020-02-14,2020-02-14,TC11,SPOT,WS,100.9505703422053,28,2020,0
5810,2020-02-17,2020-02-17,TC11,SPOT,WS,103.5171102661597,28,2020,0
5809,2020-02-18,2020-02-18,TC11,SPOT,WS,104.9429657794677,28,2020,0
5808,2020-02-19,2020-02-19,TC11,SPOT,WS,106.2737642585551,28,2020,0
5807,2020-02-20,2020-02-20,TC11,SPOT,WS,107.8897338403042,28,2020,0
5806,2020-02-21,2020-02-21,TC11,SPOT,WS,110.361216730038,28,2020,0
5805,2020-02-24,2020-02-24,TC11,SPOT,WS,113.212927756654,28,2020,0
5804,2020-02-25,2020-02-25,TC11,SPOT,WS,116.3498098859316,28,2020,0
5803,2020-02-26,2020-02-26,TC11,SPOT,WS,117.680608365019,28,2020,0
5802,2020-02-27,2020-02-27,TC11,SPOT,WS,121.5779467680608,28,2020,0
5801,2020-02-28,2020-02-28,TC11,SPOT,WS,124.4296577946768,28,2020,0
5800,2020-03-02,2020-03-02,TC11,SPOT,WS,126.9961977186312,30,2020,0
5799,2020-03-03,2020-03-03,TC11,SPOT,WS,130.0380228136882,30,2020,0
5798,2020-03-04,2020-03-04,TC11,SPOT,WS,134.4106463878327,30,2020,0
5797,2020-03-05,2020-03-05,TC11,SPOT,WS,138.4980988593156,30,2020,0
5796,2020-03-06,2020-03-06,TC11,SPOT,WS,140.5893536121673,30,2020,0
5795,2020-03-09,2020-03-09,TC11,SPOT,WS,142.0152091254753,30,2020,0
5794,2020-03-10,2020-03-10,TC11,SPOT,WS,148.7642585551331,30,2020,0
5793,2020-03-11,2020-03-11,TC11,SPOT,WS,151.7110266159696,30,2020,0
5792,2020-03-12,2020-03-12,TC11,SPOT,WS,153.8973384030418,30,2020,0
5791,2020-03-13,2020-03-13,TC11,SPOT,WS,155.2281368821292,30,2020,0
5790,2020-03-16,2020-03-16,TC11,SPOT,WS,156.1787072243346,30,2020,0
5789,2020-03-17,2020-03-17,TC11,SPOT,WS,157.4144486692015,30,2020,0
5788,2020-03-18,2020-03-18,TC11,SPOT,WS,159.7908745247148,30,2020,0
5787,2020-03-19,2020-03-19,TC11,SPOT,WS,160.4562737642586,30,2020,0
5786,2020-03-20,2020-03-20,TC11,SPOT,WS,162.0722433460076,30,2020,0
5785,2020-03-23,2020-03-23,TC11,SPOT,WS,161.3117870722433,30,2020,0
5784,2020-03-24,2020-03-24,TC11,SPOT,WS,161.596958174905,30,2020,0
5783,2020-03-25,2020-03-25,TC11,SPOT,WS,161.1216730038023,30,2020,0
5782,2020-03-26,2020-03-26,TC11,SPOT,WS,160.361216730038,30,2020,0
5781,2020-03-27,2020-03-27,TC11,SPOT,WS,159.6007604562738,30,2020,0
5780,2020-03-30,2020-03-30,TC11,SPOT,WS,157.8897338403042,30,2020,0
5779,2020-03-31,2020-03-31,TC11,SPOT,WS,155.5133079847909,30,2020,0
5778,2020-04-01,2020-04-01,TC11,SPOT,WS,153.2319391634981,29,2020,0
5777,2020-04-02,2020-04-02,TC11,SPOT,WS,151.7110266159696,29,2020,0
5776,2020-04-03,2020-04-03,TC11,SPOT,WS,150.4752851711027,29,2020,0
5775,2020-04-06,2020-04-06,TC11,SPOT,WS,147.9087452471483,29,2020,0
5774,2020-04-07,2020-04-07,TC11,SPOT,WS,146.5779467680608,29,2020,0
5773,2020-04-08,2020-04-08,TC11,SPOT,WS,143.7262357414449,29,2020,0
5772,2020-04-09,2020-04-09,TC11,SPOT,WS,141.3498098859316,29,2020,0
5771,2020-04-13,2020-04-13,TC11,SPOT,WS,139.9239543726236,29,2020,0
5770,2020-04-14,2020-04-14,TC11,SPOT,WS,138.9733840304183,29,2020,0
5769,2020-04-15,2020-04-15,TC11,SPOT,WS,138.403041825095,29,2020,0
5768,2020-04-16,2020-04-16,TC11,SPOT,WS,138.3079847908745,29,2020,0
5767,2020-04-17,2020-04-17,TC11,SPOT,WS,141.6349809885932,29,2020,0
5766,2020-04-20,2020-04-20,TC11,SPOT,WS,144.2015209125475,29,2020,0
5765,2020-04-21,2020-04-21,TC11,SPOT,WS,155.0380228136882,29,2020,0
5764,2020-04-22,2020-04-22,TC11,SPOT,WS,169.2965779467681,29,2020,0
5763,2020-04-23,2020-04-23,TC11,SPOT,WS,216.3498098859316,29,2020,0
5762,2020-04-24,2020-04-24,TC11,SPOT,WS,225.6653992395437,29,2020,0
5761,2020-04-27,2020-04-27,TC11,SPOT,WS,228.1368821292776,29,2020,0
5760,2020-04-28,2020-04-28,TC11,SPOT,WS,229.5627376425855,29,2020,0
5759,2020-04-29,2020-04-29,TC11,SPOT,WS,225.3802281368821,29,2020,0
5758,2020-04-30,2020-04-30,TC11,SPOT,WS,219.9619771863118,29,2020,0
5757,2020-05-04,2020-05-04,TC11,SPOT,WS,212.4524714828897,30,2020,0
5756,2020-05-05,2020-05-05,TC11,SPOT,WS,200.0,30,2020,0
5755,2020-05-06,2020-05-06,TC11,SPOT,WS,195.532319391635,30,2020,0
5754,2020-05-08,2020-05-08,TC11,SPOT,WS,187.4524714828897,30,2020,0
5753,2020-05-11,2020-05-11,TC11,SPOT,WS,179.8479087452472,30,2020,0
5752,2020-05-12,2020-05-12,TC11,SPOT,WS,158.5551330798479,30,2020,0
5751,2020-05-13,2020-05-13,TC11,SPOT,WS,124.7148288973384,30,2020,0
5750,2020-05-14,2020-05-14,TC11,SPOT,WS,111.787072243346,30,2020,0
5749,2020-05-15,2020-05-15,TC11,SPOT,WS,100.7604562737643,30,2020,0
5748,2020-05-18,2020-05-18,TC11,SPOT,WS,96.67300380228136,30,2020,0
5747,2020-05-19,2020-05-19,TC11,SPOT,WS,91.06463878326996,30,2020,0
5746,2020-05-20,2020-05-20,TC11,SPOT,WS,88.87832699619771,30,2020,0
5745,2020-05-21,2020-05-21,TC11,SPOT,WS,84.88593155893535,30,2020,0
5744,2020-05-22,2020-05-22,TC11,SPOT,WS,82.98479087452472,30,2020,0
5743,2020-05-26,2020-05-26,TC11,SPOT,WS,82.60456273764258,30,2020,0
5742,2020-05-27,2020-05-27,TC11,SPOT,WS,81.65399239543726,30,2020,0
5741,2020-05-28,2020-05-28,TC11,SPOT,WS,80.51330798479087,30,2020,0
5740,2020-05-29,2020-05-29,TC11,SPOT,WS,79.94296577946768,30,2020,0
5739,2020-06-01,2020-06-01,TC11,SPOT,WS,79.84790874524715,29,2020,0
5738,2020-06-02,2020-06-02,TC11,SPOT,WS,77.85171102661597,29,2020,0
5737,2020-06-03,2020-06-03,TC11,SPOT,WS,77.18631178707223,29,2020,0
5736,2020-06-04,2020-06-04,TC11,SPOT,WS,76.42585551330797,29,2020,0
5735,2020-06-05,2020-06-05,TC11,SPOT,WS,75.2851711026616,29,2020,0
5734,2020-06-08,2020-06-08,TC11,SPOT,WS,74.90494296577947,29,2020,0
5733,2020-06-09,2020-06-09,TC11,SPOT,WS,74.1444866920152,29,2020,0
5732,2020-06-10,2020-06-10,TC11,SPOT,WS,73.57414448669202,29,2020,0
5731,2020-06-11,2020-06-11,TC11,SPOT,WS,73.19391634980988,29,2020,0
5730,2020-06-12,2020-06-12,TC11,SPOT,WS,73.19391634980988,29,2020,0
5729,2020-06-15,2020-06-15,TC11,SPOT,WS,69.20152091254752,29,2020,0
5728,2020-06-16,2020-06-16,TC11,SPOT,WS,68.72623574144487,29,2020,0
5727,2020-06-17,2020-06-17,TC11,SPOT,WS,67.68060836501901,29,2020,0
5726,2020-06-18,2020-06-18,TC11,SPOT,WS,67.49049429657795,29,2020,0
5725,2020-06-19,2020-06-19,TC11,SPOT,WS,67.11026615969581,29,2020,0
5724,2020-06-22,2020-06-22,TC11,SPOT,WS,67.11026615969581,29,2020,0
5723,2020-06-23,2020-06-23,TC11,SPOT,WS,66.53992395437263,29,2020,0
5722,2020-06-24,2020-06-24,TC11,SPOT,WS,66.34980988593156,29,2020,0
5721,2020-06-25,2020-06-25,TC11,SPOT,WS,65.96958174904942,29,2020,0
5720,2020-06-26,2020-06-26,TC11,SPOT,WS,65.20912547528518,29,2020,0
5719,2020-06-29,2020-06-29,TC11,SPOT,WS,64.35361216730038,29,2020,0
5718,2020-06-30,2020-06-30,TC11,SPOT,WS,63.59315589353612,29,2020,0
5717,2020-07-01,2020-07-01,TC11,SPOT,WS,62.9277566539924,30,2020,0
5716,2020-07-02,2020-07-02,TC11,SPOT,WS,61.88212927756654,30,2020,0
5715,2020-07-03,2020-07-03,TC11,SPOT,WS,60.74144486692016,30,2020,0
5714,2020-07-06,2020-07-06,TC11,SPOT,WS,60.36121673003802,30,2020,0
5713,2020-07-07,2020-07-07,TC11,SPOT,WS,59.4106463878327,30,2020,0
5712,2020-07-08,2020-07-08,TC11,SPOT,WS,57.79467680608365,30,2020,0
5711,2020-07-09,2020-07-09,TC11,SPOT,WS,56.36882129277566,30,2020,0
5710,2020-07-13,2020-07-13,TC11,SPOT,WS,54.65779467680608,30,2020,0
5709,2020-07-14,2020-07-14,TC11,SPOT,WS,53.42205323193917,30,2020,0
5708,2020-07-15,2020-07-15,TC11,SPOT,WS,53.32699619771863,30,2020,0
5707,2020-07-16,2020-07-16,TC11,SPOT,WS,52.6615969581749,30,2020,0
5706,2020-07-17,2020-07-17,TC11,SPOT,WS,52.75665399239544,30,2020,0
5705,2020-07-20,2020-07-20,TC11,SPOT,WS,52.75665399239544,30,2020,0
5704,2020-07-21,2020-07-21,TC11,SPOT,WS,54.46768060836503,30,2020,0
5703,2020-07-22,2020-07-22,TC11,SPOT,WS,57.0342205323194,30,2020,0
5702,2020-07-23,2020-07-23,TC11,SPOT,WS,58.36501901140685,30,2020,0
5701,2020-07-24,2020-07-24,TC11,SPOT,WS,60.64638783269962,30,2020,0
5700,2020-07-27,2020-07-27,TC11,SPOT,WS,62.54752851711027,30,2020,0
5699,2020-07-28,2020-07-28,TC11,SPOT,WS,65.68441064638783,30,2020,0
5698,2020-07-29,2020-07-29,TC11,SPOT,WS,66.92015209125475,30,2020,0
5697,2020-07-30,2020-07-30,TC11,SPOT,WS,67.9657794676806,30,2020,0
5696,2020-08-03,2020-08-03,TC11,SPOT,WS,68.78326996197718,30,2020,0
5695,2020-08-04,2020-08-04,TC11,SPOT,WS,68.73574144486692,30,2020,0
5694,2020-08-05,2020-08-05,TC11,SPOT,WS,67.3574144486692,30,2020,0
5693,2020-08-06,2020-08-06,TC11,SPOT,WS,66.35931558935361,30,2020,0
5692,2020-08-07,2020-08-07,TC11,SPOT,WS,66.00760456273764,30,2020,0
5691,2020-08-11,2020-08-11,TC11,SPOT,WS,65.24714828897338,30,2020,0
5690,2020-08-12,2020-08-12,TC11,SPOT,WS,64.92395437262357,30,2020,0
5689,2020-08-13,2020-08-13,TC11,SPOT,WS,65.65589353612167,30,2020,0
5688,2020-08-14,2020-08-14,TC11,SPOT,WS,66.51140684410646,30,2020,0
5687,2020-08-17,2020-08-17,TC11,SPOT,WS,67.61406844106465,30,2020,0
5686,2020-08-18,2020-08-18,TC11,SPOT,WS,68.70722433460077,30,2020,0
5685,2020-08-19,2020-08-19,TC11,SPOT,WS,70.19011406844106,30,2020,0
5684,2020-08-20,2020-08-20,TC11,SPOT,WS,71.26425855513308,30,2020,0
5683,2020-08-21,2020-08-21,TC11,SPOT,WS,71.23574144486692,30,2020,0
5682,2020-08-24,2020-08-24,TC11,SPOT,WS,79.66730038022814,30,2020,0
5681,2020-08-25,2020-08-25,TC11,SPOT,WS,83.91634980988593,30,2020,0
5680,2020-08-26,2020-08-26,TC11,SPOT,WS,83.39353612167301,30,2020,0
5679,2020-08-27,2020-08-27,TC11,SPOT,WS,81.30228136882131,30,2020,0
5678,2020-08-28,2020-08-28,TC11,SPOT,WS,78.26996197718631,30,2020,0
5677,2020-08-31,2020-08-31,TC11,SPOT,WS,75.45627376425855,30,2020,0
5676,2020-09-01,2020-09-01,TC11,SPOT,WS,74.61977186311788,29,2020,0
5675,2020-09-02,2020-09-02,TC11,SPOT,WS,73.6977186311787,29,2020,0
5674,2020-09-03,2020-09-03,TC11,SPOT,WS,72.77566539923954,29,2020,0
5673,2020-09-04,2020-09-04,TC11,SPOT,WS,71.47338403041825,29,2020,0
5672,2020-09-07,2020-09-07,TC11,SPOT,WS,71.29277566539923,29,2020,0
5671,2020-09-08,2020-09-08,TC11,SPOT,WS,71.29277566539923,29,2020,0
5670,2020-09-09,2020-09-09,TC11,SPOT,WS,70.55133079847909,29,2020,0
5669,2020-09-10,2020-09-10,TC11,SPOT,WS,70.13307984790875,29,2020,0
5668,2020-09-11,2020-09-11,TC11,SPOT,WS,67.46197718631178,29,2020,0
5667,2020-09-14,2020-09-14,TC11,SPOT,WS,65.95057034220532,29,2020,0
5666,2020-09-15,2020-09-15,TC11,SPOT,WS,65.43726235741445,29,2020,0
5665,2020-09-16,2020-09-16,TC11,SPOT,WS,64.33460076045627,29,2020,0
5664,2020-09-17,2020-09-17,TC11,SPOT,WS,62.44296577946768,29,2020,0
5663,2020-09-18,2020-09-18,TC11,SPOT,WS,60.98859315589355,29,2020,0
5662,2020-09-21,2020-09-21,TC11,SPOT,WS,59.88593155893536,29,2020,0
5661,2020-09-22,2020-09-22,TC11,SPOT,WS,60.36121673003802,29,2020,0
5660,2020-09-23,2020-09-23,TC11,SPOT,WS,61.43536121673004,29,2020,0
5659,2020-09-24,2020-09-24,TC11,SPOT,WS,63.68821292775665,29,2020,0
5658,2020-09-25,2020-09-25,TC11,SPOT,WS,65.05703422053232,29,2020,0
5657,2020-09-28,2020-09-28,TC11,SPOT,WS,65.5893536121673,29,2020,0
5656,2020-09-29,2020-09-29,TC11,SPOT,WS,66.74904942965779,29,2020,0
5655,2020-09-30,2020-09-30,TC11,SPOT,WS,67.04372623574145,29,2020,0
5654,2020-10-01,2020-10-01,TC11,SPOT,WS,65.40874524714829,30,2020,0
5653,2020-10-02,2020-10-02,TC11,SPOT,WS,63.9828897338403,30,2020,0
5652,2020-10-05,2020-10-05,TC11,SPOT,WS,62.47148288973384,30,2020,0
5651,2020-10-06,2020-10-06,TC11,SPOT,WS,61.84410646387833,30,2020,0
5650,2020-10-07,2020-10-07,TC11,SPOT,WS,62.08174904942966,30,2020,0
5649,2020-10-08,2020-10-08,TC11,SPOT,WS,63.53612167300381,30,2020,0
5648,2020-10-09,2020-10-09,TC11,SPOT,WS,64.24904942965779,30,2020,0
5647,2020-10-12,2020-10-12,TC11,SPOT,WS,66.83460076045627,30,2020,0
5646,2020-10-13,2020-10-13,TC11,SPOT,WS,68.32699619771863,30,2020,0
5645,2020-10-14,2020-10-14,TC11,SPOT,WS,72.4809885931559,30,2020,0
5644,2020-10-15,2020-10-15,TC11,SPOT,WS,76.81558935361217,30,2020,0
5643,2020-10-16,2020-10-16,TC11,SPOT,WS,78.86882129277566,30,2020,0
5642,2020-10-19,2020-10-19,TC11,SPOT,WS,79.31558935361217,30,2020,0
5641,2020-10-20,2020-10-20,TC11,SPOT,WS,79.93346007604563,30,2020,0
5640,2020-10-21,2020-10-21,TC11,SPOT,WS,80.38022813688212,30,2020,0
5639,2020-10-22,2020-10-22,TC11,SPOT,WS,80.712927756654,30,2020,0
5638,2020-10-23,2020-10-23,TC11,SPOT,WS,79.52471482889734,30,2020,0
5637,2020-10-26,2020-10-26,TC11,SPOT,WS,78.74524714828897,30,2020,0
5636,2020-10-27,2020-10-27,TC11,SPOT,WS,77.08174904942966,30,2020,0
5635,2020-10-28,2020-10-28,TC11,SPOT,WS,74.70532319391636,30,2020,0
5634,2020-10-29,2020-10-29,TC11,SPOT,WS,71.94866920152091,30,2020,0
5633,2020-10-30,2020-10-30,TC11,SPOT,WS,69.95247148288973,30,2020,0
5632,2020-11-02,2020-11-02,TC11,SPOT,WS,69.15399239543726,29,2020,0
5631,2020-11-03,2020-11-03,TC11,SPOT,WS,67.72813688212928,29,2020,0
5630,2020-11-04,2020-11-04,TC11,SPOT,WS,65.32319391634981,29,2020,0
5629,2020-11-05,2020-11-05,TC11,SPOT,WS,63.21292775665399,29,2020,0
5628,2020-11-06,2020-11-06,TC11,SPOT,WS,62.08174904942966,29,2020,0
5627,2020-11-09,2020-11-09,TC11,SPOT,WS,62.05323193916349,29,2020,0
5626,2020-11-10,2020-11-10,TC11,SPOT,WS,62.14828897338403,29,2020,0
5625,2020-11-11,2020-11-11,TC11,SPOT,WS,62.23384030418251,29,2020,0
5624,2020-11-12,2020-11-12,TC11,SPOT,WS,62.1768060836502,29,2020,0
5623,2020-11-13,2020-11-13,TC11,SPOT,WS,62.05323193916349,29,2020,0
5622,2020-11-16,2020-11-16,TC11,SPOT,WS,61.52091254752852,29,2020,0
5621,2020-11-17,2020-11-17,TC11,SPOT,WS,61.15969581749049,29,2020,0
5620,2020-11-18,2020-11-18,TC11,SPOT,WS,61.51140684410647,29,2020,0
5619,2020-11-19,2020-11-19,TC11,SPOT,WS,62.05323193916349,29,2020,0
5618,2020-11-20,2020-11-20,TC11,SPOT,WS,62.14828897338403,29,2020,0
5617,2020-11-23,2020-11-23,TC11,SPOT,WS,62.65209125475285,29,2020,0
5616,2020-11-24,2020-11-24,TC11,SPOT,WS,68.17490494296578,29,2020,0
5615,2020-11-25,2020-11-25,TC11,SPOT,WS,68.62167300380229,29,2020,0
5614,2020-11-26,2020-11-26,TC11,SPOT,WS,70.25665399239544,29,2020,0
5613,2020-11-27,2020-11-27,TC11,SPOT,WS,76.88212927756652,29,2020,0
5612,2020-11-30,2020-11-30,TC11,SPOT,WS,81.74904942965779,29,2020,0
5611,2020-12-01,2020-12-01,TC11,SPOT,WS,82.46197718631178,30,2020,0
5610,2020-12-02,2020-12-02,TC11,SPOT,WS,85.49429657794677,30,2020,0
5609,2020-12-03,2020-12-03,TC11,SPOT,WS,87.77566539923954,30,2020,0
5608,2020-12-04,2020-12-04,TC11,SPOT,WS,88.8212927756654,30,2020,0
5607,2020-12-07,2020-12-07,TC11,SPOT,WS,90.06653992395437,30,2020,0
5606,2020-12-08,2020-12-08,TC11,SPOT,WS,91.16920152091257,30,2020,0
5605,2020-12-09,2020-12-09,TC11,SPOT,WS,92.32889733840302,30,2020,0
5604,2020-12-10,2020-12-10,TC11,SPOT,WS,92.9467680608365,30,2020,0
5603,2020-12-11,2020-12-11,TC11,SPOT,WS,93.36501901140684,30,2020,0
5602,2020-12-14,2020-12-14,TC11,SPOT,WS,93.75475285171105,30,2020,0
5601,2020-12-15,2020-12-15,TC11,SPOT,WS,95.97908745247148,30,2020,0
5600,2020-12-16,2020-12-16,TC11,SPOT,WS,99.36311787072243,30,2020,0
5599,2020-12-17,2020-12-17,TC11,SPOT,WS,101.3878326996198,30,2020,0
5598,2020-12-18,2020-12-18,TC11,SPOT,WS,102.3098859315589,30,2020,0
5597,2020-12-21,2020-12-21,TC11,SPOT,WS,102.5475285171103,30,2020,0
5596,2020-12-22,2020-12-22,TC11,SPOT,WS,100.4087452471483,30,2020,0
5595,2020-12-23,2020-12-23,TC11,SPOT,WS,98.032319391635,30,2020,0
5594,2020-12-24,2020-12-24,TC11,SPOT,WS,96.36882129277566,30,2020,0
5593,2021-01-04,2021-01-04,TC11,SPOT,WS,107.4578177727784,30,2021,0
5592,2021-01-05,2021-01-05,TC11,SPOT,WS,104.859392575928,30,2021,0
5591,2021-01-06,2021-01-06,TC11,SPOT,WS,94.38695163104612,30,2021,0
5590,2021-01-07,2021-01-07,TC11,SPOT,WS,91.25984251968504,30,2021,0
5589,2021-01-08,2021-01-08,TC11,SPOT,WS,88.4814398200225,30,2021,0
5588,2021-01-11,2021-01-11,TC11,SPOT,WS,87.14285714285714,30,2021,0
5587,2021-01-12,2021-01-12,TC11,SPOT,WS,86.64791901012373,30,2021,0
5586,2021-01-13,2021-01-13,TC11,SPOT,WS,82.429696287964,30,2021,0
5585,2021-01-14,2021-01-14,TC11,SPOT,WS,80.42744656917885,30,2021,0
5584,2021-01-15,2021-01-15,TC11,SPOT,WS,79.93250843644545,30,2021,0
5583,2021-01-18,2021-01-18,TC11,SPOT,WS,82.26096737907761,30,2021,0
5582,2021-01-19,2021-01-19,TC11,SPOT,WS,84.54443194600675,30,2021,0
5581,2021-01-20,2021-01-20,TC11,SPOT,WS,85.55680539932509,30,2021,0
5580,2021-01-21,2021-01-21,TC11,SPOT,WS,85.6355455568054,30,2021,0
5579,2021-01-22,2021-01-22,TC11,SPOT,WS,84.85939257592801,30,2021,0
5578,2021-01-25,2021-01-25,TC11,SPOT,WS,84.46569178852643,30,2021,0
5577,2021-01-26,2021-01-26,TC11,SPOT,WS,83.7007874015748,30,2021,0
5576,2021-01-27,2021-01-27,TC11,SPOT,WS,82.89088863892013,30,2021,0
5575,2021-01-28,2021-01-28,TC11,SPOT,WS,82.21597300337457,30,2021,0
5574,2021-01-29,2021-01-29,TC11,SPOT,WS,81.20359955005624,30,2021,0
5573,2021-02-01,2021-02-01,TC11,SPOT,WS,79.20134983127109,27,2021,0
5572,2021-02-02,2021-02-02,TC11,SPOT,WS,77.86276715410574,27,2021,0
5571,2021-02-03,2021-02-03,TC11,SPOT,WS,76.17547806524185,27,2021,0
5570,2021-02-04,2021-02-04,TC11,SPOT,WS,73.644544431946,27,2021,0
5569,2021-02-05,2021-02-05,TC11,SPOT,WS,72.05849268841395,27,2021,0
5568,2021-02-08,2021-02-08,TC11,SPOT,WS,70.65241844769403,27,2021,0
5567,2021-02-09,2021-02-09,TC11,SPOT,WS,68.89763779527559,27,2021,0
5566,2021-02-10,2021-02-10,TC11,SPOT,WS,68.3689538807649,27,2021,0
5565,2021-02-11,2021-02-11,TC11,SPOT,WS,68.20022497187851,27,2021,0
5564,2021-02-15,2021-02-15,TC11,SPOT,WS,67.31158605174353,27,2021,0
5563,2021-02-16,2021-02-16,TC11,SPOT,WS,67.49156355455568,27,2021,0
5562,2021-02-17,2021-02-17,TC11,SPOT,WS,69.42632170978628,27,2021,0
5561,2021-02-18,2021-02-18,TC11,SPOT,WS,73.82452193475815,27,2021,0
5560,2021-02-19,2021-02-19,TC11,SPOT,WS,78.4251968503937,27,2021,0
5559,2021-02-22,2021-02-22,TC11,SPOT,WS,87.35658042744657,27,2021,0
5558,2021-02-23,2021-02-23,TC11,SPOT,WS,94.73565804274466,27,2021,0
5557,2021-02-24,2021-02-24,TC11,SPOT,WS,104.578177727784,27,2021,0
5556,2021-02-25,2021-02-25,TC11,SPOT,WS,108.7626546681665,27,2021,0
5555,2021-02-26,2021-02-26,TC11,SPOT,WS,106.5804274465692,27,2021,0
5554,2021-03-01,2021-03-01,TC11,SPOT,WS,106.5129358830146,30,2021,0
5553,2021-03-02,2021-03-02,TC11,SPOT,WS,108.132733408324,30,2021,0
5552,2021-03-03,2021-03-03,TC11,SPOT,WS,110.3374578177728,30,2021,0
5551,2021-03-04,2021-03-04,TC11,SPOT,WS,112.7334083239595,30,2021,0
5550,2021-03-05,2021-03-05,TC11,SPOT,WS,113.7120359955006,30,2021,0
5549,2021-03-08,2021-03-08,TC11,SPOT,WS,114.3869516310461,30,2021,0
5548,2021-03-09,2021-03-09,TC11,SPOT,WS,114.1057367829021,30,2021,0
5547,2021-03-10,2021-03-10,TC11,SPOT,WS,114.1057367829021,30,2021,0
5546,2021-03-11,2021-03-11,TC11,SPOT,WS,115.3993250843644,30,2021,0
5545,2021-03-12,2021-03-12,TC11,SPOT,WS,115.4780652418448,30,2021,0
5544,2021-03-15,2021-03-15,TC11,SPOT,WS,114.9493813273341,30,2021,0
5543,2021-03-16,2021-03-16,TC11,SPOT,WS,113.4758155230596,30,2021,0
5542,2021-03-17,2021-03-17,TC11,SPOT,WS,112.3509561304837,30,2021,0
5541,2021-03-18,2021-03-18,TC11,SPOT,WS,111.259842519685,30,2021,0
5540,2021-03-19,2021-03-19,TC11,SPOT,WS,111.0798650168729,30,2021,0
5539,2021-03-22,2021-03-22,TC11,SPOT,WS,110.3374578177728,30,2021,0
5538,2021-03-23,2021-03-23,TC11,SPOT,WS,110.3374578177728,30,2021,0
5537,2021-03-24,2021-03-24,TC11,SPOT,WS,110.3374578177728,30,2021,0
5536,2021-03-25,2021-03-25,TC11,SPOT,WS,109.9887514060742,30,2021,0
5535,2021-03-26,2021-03-26,TC11,SPOT,WS,109.8537682789651,30,2021,0
5534,2021-03-29,2021-03-29,TC11,SPOT,WS,110.2024746906637,30,2021,0
5533,2021-03-30,2021-03-30,TC11,SPOT,WS,109.7412823397075,30,2021,0
5532,2021-03-31,2021-03-31,TC11,SPOT,WS,108.7964004499438,30,2021,0
5531,2021-04-01,2021-04-01,TC11,SPOT,WS,107.6377952755906,29,2021,0
5530,2021-04-05,2021-04-05,TC11,SPOT,WS,107.3228346456693,29,2021,0
5529,2021-04-06,2021-04-06,TC11,SPOT,WS,107.1766029246344,29,2021,0
5528,2021-04-07,2021-04-07,TC11,SPOT,WS,107.7052868391451,29,2021,0
5527,2021-04-08,2021-04-08,TC11,SPOT,WS,109.2125984251968,29,2021,0
5526,2021-04-09,2021-04-09,TC11,SPOT,WS,110.7311586051744,29,2021,0
5525,2021-04-12,2021-04-12,TC11,SPOT,WS,112.2722159730034,29,2021,0
5524,2021-04-13,2021-04-13,TC11,SPOT,WS,115.1181102362205,29,2021,0
5523,2021-04-14,2021-04-14,TC11,SPOT,WS,116.7041619797525,29,2021,0
5522,2021-04-15,2021-04-15,TC11,SPOT,WS,117.7615298087739,29,2021,0
5521,2021-04-16,2021-04-16,TC11,SPOT,WS,117.6940382452193,29,2021,0
5520,2021-04-19,2021-04-19,TC11,SPOT,WS,117.6940382452193,29,2021,0
5519,2021-04-20,2021-04-20,TC11,SPOT,WS,118.177727784027,29,2021,0
5518,2021-04-21,2021-04-21,TC11,SPOT,WS,117.615298087739,29,2021,0
5517,2021-04-22,2021-04-22,TC11,SPOT,WS,116.3217097862767,29,2021,0
5516,2021-04-23,2021-04-23,TC11,SPOT,WS,114.9156355455568,29,2021,0
5515,2021-04-26,2021-04-26,TC11,SPOT,WS,113.0483689538808,29,2021,0
5514,2021-04-27,2021-04-27,TC11,SPOT,WS,110.2024746906637,29,2021,0
5513,2021-04-28,2021-04-28,TC11,SPOT,WS,109.2575928008999,29,2021,0
5512,2021-04-29,2021-04-29,TC11,SPOT,WS,106.3667041619798,29,2021,0
5511,2021-04-30,2021-04-30,TC11,SPOT,WS,105.5568053993251,29,2021,0
5510,2021-05-03,2021-05-03,TC11,SPOT,WS,102.992125984252,30,2021,0
5509,2021-05-04,2021-05-04,TC11,SPOT,WS,101.6647919010124,30,2021,0
5508,2021-05-05,2021-05-05,TC11,SPOT,WS,100.5399325084364,30,2021,0
5507,2021-05-06,2021-05-06,TC11,SPOT,WS,99.55005624296965,30,2021,0
5506,2021-05-07,2021-05-07,TC11,SPOT,WS,99.26884139482564,30,2021,0
5505,2021-05-10,2021-05-10,TC11,SPOT,WS,99.02137232845897,30,2021,0
5504,2021-05-11,2021-05-11,TC11,SPOT,WS,98.98762654668168,30,2021,0
5503,2021-05-12,2021-05-12,TC11,SPOT,WS,98.2902137232846,30,2021,0
5502,2021-05-14,2021-05-14,TC11,SPOT,WS,98.07649043869516,30,2021,0
5501,2021-05-17,2021-05-17,TC11,SPOT,WS,97.86276715410574,30,2021,0
5500,2021-05-18,2021-05-18,TC11,SPOT,WS,97.12035995500564,30,2021,0
5499,2021-05-19,2021-05-19,TC11,SPOT,WS,96.95163104611925,30,2021,0
5498,2021-05-20,2021-05-20,TC11,SPOT,WS,97.36782902137232,30,2021,0
5497,2021-05-21,2021-05-21,TC11,SPOT,WS,98.60517435320584,30,2021,0
5496,2021-05-24,2021-05-24,TC11,SPOT,WS,99.89876265466816,30,2021,0
5495,2021-05-25,2021-05-25,TC11,SPOT,WS,100.7086614173228,30,2021,0
5494,2021-05-27,2021-05-27,TC11,SPOT,WS,100.7086614173228,30,2021,0
5493,2021-05-28,2021-05-28,TC11,SPOT,WS,99.30258717660293,30,2021,0
5492,2021-05-31,2021-05-31,TC11,SPOT,WS,97.7952755905512,30,2021,0
5491,2021-06-01,2021-06-01,TC11,SPOT,WS,95.75928008998876,29,2021,0
5490,2021-06-02,2021-06-02,TC11,SPOT,WS,93.67829021372329,29,2021,0
5489,2021-06-03,2021-06-03,TC11,SPOT,WS,91.36107986501688,29,2021,0
5488,2021-06-04,2021-06-04,TC11,SPOT,WS,89.21259842519684,29,2021,0
5487,2021-06-07,2021-06-07,TC11,SPOT,WS,87.80652418447694,29,2021,0
5486,2021-06-08,2021-06-08,TC11,SPOT,WS,86.96287964004499,29,2021,0
5485,2021-06-09,2021-06-09,TC11,SPOT,WS,84.82564679415073,29,2021,0
5484,2021-06-10,2021-06-10,TC11,SPOT,WS,79.79752530933634,29,2021,0
5483,2021-06-11,2021-06-11,TC11,SPOT,WS,78.56017997750281,29,2021,0
5482,2021-06-14,2021-06-14,TC11,SPOT,WS,77.61529808773903,29,2021,0
5481,2021-06-15,2021-06-15,TC11,SPOT,WS,75.64679415073115,29,2021,0
5480,2021-06-16,2021-06-16,TC11,SPOT,WS,73.36332958380203,29,2021,0
5479,2021-06-17,2021-06-17,TC11,SPOT,WS,69.17885264341957,29,2021,0
5478,2021-06-18,2021-06-18,TC11,SPOT,WS,68.05399325084365,29,2021,0
5477,2021-06-21,2021-06-21,TC11,SPOT,WS,67.14285714285714,29,2021,0
5476,2021-06-22,2021-06-22,TC11,SPOT,WS,66.43419572553431,29,2021,0
5475,2021-06-23,2021-06-23,TC11,SPOT,WS,65.62429696287963,29,2021,0
5474,2021-06-24,2021-06-24,TC11,SPOT,WS,63.4533183352081,29,2021,0
5473,2021-06-25,2021-06-25,TC11,SPOT,WS,61.68728908886389,29,2021,0
5472,2021-06-28,2021-06-28,TC11,SPOT,WS,60.77615298087738,29,2021,0
5471,2021-06-29,2021-06-29,TC11,SPOT,WS,59.96625421822273,29,2021,0
5470,2021-06-30,2021-06-30,TC11,SPOT,WS,59.83127109111361,29,2021,0
5469,2021-07-01,2021-07-01,TC11,SPOT,WS,59.40382452193476,30,2021,0
5468,2021-07-02,2021-07-02,TC11,SPOT,WS,58.74015748031497,30,2021,0
5467,2021-07-05,2021-07-05,TC11,SPOT,WS,58.74015748031497,30,2021,0
5466,2021-07-06,2021-07-06,TC11,SPOT,WS,56.34420697412824,30,2021,0
5465,2021-07-07,2021-07-07,TC11,SPOT,WS,55.71428571428572,30,2021,0
5464,2021-07-08,2021-07-08,TC11,SPOT,WS,55.46681664791901,30,2021,0
5463,2021-07-09,2021-07-09,TC11,SPOT,WS,55.96175478065242,30,2021,0
5462,2021-07-12,2021-07-12,TC11,SPOT,WS,57.18785151856017,30,2021,0
5461,2021-07-13,2021-07-13,TC11,SPOT,WS,63.27334083239595,30,2021,0
5460,2021-07-14,2021-07-14,TC11,SPOT,WS,67.35658042744657,30,2021,0
5459,2021-07-15,2021-07-15,TC11,SPOT,WS,68.3689538807649,30,2021,0
5458,2021-07-16,2021-07-16,TC11,SPOT,WS,70.02249718785151,30,2021,0
5457,2021-07-19,2021-07-19,TC11,SPOT,WS,71.32733408323959,30,2021,0
5456,2021-07-21,2021-07-21,TC11,SPOT,WS,71.32733408323959,30,2021,0
5455,2021-07-22,2021-07-22,TC11,SPOT,WS,70.93363329583802,30,2021,0
5454,2021-07-23,2021-07-23,TC11,SPOT,WS,70.55118110236221,30,2021,0
5453,2021-07-26,2021-07-26,TC11,SPOT,WS,71.77727784026996,30,2021,0
5452,2021-07-27,2021-07-27,TC11,SPOT,WS,76.27671541057367,30,2021,0
5451,2021-07-28,2021-07-28,TC11,SPOT,WS,79.16760404949382,30,2021,0
5450,2021-07-29,2021-07-29,TC11,SPOT,WS,81.2710911136108,30,2021,0
5449,2021-07-30,2021-07-30,TC11,SPOT,WS,83.30708661417323,30,2021,0
5448,2021-08-02,2021-08-02,TC11,SPOT,WS,86.99662542182227,30,2021,0
5447,2021-08-03,2021-08-03,TC11,SPOT,WS,102.992125984252,30,2021,0
5446,2021-08-04,2021-08-04,TC11,SPOT,WS,107.3903262092238,30,2021,0
5445,2021-08-05,2021-08-05,TC11,SPOT,WS,113.363329583802,30,2021,0
5444,2021-08-06,2021-08-06,TC11,SPOT,WS,129.3588301462317,30,2021,0
5443,2021-08-10,2021-08-10,TC11,SPOT,WS,132.1709786276715,30,2021,0
5442,2021-08-11,2021-08-11,TC11,SPOT,WS,133.2283464566929,30,2021,0
5441,2021-08-12,2021-08-12,TC11,SPOT,WS,152.0359955005624,30,2021,0
5440,2021-08-13,2021-08-13,TC11,SPOT,WS,157.3003374578178,30,2021,0
5439,2021-08-16,2021-08-16,TC11,SPOT,WS,163.9820022497188,30,2021,0
5438,2021-08-17,2021-08-17,TC11,SPOT,WS,166.6929133858268,30,2021,0
5437,2021-08-18,2021-08-18,TC11,SPOT,WS,167.9190101237345,30,2021,0
5436,2021-08-19,2021-08-19,TC11,SPOT,WS,166.8616422947132,30,2021,0
5435,2021-08-20,2021-08-20,TC11,SPOT,WS,165.6355455568054,30,2021,0
5434,2021-08-23,2021-08-23,TC11,SPOT,WS,163.6332958380202,30,2021,0
5433,2021-08-24,2021-08-24,TC11,SPOT,WS,160.6411698537683,30,2021,0
5432,2021-08-25,2021-08-25,TC11,SPOT,WS,155.8942632170979,30,2021,0
5431,2021-08-26,2021-08-26,TC11,SPOT,WS,152.5646794150731,30,2021,0
5430,2021-08-27,2021-08-27,TC11,SPOT,WS,149.1451068616423,30,2021,0
5429,2021-08-30,2021-08-30,TC11,SPOT,WS,145.4555680539932,30,2021,0
5428,2021-08-31,2021-08-31,TC11,SPOT,WS,140.1912260967379,30,2021,0
5427,2021-09-01,2021-09-01,TC11,SPOT,WS,136.9516310461192,29,2021,0
5426,2021-09-02,2021-09-02,TC11,SPOT,WS,132.5984251968504,29,2021,0
5425,2021-09-03,2021-09-03,TC11,SPOT,WS,120.9223847019123,29,2021,0
5424,2021-09-06,2021-09-06,TC11,SPOT,WS,112.3059617547806,29,2021,0
5423,2021-09-07,2021-09-07,TC11,SPOT,WS,102.4634420697413,29,2021,0
5422,2021-09-08,2021-09-08,TC11,SPOT,WS,100.6411698537683,29,2021,0
5421,2021-09-09,2021-09-09,TC11,SPOT,WS,99.86501687289088,29,2021,0
5420,2021-09-10,2021-09-10,TC11,SPOT,WS,96.14173228346456,29,2021,0
5419,2021-09-13,2021-09-13,TC11,SPOT,WS,94.02699662542182,29,2021,0
5418,2021-09-14,2021-09-14,TC11,SPOT,WS,93.79077615298084,29,2021,0
5417,2021-09-15,2021-09-15,TC11,SPOT,WS,96.07424071991,29,2021,0
5416,2021-09-16,2021-09-16,TC11,SPOT,WS,99.5838020247469,29,2021,0
5415,2021-09-17,2021-09-17,TC11,SPOT,WS,101.9460067491564,29,2021,0
5414,2021-09-20,2021-09-20,TC11,SPOT,WS,102.992125984252,29,2021,0
5413,2021-09-21,2021-09-21,TC11,SPOT,WS,102.5084364454443,29,2021,0
5412,2021-09-22,2021-09-22,TC11,SPOT,WS,101.5523059617548,29,2021,0
5411,2021-09-23,2021-09-23,TC11,SPOT,WS,101.0236220472441,29,2021,0
5410,2021-09-24,2021-09-24,TC11,SPOT,WS,100.3937007874016,29,2021,0
5409,2021-09-27,2021-09-27,TC11,SPOT,WS,99.48256467941508,29,2021,0
5408,2021-09-28,2021-09-28,TC11,SPOT,WS,98.4251968503937,29,2021,0
5407,2021-09-29,2021-09-29,TC11,SPOT,WS,98.4251968503937,29,2021,0
5406,2021-09-30,2021-09-30,TC11,SPOT,WS,94.48818897637796,29,2021,0
5405,2021-10-01,2021-10-01,TC11,SPOT,WS,93.46456692913384,30,2021,0
5404,2021-10-04,2021-10-04,TC11,SPOT,WS,92.51968503937007,30,2021,0
5403,2021-10-05,2021-10-05,TC11,SPOT,WS,91.29358830146232,30,2021,0
5402,2021-10-06,2021-10-06,TC11,SPOT,WS,90.33745781777276,30,2021,0
5401,2021-10-07,2021-10-07,TC11,SPOT,WS,89.11136107986502,30,2021,0
5400,2021-10-08,2021-10-08,TC11,SPOT,WS,89.6400449943757,30,2021,0
5399,2021-10-11,2021-10-11,TC11,SPOT,WS,89.92125984251969,30,2021,0
5398,2021-10-12,2021-10-12,TC11,SPOT,WS,90.48368953880764,30,2021,0
5397,2021-10-13,2021-10-13,TC11,SPOT,WS,98.4251968503937,30,2021,0
5396,2021-10-14,2021-10-14,TC11,SPOT,WS,102.1147356580428,30,2021,0
5395,2021-10-15,2021-10-15,TC11,SPOT,WS,107.9190101237345,30,2021,0
5394,2021-10-18,2021-10-18,TC11,SPOT,WS,116.355455568054,30,2021,0
5393,2021-10-19,2021-10-19,TC11,SPOT,WS,126.5466816647919,30,2021,0
5392,2021-10-20,2021-10-20,TC11,SPOT,WS,127.9527559055118,30,2021,0
5391,2021-10-21,2021-10-21,TC11,SPOT,WS,131.822272215973,30,2021,0
5390,2021-10-22,2021-10-22,TC11,SPOT,WS,131.7885264341957,30,2021,0
5389,2021-10-25,2021-10-25,TC11,SPOT,WS,128.2677165354331,30,2021,0
5388,2021-10-26,2021-10-26,TC11,SPOT,WS,125.5680539932508,30,2021,0
5387,2021-10-27,2021-10-27,TC11,SPOT,WS,123.9482564679415,30,2021,0
5386,2021-10-28,2021-10-28,TC11,SPOT,WS,121.6310461192351,30,2021,0
5385,2021-10-29,2021-10-29,TC11,SPOT,WS,116.355455568054,30,2021,0
5384,2021-11-01,2021-11-01,TC11,SPOT,WS,110.7311586051744,29,2021,0
5383,2021-11-02,2021-11-02,TC11,SPOT,WS,109.0438695163105,29,2021,0
5382,2021-11-03,2021-11-03,TC11,SPOT,WS,106.8616422947132,29,2021,0
5381,2021-11-05,2021-11-05,TC11,SPOT,WS,105.8042744656918,29,2021,0
5380,2021-11-08,2021-11-08,TC11,SPOT,WS,104.6794150731158,29,2021,0
5379,2021-11-09,2021-11-09,TC11,SPOT,WS,104.4769403824522,29,2021,0
5378,2021-11-10,2021-11-10,TC11,SPOT,WS,103.0258717660292,29,2021,0
5377,2021-11-11,2021-11-11,TC11,SPOT,WS,101.7997750281215,29,2021,0
5376,2021-11-12,2021-11-12,TC11,SPOT,WS,100.9561304836895,29,2021,0
5375,2021-11-15,2021-11-15,TC11,SPOT,WS,100.3599550056243,29,2021,0
5374,2021-11-16,2021-11-16,TC11,SPOT,WS,100.9898762654668,29,2021,0
5373,2021-11-17,2021-11-17,TC11,SPOT,WS,101.4173228346457,29,2021,0
5372,2021-11-18,2021-11-18,TC11,SPOT,WS,102.0809898762655,29,2021,0
5371,2021-11-19,2021-11-19,TC11,SPOT,WS,101.7322834645669,29,2021,0
5370,2021-11-22,2021-11-22,TC11,SPOT,WS,101.9460067491564,29,2021,0
5369,2021-11-23,2021-11-23,TC11,SPOT,WS,101.9460067491564,29,2021,0
5368,2021-11-24,2021-11-24,TC11,SPOT,WS,102.14848143982,29,2021,0
5367,2021-11-25,2021-11-25,TC11,SPOT,WS,102.429696287964,29,2021,0
5366,2021-11-26,2021-11-26,TC11,SPOT,WS,102.7896512935883,29,2021,0
5365,2021-11-29,2021-11-29,TC11,SPOT,WS,103.9482564679415,29,2021,0
5364,2021-11-30,2021-11-30,TC11,SPOT,WS,104.0494938132733,29,2021,0
5363,2021-12-01,2021-12-01,TC11,SPOT,WS,104.5106861642295,30,2021,0
5362,2021-12-02,2021-12-02,TC11,SPOT,WS,105.70303712036,30,2021,0
5361,2021-12-03,2021-12-03,TC11,SPOT,WS,105.9505061867267,30,2021,0
5360,2021-12-06,2021-12-06,TC11,SPOT,WS,107.1428571428571,30,2021,0
5359,2021-12-07,2021-12-07,TC11,SPOT,WS,110.3824521934758,30,2021,0
5358,2021-12-08,2021-12-08,TC11,SPOT,WS,112.8346456692913,30,2021,0
5357,2021-12-09,2021-12-09,TC11,SPOT,WS,120.2249718785152,30,2021,0
5356,2021-12-10,2021-12-10,TC11,SPOT,WS,140.607424071991,30,2021,0
5355,2021-12-13,2021-12-13,TC11,SPOT,WS,141.1361079865017,30,2021,0
5354,2021-12-14,2021-12-14,TC11,SPOT,WS,166.0967379077615,30,2021,0
5353,2021-12-15,2021-12-15,TC11,SPOT,WS,177.6940382452194,30,2021,0
5352,2021-12-16,2021-12-16,TC11,SPOT,WS,175.4105736782902,30,2021,0
5351,2021-12-17,2021-12-17,TC11,SPOT,WS,168.0314960629921,30,2021,0
5350,2021-12-20,2021-12-20,TC11,SPOT,WS,165.5005624296963,30,2021,0
5349,2021-12-21,2021-12-21,TC11,SPOT,WS,164.6906636670416,30,2021,0
5348,2021-12-22,2021-12-22,TC11,SPOT,WS,163.7007874015748,30,2021,0
5347,2021-12-23,2021-12-23,TC11,SPOT,WS,162.4409448818898,30,2021,0
5346,2021-12-24,2021-12-24,TC11,SPOT,WS,161.5635545556806,30,2021,0
5345,2022-01-03,2022-01-03,TC11,SPOT,WS,142.4020618556701,30,2022,0
5344,2022-01-04,2022-01-04,TC11,SPOT,WS,140.1443298969072,30,2022,0
5343,2022-01-05,2022-01-05,TC11,SPOT,WS,138.2783505154639,30,2022,0
5342,2022-01-06,2022-01-06,TC11,SPOT,WS,137.2783505154639,30,2022,0
5341,2022-01-07,2022-01-07,TC11,SPOT,WS,133.5154639175258,30,2022,0
5340,2022-01-10,2022-01-10,TC11,SPOT,WS,130.4742268041237,30,2022,0
5339,2022-01-11,2022-01-11,TC11,SPOT,WS,126.639175257732,30,2022,0
5338,2022-01-12,2022-01-12,TC11,SPOT,WS,118.0721649484536,30,2022,0
5337,2022-01-13,2022-01-13,TC11,SPOT,WS,113.4020618556701,30,2022,0
5336,2022-01-14,2022-01-14,TC11,SPOT,WS,110.8247422680412,30,2022,0
5335,2022-01-17,2022-01-17,TC11,SPOT,WS,107.7628865979382,30,2022,0
5334,2022-01-18,2022-01-18,TC11,SPOT,WS,104.8659793814433,30,2022,0
5333,2022-01-19,2022-01-19,TC11,SPOT,WS,102.8041237113402,30,2022,0
5332,2022-01-20,2022-01-20,TC11,SPOT,WS,102.381443298969,30,2022,0
5331,2022-01-21,2022-01-21,TC11,SPOT,WS,101.2164948453608,30,2022,0
5330,2022-01-24,2022-01-24,TC11,SPOT,WS,99.77319587628868,30,2022,0
5329,2022-01-25,2022-01-25,TC11,SPOT,WS,98.74226804123712,30,2022,0
5328,2022-01-26,2022-01-26,TC11,SPOT,WS,99.03092783505154,30,2022,0
5327,2022-01-27,2022-01-27,TC11,SPOT,WS,101.4226804123711,30,2022,0
5326,2022-01-28,2022-01-28,TC11,SPOT,WS,104.6082474226804,30,2022,0
5325,2022-01-31,2022-01-31,TC11,SPOT,WS,103.8969072164948,30,2022,0
5324,2022-02-03,2022-02-03,TC11,SPOT,WS,102.4536082474227,27,2022,0
5323,2022-02-04,2022-02-04,TC11,SPOT,WS,98.84536082474224,27,2022,0
5322,2022-02-07,2022-02-07,TC11,SPOT,WS,97.61855670103093,27,2022,0
5321,2022-02-08,2022-02-08,TC11,SPOT,WS,100.8350515463918,27,2022,0
5320,2022-02-09,2022-02-09,TC11,SPOT,WS,102.8969072164948,27,2022,0
5319,2022-02-10,2022-02-10,TC11,SPOT,WS,103.6082474226804,27,2022,0
5318,2022-02-11,2022-02-11,TC11,SPOT,WS,104.701030927835,27,2022,0
5317,2022-02-14,2022-02-14,TC11,SPOT,WS,106.9587628865979,27,2022,0
5316,2022-02-15,2022-02-15,TC11,SPOT,WS,111.1443298969072,27,2022,0
5315,2022-02-16,2022-02-16,TC11,SPOT,WS,112.7938144329897,27,2022,0
5314,2022-02-17,2022-02-17,TC11,SPOT,WS,119.5257731958763,27,2022,0
5313,2022-02-18,2022-02-18,TC11,SPOT,WS,122.2577319587629,27,2022,0
5312,2022-02-21,2022-02-21,TC11,SPOT,WS,125.9690721649485,27,2022,0
5311,2022-02-22,2022-02-22,TC11,SPOT,WS,127.4123711340206,27,2022,0
5310,2022-02-23,2022-02-23,TC11,SPOT,WS,128.0309278350516,27,2022,0
5309,2022-02-24,2022-02-24,TC11,SPOT,WS,129.2886597938144,27,2022,0
5308,2022-02-25,2022-02-25,TC11,SPOT,WS,132.9587628865979,27,2022,0
5307,2022-02-28,2022-02-28,TC11,SPOT,WS,137.2783505154639,27,2022,0
5306,2022-03-01,2022-03-01,TC11,SPOT,WS,147.8762886597938,30,2022,0
5305,2022-03-02,2022-03-02,TC11,SPOT,WS,153.1855670103093,30,2022,0
5304,2022-03-03,2022-03-03,TC11,SPOT,WS,165.1134020618556,30,2022,0
5303,2022-03-04,2022-03-04,TC11,SPOT,WS,172.1958762886598,30,2022,0
5302,2022-03-07,2022-03-07,TC11,SPOT,WS,176.7113402061855,30,2022,0
5301,2022-03-08,2022-03-08,TC11,SPOT,WS,179.5773195876289,30,2022,0
5300,2022-03-09,2022-03-09,TC11,SPOT,WS,183.4123711340206,30,2022,0
5299,2022-03-10,2022-03-10,TC11,SPOT,WS,191.3711340206186,30,2022,0
5298,2022-03-11,2022-03-11,TC11,SPOT,WS,198.2886597938145,30,2022,0
5297,2022-03-14,2022-03-14,TC11,SPOT,WS,202.9690721649484,30,2022,0
5296,2022-03-15,2022-03-15,TC11,SPOT,WS,208.7628865979381,30,2022,0
5295,2022-03-16,2022-03-16,TC11,SPOT,WS,207.7938144329897,30,2022,0
5294,2022-03-17,2022-03-17,TC11,SPOT,WS,206.0618556701031,30,2022,0
5293,2022-03-18,2022-03-18,TC11,SPOT,WS,201.0309278350516,30,2022,0
5292,2022-03-21,2022-03-21,TC11,SPOT,WS,198.1340206185567,30,2022,0
5291,2022-03-22,2022-03-22,TC11,SPOT,WS,194.7835051546392,30,2022,0
5290,2022-03-23,2022-03-23,TC11,SPOT,WS,192.3298969072165,30,2022,0
5289,2022-03-24,2022-03-24,TC11,SPOT,WS,190.4020618556701,30,2022,0
5288,2022-03-25,2022-03-25,TC11,SPOT,WS,187.6288659793814,30,2022,0
5287,2022-03-28,2022-03-28,TC11,SPOT,WS,186.5051546391753,30,2022,0
5286,2022-03-29,2022-03-29,TC11,SPOT,WS,183.8969072164948,30,2022,0
5285,2022-03-30,2022-03-30,TC11,SPOT,WS,184.7628865979381,30,2022,0
5284,2022-03-31,2022-03-31,TC11,SPOT,WS,185.9587628865979,30,2022,0
5283,2022-04-01,2022-04-01,TC11,SPOT,WS,186.3092783505154,29,2022,0
5282,2022-04-04,2022-04-04,TC11,SPOT,WS,186.0515463917526,29,2022,0
5281,2022-04-05,2022-04-05,TC11,SPOT,WS,186.278350515464,29,2022,0
5280,2022-04-06,2022-04-06,TC11,SPOT,WS,187.4020618556701,29,2022,0
5279,2022-04-07,2022-04-07,TC11,SPOT,WS,187.6907216494845,29,2022,0
5278,2022-04-08,2022-04-08,TC11,SPOT,WS,188.659793814433,29,2022,0
5277,2022-04-11,2022-04-11,TC11,SPOT,WS,190.2371134020619,29,2022,0
5276,2022-04-12,2022-04-12,TC11,SPOT,WS,193.7525773195876,29,2022,0
5275,2022-04-13,2022-04-13,TC11,SPOT,WS,198.8041237113402,29,2022,0
5274,2022-04-14,2022-04-14,TC11,SPOT,WS,206.0618556701031,29,2022,0
5273,2022-04-18,2022-04-18,TC11,SPOT,WS,208.59793814433,29,2022,0
5272,2022-04-19,2022-04-19,TC11,SPOT,WS,215.4020618556701,29,2022,0
5271,2022-04-20,2022-04-20,TC11,SPOT,WS,224.5463917525773,29,2022,0
5270,2022-04-21,2022-04-21,TC11,SPOT,WS,227.7731958762887,29,2022,0
5269,2022-04-22,2022-04-22,TC11,SPOT,WS,243.721649484536,29,2022,0
5268,2022-04-25,2022-04-25,TC11,SPOT,WS,289.7835051546392,29,2022,0
5267,2022-04-26,2022-04-26,TC11,SPOT,WS,303.1546391752577,29,2022,0
5266,2022-04-27,2022-04-27,TC11,SPOT,WS,312.1752577319588,29,2022,0
5265,2022-04-28,2022-04-28,TC11,SPOT,WS,319.2680412371134,29,2022,0
5264,2022-04-29,2022-04-29,TC11,SPOT,WS,327.9690721649484,29,2022,0
5263,2022-05-04,2022-05-04,TC11,SPOT,WS,330.0618556701031,30,2022,0
5262,2022-05-05,2022-05-05,TC11,SPOT,WS,327.319587628866,30,2022,0
5261,2022-05-06,2022-05-06,TC11,SPOT,WS,325.0618556701031,30,2022,0
5260,2022-05-09,2022-05-09,TC11,SPOT,WS,289.4639175257732,30,2022,0
5259,2022-05-10,2022-05-10,TC11,SPOT,WS,272.0721649484536,30,2022,0
5258,2022-05-11,2022-05-11,TC11,SPOT,WS,257.7319587628866,30,2022,0
5257,2022-05-12,2022-05-12,TC11,SPOT,WS,246.7835051546392,30,2022,0
5256,2022-05-13,2022-05-13,TC11,SPOT,WS,239.3711340206186,30,2022,0
5255,2022-05-17,2022-05-17,TC11,SPOT,WS,221.9690721649484,30,2022,0
5254,2022-05-18,2022-05-18,TC11,SPOT,WS,203.9381443298969,30,2022,0
5253,2022-05-19,2022-05-19,TC11,SPOT,WS,191.3711340206186,30,2022,0
5252,2022-05-20,2022-05-20,TC11,SPOT,WS,181.5360824742268,30,2022,0
5251,2022-05-23,2022-05-23,TC11,SPOT,WS,175.9072164948454,30,2022,0
5250,2022-05-24,2022-05-24,TC11,SPOT,WS,172.1958762886598,30,2022,0
5249,2022-05-25,2022-05-25,TC11,SPOT,WS,172.8762886597938,30,2022,0
5248,2022-05-26,2022-05-26,TC11,SPOT,WS,176.8969072164948,30,2022,0
5247,2022-05-27,2022-05-27,TC11,SPOT,WS,183.3298969072165,30,2022,0
5246,2022-05-30,2022-05-30,TC11,SPOT,WS,194.1030927835052,30,2022,0
5245,2022-05-31,2022-05-31,TC11,SPOT,WS,215.6907216494845,30,2022,0
5244,2022-06-01,2022-06-01,TC11,SPOT,WS,225.3505154639176,29,2022,0
5243,2022-06-02,2022-06-02,TC11,SPOT,WS,259.1855670103092,29,2022,0
5242,2022-06-03,2022-06-03,TC11,SPOT,WS,293.8144329896907,29,2022,0
5241,2022-06-06,2022-06-06,TC11,SPOT,WS,331.1855670103093,29,2022,0
5240,2022-06-07,2022-06-07,TC11,SPOT,WS,417.8453608247423,29,2022,0
5239,2022-06-08,2022-06-08,TC11,SPOT,WS,438.020618556701,29,2022,0
5238,2022-06-09,2022-06-09,TC11,SPOT,WS,431.5051546391753,29,2022,0
5237,2022-06-10,2022-06-10,TC11,SPOT,WS,430.7010309278351,29,2022,0
5236,2022-06-13,2022-06-13,TC11,SPOT,WS,422.5154639175258,29,2022,0
5235,2022-06-14,2022-06-14,TC11,SPOT,WS,427.6701030927835,29,2022,0
5234,2022-06-15,2022-06-15,TC11,SPOT,WS,431.3814432989691,29,2022,0
5233,2022-06-16,2022-06-16,TC11,SPOT,WS,434.7319587628865,29,2022,0
5232,2022-06-17,2022-06-17,TC11,SPOT,WS,440.8865979381444,29,2022,0
5231,2022-06-20,2022-06-20,TC11,SPOT,WS,445.8762886597938,29,2022,0
5230,2022-06-21,2022-06-21,TC11,SPOT,WS,444.2680412371134,29,2022,0
5229,2022-06-22,2022-06-22,TC11,SPOT,WS,438.9484536082475,29,2022,0
5228,2022-06-23,2022-06-23,TC11,SPOT,WS,430.7319587628866,29,2022,0
5227,2022-06-24,2022-06-24,TC11,SPOT,WS,425.2577319587629,29,2022,0
5226,2022-06-27,2022-06-27,TC11,SPOT,WS,420.9072164948454,29,2022,0
5225,2022-06-28,2022-06-28,TC11,SPOT,WS,412.5360824742268,29,2022,0
5224,2022-06-29,2022-06-29,TC11,SPOT,WS,402.3814432989691,29,2022,0
5223,2022-06-30,2022-06-30,TC11,SPOT,WS,392.0721649484536,29,2022,0
5222,2022-07-01,2022-07-01,TC11,SPOT,WS,384.9896907216495,30,2022,0
5221,2022-07-04,2022-07-04,TC11,SPOT,WS,377.7422680412371,30,2022,0
5220,2022-07-05,2022-07-05,TC11,SPOT,WS,365.7835051546392,30,2022,0
5219,2022-07-06,2022-07-06,TC11,SPOT,WS,359.020618556701,30,2022,0
5218,2022-07-07,2022-07-07,TC11,SPOT,WS,361.6288659793816,30,2022,0
5217,2022-07-08,2022-07-08,TC11,SPOT,WS,367.5876288659794,30,2022,0
5216,2022-07-12,2022-07-12,TC11,SPOT,WS,376.1237113402062,30,2022,0
5215,2022-07-13,2022-07-13,TC11,SPOT,WS,380.319587628866,30,2022,0
5214,2022-07-14,2022-07-14,TC11,SPOT,WS,379.1855670103093,30,2022,0
5213,2022-07-15,2022-07-15,TC11,SPOT,WS,380.6391752577319,30,2022,0
5212,2022-07-18,2022-07-18,TC11,SPOT,WS,381.4432989690721,30,2022,0
5211,2022-07-19,2022-07-19,TC11,SPOT,WS,376.6082474226804,30,2022,0
5210,2022-07-20,2022-07-20,TC11,SPOT,WS,368.8453608247423,30,2022,0
5209,2022-07-21,2022-07-21,TC11,SPOT,WS,356.6701030927835,30,2022,0
5208,2022-07-22,2022-07-22,TC11,SPOT,WS,346.4845360824742,30,2022,0
5207,2022-07-25,2022-07-25,TC11,SPOT,WS,338.9175257731958,30,2022,0
5206,2022-07-26,2022-07-26,TC11,SPOT,WS,333.7628865979381,30,2022,0
5205,2022-07-27,2022-07-27,TC11,SPOT,WS,328.8041237113402,30,2022,0
5204,2022-07-28,2022-07-28,TC11,SPOT,WS,324.1030927835051,30,2022,0
5203,2022-07-29,2022-07-29,TC11,SPOT,WS,318.6494845360825,30,2022,0
5202,2022-08-01,2022-08-01,TC11,SPOT,WS,312.8247422680412,30,2022,0
5201,2022-08-02,2022-08-02,TC11,SPOT,WS,307.1855670103093,30,2022,0
5200,2022-08-03,2022-08-03,TC11,SPOT,WS,302.5463917525773,30,2022,0
5199,2022-08-04,2022-08-04,TC11,SPOT,WS,300.5463917525773,30,2022,0
5198,2022-08-05,2022-08-05,TC11,SPOT,WS,299.2886597938144,30,2022,0
5197,2022-08-08,2022-08-08,TC11,SPOT,WS,298.3298969072165,30,2022,0
5196,2022-08-10,2022-08-10,TC11,SPOT,WS,297.680412371134,30,2022,0
5195,2022-08-11,2022-08-11,TC11,SPOT,WS,295.8144329896907,30,2022,0
5194,2022-08-12,2022-08-12,TC11,SPOT,WS,295.6494845360825,30,2022,0
5193,2022-08-15,2022-08-15,TC11,SPOT,WS,292.2989690721649,30,2022,0
5192,2022-08-16,2022-08-16,TC11,SPOT,WS,293.1752577319588,30,2022,0
5191,2022-08-17,2022-08-17,TC11,SPOT,WS,296.8762886597938,30,2022,0
5190,2022-08-18,2022-08-18,TC11,SPOT,WS,299.9381443298969,30,2022,0
5189,2022-08-19,2022-08-19,TC11,SPOT,WS,301.5463917525773,30,2022,0
5188,2022-08-22,2022-08-22,TC11,SPOT,WS,302.7113402061856,30,2022,0
5187,2022-08-23,2022-08-23,TC11,SPOT,WS,300.5773195876289,30,2022,0
5186,2022-08-24,2022-08-24,TC11,SPOT,WS,296.8762886597938,30,2022,0
5185,2022-08-25,2022-08-25,TC11,SPOT,WS,297.4226804123711,30,2022,0
5184,2022-08-26,2022-08-26,TC11,SPOT,WS,317.979381443299,30,2022,0
5183,2022-08-29,2022-08-29,TC11,SPOT,WS,322.2268041237114,30,2022,0
5182,2022-08-30,2022-08-30,TC11,SPOT,WS,340.8556701030928,30,2022,0
5181,2022-08-31,2022-08-31,TC11,SPOT,WS,343.8762886597938,30,2022,0
5180,2022-09-01,2022-09-01,TC11,SPOT,WS,348.680412371134,29,2022,0
5179,2022-09-02,2022-09-02,TC11,SPOT,WS,352.7113402061856,29,2022,0
5178,2022-09-05,2022-09-05,TC11,SPOT,WS,364.3711340206186,29,2022,0
5177,2022-09-06,2022-09-06,TC11,SPOT,WS,368.7216494845361,29,2022,0
5176,2022-09-07,2022-09-07,TC11,SPOT,WS,405.4432989690723,29,2022,0
5175,2022-09-08,2022-09-08,TC11,SPOT,WS,410.9175257731959,29,2022,0
5174,2022-09-09,2022-09-09,TC11,SPOT,WS,414.4948453608248,29,2022,0
5173,2022-09-12,2022-09-12,TC11,SPOT,WS,418.3298969072166,29,2022,0
5172,2022-09-13,2022-09-13,TC11,SPOT,WS,419.9381443298969,29,2022,0
5171,2022-09-14,2022-09-14,TC11,SPOT,WS,429.8350515463918,29,2022,0
5170,2022-09-15,2022-09-15,TC11,SPOT,WS,437.659793814433,29,2022,0
5169,2022-09-16,2022-09-16,TC11,SPOT,WS,484.0515463917527,29,2022,0
5168,2022-09-19,2022-09-19,TC11,SPOT,WS,496.6185567010309,29,2022,0
5167,2022-09-20,2022-09-20,TC11,SPOT,WS,498.5463917525773,29,2022,0
5166,2022-09-21,2022-09-21,TC11,SPOT,WS,497.9072164948453,29,2022,0
5165,2022-09-22,2022-09-22,TC11,SPOT,WS,493.8453608247423,29,2022,0
5164,2022-09-23,2022-09-23,TC11,SPOT,WS,489.8556701030928,29,2022,0
5163,2022-09-26,2022-09-26,TC11,SPOT,WS,484.3711340206186,29,2022,0
5162,2022-09-27,2022-09-27,TC11,SPOT,WS,467.2061855670103,29,2022,0
5161,2022-09-28,2022-09-28,TC11,SPOT,WS,436.5360824742268,29,2022,0
5160,2022-09-29,2022-09-29,TC11,SPOT,WS,411.4020618556701,29,2022,0
5159,2022-09-30,2022-09-30,TC11,SPOT,WS,395.6185567010309,29,2022,0
5158,2022-10-03,2022-10-03,TC11,SPOT,WS,385.659793814433,30,2022,0
5157,2022-10-04,2022-10-04,TC11,SPOT,WS,374.5154639175258,30,2022,0
5156,2022-10-05,2022-10-05,TC11,SPOT,WS,361.340206185567,30,2022,0
5155,2022-10-06,2022-10-06,TC11,SPOT,WS,346.6494845360825,30,2022,0
5154,2022-10-07,2022-10-07,TC11,SPOT,WS,329.8969072164949,30,2022,0
5153,2022-10-10,2022-10-10,TC11,SPOT,WS,305.2474226804124,30,2022,0
5152,2022-10-11,2022-10-11,TC11,SPOT,WS,274.8762886597938,30,2022,0
5151,2022-10-12,2022-10-12,TC11,SPOT,WS,275.7731958762886,30,2022,0
5150,2022-10-13,2022-10-13,TC11,SPOT,WS,284.5360824742268,30,2022,0
5149,2022-10-14,2022-10-14,TC11,SPOT,WS,291.7216494845361,30,2022,0
5148,2022-10-17,2022-10-17,TC11,SPOT,WS,298.3298969072165,30,2022,0
5147,2022-10-18,2022-10-18,TC11,SPOT,WS,294.5876288659793,30,2022,0
5146,2022-10-19,2022-10-19,TC11,SPOT,WS,289.3711340206186,30,2022,0
5145,2022-10-20,2022-10-20,TC11,SPOT,WS,282.3092783505155,30,2022,0
5144,2022-10-21,2022-10-21,TC11,SPOT,WS,276.7422680412371,30,2022,0
5143,2022-10-25,2022-10-25,TC11,SPOT,WS,265.9484536082474,30,2022,0
5142,2022-10-26,2022-10-26,TC11,SPOT,WS,260.3092783505155,30,2022,0
5141,2022-10-27,2022-10-27,TC11,SPOT,WS,257.2474226804124,30,2022,0
5140,2022-10-28,2022-10-28,TC11,SPOT,WS,254.1546391752577,30,2022,0
5139,2022-10-31,2022-10-31,TC11,SPOT,WS,246.4536082474227,30,2022,0
5138,2022-11-01,2022-11-01,TC11,SPOT,WS,235.1855670103093,29,2022,0
5137,2022-11-02,2022-11-02,TC11,SPOT,WS,233.2474226804124,29,2022,0
5136,2022-11-03,2022-11-03,TC11,SPOT,WS,233.0824742268041,29,2022,0
5135,2022-11-04,2022-11-04,TC11,SPOT,WS,246.8144329896907,29,2022,0
5134,2022-11-07,2022-11-07,TC11,SPOT,WS,257.6391752577319,29,2022,0
5133,2022-11-08,2022-11-08,TC11,SPOT,WS,263.8556701030928,29,2022,0
5132,2022-11-09,2022-11-09,TC11,SPOT,WS,293.1752577319588,29,2022,0
5131,2022-11-10,2022-11-10,TC11,SPOT,WS,303.1546391752577,29,2022,0
5130,2022-11-11,2022-11-11,TC11,SPOT,WS,346.0103092783505,29,2022,0
5129,2022-11-14,2022-11-14,TC11,SPOT,WS,362.917525773196,29,2022,0
5128,2022-11-15,2022-11-15,TC11,SPOT,WS,369.7525773195876,29,2022,0
5127,2022-11-16,2022-11-16,TC11,SPOT,WS,375.2268041237114,29,2022,0
5126,2022-11-17,2022-11-17,TC11,SPOT,WS,375.9690721649485,29,2022,0
5125,2022-11-18,2022-11-18,TC11,SPOT,WS,375.8041237113403,29,2022,0
5124,2022-11-21,2022-11-21,TC11,SPOT,WS,381.4432989690721,29,2022,0
5123,2022-11-22,2022-11-22,TC11,SPOT,WS,386.5979381443299,29,2022,0
5122,2022-11-23,2022-11-23,TC11,SPOT,WS,401.4226804123711,29,2022,0
5121,2022-11-24,2022-11-24,TC11,SPOT,WS,407.8659793814433,29,2022,0
5120,2022-11-25,2022-11-25,TC11,SPOT,WS,414.6288659793814,29,2022,0
5119,2022-11-28,2022-11-28,TC11,SPOT,WS,422.5154639175258,29,2022,0
5118,2022-11-29,2022-11-29,TC11,SPOT,WS,431.7010309278351,29,2022,0
5117,2022-11-30,2022-11-30,TC11,SPOT,WS,447.1649484536082,29,2022,0
5116,2022-12-01,2022-12-01,TC11,SPOT,WS,458.3814432989691,30,2022,0
5115,2022-12-02,2022-12-02,TC11,SPOT,WS,464.4639175257732,30,2022,0
5114,2022-12-05,2022-12-05,TC11,SPOT,WS,469.7216494845361,30,2022,0
5113,2022-12-06,2022-12-06,TC11,SPOT,WS,469.4948453608247,30,2022,0
5112,2022-12-07,2022-12-07,TC11,SPOT,WS,437.020618556701,30,2022,0
5111,2022-12-08,2022-12-08,TC11,SPOT,WS,423.0,30,2022,0
5110,2022-12-09,2022-12-09,TC11,SPOT,WS,420.1030927835051,30,2022,0
5109,2022-12-12,2022-12-12,TC11,SPOT,WS,417.5257731958763,30,2022,0
5108,2022-12-13,2022-12-13,TC11,SPOT,WS,401.6391752577321,30,2022,0
5107,2022-12-14,2022-12-14,TC11,SPOT,WS,389.0824742268042,30,2022,0
5106,2022-12-15,2022-12-15,TC11,SPOT,WS,384.2783505154639,30,2022,0
5105,2022-12-16,2022-12-16,TC11,SPOT,WS,378.1237113402062,30,2022,0
5104,2022-12-19,2022-12-19,TC11,SPOT,WS,380.9278350515464,30,2022,0
5103,2022-12-20,2022-12-20,TC11,SPOT,WS,375.7731958762886,30,2022,0
5102,2022-12-21,2022-12-21,TC11,SPOT,WS,371.4536082474227,30,2022,0
5101,2022-12-22,2022-12-22,TC11,SPOT,WS,360.5051546391753,30,2022,0
5100,2022-12-23,2022-12-23,TC11,SPOT,WS,349.2268041237114,30,2022,0
5099,2023-01-03,2023-01-03,TC11,SPOT,WS,242.1057046979866,30,2023,0
5098,2023-01-04,2023-01-04,TC11,SPOT,WS,236.1828859060403,30,2023,0
5097,2023-01-05,2023-01-05,TC11,SPOT,WS,223.6241610738255,30,2023,0
5096,2023-01-06,2023-01-06,TC11,SPOT,WS,217.6090604026845,30,2023,0
5095,2023-01-09,2023-01-09,TC11,SPOT,WS,215.6543624161073,30,2023,0
5094,2023-01-10,2023-01-10,TC11,SPOT,WS,211.2751677852349,30,2023,0
5093,2023-01-11,2023-01-11,TC11,SPOT,WS,206.4513422818792,30,2023,0
5092,2023-01-12,2023-01-12,TC11,SPOT,WS,197.5419463087248,30,2023,0
5091,2023-01-13,2023-01-13,TC11,SPOT,WS,183.3557046979866,30,2023,0
5090,2023-01-16,2023-01-16,TC11,SPOT,WS,178.1375838926175,30,2023,0
5089,2023-01-17,2023-01-17,TC11,SPOT,WS,176.8540268456376,30,2023,0
5088,2023-01-18,2023-01-18,TC11,SPOT,WS,176.015100671141,30,2023,0
5087,2023-01-19,2023-01-19,TC11,SPOT,WS,173.6577181208054,30,2023,0
5086,2023-01-20,2023-01-20,TC11,SPOT,WS,172.7936241610738,30,2023,0
5085,2023-01-23,2023-01-23,TC11,SPOT,WS,172.7936241610738,30,2023,0
5084,2023-01-24,2023-01-24,TC11,SPOT,WS,172.7936241610738,30,2023,0
5083,2023-01-25,2023-01-25,TC11,SPOT,WS,171.5604026845638,30,2023,0
5082,2023-01-26,2023-01-26,TC11,SPOT,WS,169.4379194630872,30,2023,0
5081,2023-01-27,2023-01-27,TC11,SPOT,WS,172.6342281879195,30,2023,0
5080,2023-01-30,2023-01-30,TC11,SPOT,WS,177.4832214765101,30,2023,0
5079,2023-01-31,2023-01-31,TC11,SPOT,WS,185.8724832214765,30,2023,0
5078,2023-02-01,2023-02-01,TC11,SPOT,WS,218.9093959731544,27,2023,0
5077,2023-02-02,2023-02-02,TC11,SPOT,WS,228.741610738255,27,2023,0
5076,2023-02-03,2023-02-03,TC11,SPOT,WS,240.5369127516778,27,2023,0
5075,2023-02-06,2023-02-06,TC11,SPOT,WS,249.0604026845638,27,2023,0
5074,2023-02-07,2023-02-07,TC11,SPOT,WS,249.7147651006712,27,2023,0
5073,2023-02-08,2023-02-08,TC11,SPOT,WS,248.1375838926174,27,2023,0
5072,2023-02-09,2023-02-09,TC11,SPOT,WS,230.7046979865772,27,2023,0
5071,2023-02-10,2023-02-10,TC11,SPOT,WS,224.0184563758389,27,2023,0
5070,2023-02-13,2023-02-13,TC11,SPOT,WS,212.6174496644296,27,2023,0
5069,2023-02-14,2023-02-14,TC11,SPOT,WS,191.25,27,2023,0
5068,2023-02-15,2023-02-15,TC11,SPOT,WS,184.2785234899329,27,2023,0
5067,2023-02-16,2023-02-16,TC11,SPOT,WS,179.0352348993289,27,2023,0
5066,2023-02-17,2023-02-17,TC11,SPOT,WS,178.6661073825503,27,2023,0
5065,2023-02-20,2023-02-20,TC11,SPOT,WS,182.6006711409396,27,2023,0
5064,2023-02-21,2023-02-21,TC11,SPOT,WS,183.6493288590604,27,2023,0
5063,2023-02-22,2023-02-22,TC11,SPOT,WS,185.6124161073826,27,2023,0
5062,2023-02-23,2023-02-23,TC11,SPOT,WS,183.9093959731544,27,2023,0
5061,2023-02-24,2023-02-24,TC11,SPOT,WS,180.763422818792,27,2023,0
5060,2023-02-27,2023-02-27,TC11,SPOT,WS,176.7030201342282,27,2023,0
5059,2023-02-28,2023-02-28,TC11,SPOT,WS,160.3104026845638,27,2023,0
5058,2023-03-01,2023-03-01,TC11,SPOT,WS,154.6812080536913,30,2023,0
5057,2023-03-02,2023-03-02,TC11,SPOT,WS,149.1694630872483,30,2023,0
5056,2023-03-03,2023-03-03,TC11,SPOT,WS,145.6040268456376,30,2023,0
5055,2023-03-06,2023-03-06,TC11,SPOT,WS,142.751677852349,30,2023,0
5054,2023-03-07,2023-03-07,TC11,SPOT,WS,137.4832214765101,30,2023,0
5053,2023-03-08,2023-03-08,TC11,SPOT,WS,134.0939597315436,30,2023,0
5052,2023-03-09,2023-03-09,TC11,SPOT,WS,122.8020134228188,30,2023,0
5051,2023-03-10,2023-03-10,TC11,SPOT,WS,111.996644295302,30,2023,0
5050,2023-03-13,2023-03-13,TC11,SPOT,WS,106.8624161073825,30,2023,0
5049,2023-03-14,2023-03-14,TC11,SPOT,WS,104.7315436241611,30,2023,0
5048,2023-03-15,2023-03-15,TC11,SPOT,WS,98.83389261744966,30,2023,0
5047,2023-03-16,2023-03-16,TC11,SPOT,WS,96.8456375838926,30,2023,0
5046,2023-03-17,2023-03-17,TC11,SPOT,WS,100.1510067114094,30,2023,0
5045,2023-03-20,2023-03-20,TC11,SPOT,WS,103.6828859060403,30,2023,0
5044,2023-03-21,2023-03-21,TC11,SPOT,WS,112.4664429530201,30,2023,0
5043,2023-03-22,2023-03-22,TC11,SPOT,WS,122.5587248322148,30,2023,0
5042,2023-03-23,2023-03-23,TC11,SPOT,WS,129.6140939597315,30,2023,0
5041,2023-03-24,2023-03-24,TC11,SPOT,WS,145.6879194630872,30,2023,0
5040,2023-03-27,2023-03-27,TC11,SPOT,WS,149.018456375839,30,2023,0
5039,2023-03-28,2023-03-28,TC11,SPOT,WS,176.9630872483222,30,2023,0
5038,2023-03-29,2023-03-29,TC11,SPOT,WS,215.3439597315436,30,2023,0
5037,2023-03-30,2023-03-30,TC11,SPOT,WS,218.6493288590604,30,2023,0
5036,2023-03-31,2023-03-31,TC11,SPOT,WS,219.513422818792,30,2023,0
5035,2023-04-03,2023-04-03,TC11,SPOT,WS,223.2885906040268,29,2023,0
5034,2023-04-04,2023-04-04,TC11,SPOT,WS,227.2986577181208,29,2023,0
5033,2023-04-05,2023-04-05,TC11,SPOT,WS,230.7046979865772,29,2023,0
5032,2023-04-06,2023-04-06,TC11,SPOT,WS,234.6392617449664,29,2023,0
5031,2023-04-10,2023-04-10,TC11,SPOT,WS,234.505033557047,29,2023,0
5030,2023-04-11,2023-04-11,TC11,SPOT,WS,235.8137583892617,29,2023,0
5029,2023-04-12,2023-04-12,TC11,SPOT,WS,239.2281879194631,29,2023,0
5028,2023-04-13,2023-04-13,TC11,SPOT,WS,241.4513422818792,29,2023,0
5027,2023-04-14,2023-04-14,TC11,SPOT,WS,242.3489932885906,29,2023,0
5026,2023-04-17,2023-04-17,TC11,SPOT,WS,241.6862416107383,29,2023,0
5025,2023-04-18,2023-04-18,TC11,SPOT,WS,238.1543624161073,29,2023,0
5024,2023-04-19,2023-04-19,TC11,SPOT,WS,235.5788590604027,29,2023,0
5023,2023-04-20,2023-04-20,TC11,SPOT,WS,234.739932885906,29,2023,0
5022,2023-04-21,2023-04-21,TC11,SPOT,WS,228.3724832214765,29,2023,0
5021,2023-04-24,2023-04-24,TC11,SPOT,WS,219.9077181208054,29,2023,0
5020,2023-04-25,2023-04-25,TC11,SPOT,WS,199.8993288590604,29,2023,0
5019,2023-04-26,2023-04-26,TC11,SPOT,WS,182.994966442953,29,2023,0
5018,2023-04-27,2023-04-27,TC11,SPOT,WS,178.4060402684563,29,2023,0
5017,2023-04-28,2023-04-28,TC11,SPOT,WS,181.7869127516778,29,2023,0
5016,2023-05-02,2023-05-02,TC11,SPOT,WS,182.3070469798658,30,2023,0
5015,2023-05-03,2023-05-03,TC11,SPOT,WS,185.8724832214765,30,2023,0
5014,2023-05-04,2023-05-04,TC11,SPOT,WS,192.0385906040268,30,2023,0
5013,2023-05-05,2023-05-05,TC11,SPOT,WS,194.9161073825504,30,2023,0
5012,2023-05-08,2023-05-08,TC11,SPOT,WS,197.6761744966443,30,2023,0
5011,2023-05-09,2023-05-09,TC11,SPOT,WS,200.8221476510067,30,2023,0
5010,2023-05-10,2023-05-10,TC11,SPOT,WS,201.241610738255,30,2023,0
5009,2023-05-11,2023-05-11,TC11,SPOT,WS,199.0687919463087,30,2023,0
5008,2023-05-12,2023-05-12,TC11,SPOT,WS,193.6073825503356,30,2023,0
5007,2023-05-15,2023-05-15,TC11,SPOT,WS,191.3842281879194,30,2023,0
5006,2023-05-16,2023-05-16,TC11,SPOT,WS,184.8238255033557,30,2023,0
5005,2023-05-17,2023-05-17,TC11,SPOT,WS,180.1090604026846,30,2023,0
5004,2023-05-18,2023-05-18,TC11,SPOT,WS,176.2835570469799,30,2023,0
5003,2023-05-19,2023-05-19,TC11,SPOT,WS,175.3859060402685,30,2023,0
5002,2023-05-22,2023-05-22,TC11,SPOT,WS,173.9429530201343,30,2023,0
5001,2023-05-23,2023-05-23,TC11,SPOT,WS,172.743288590604,30,2023,0
5000,2023-05-24,2023-05-24,TC11,SPOT,WS,171.8456375838927,30,2023,0
4999,2023-05-25,2023-05-25,TC11,SPOT,WS,170.0167785234899,30,2023,0
4998,2023-05-26,2023-05-26,TC11,SPOT,WS,168.1795302013423,30,2023,0
4997,2023-05-29,2023-05-29,TC11,SPOT,WS,165.5536912751678,30,2023,0
4996,2023-05-30,2023-05-30,TC11,SPOT,WS,159.3959731543624,30,2023,0
4995,2023-05-31,2023-05-31,TC11,SPOT,WS,140.3859060402685,30,2023,0
4994,2023-06-01,2023-06-01,TC11,SPOT,WS,137.1140939597315,29,2023,0
4993,2023-06-05,2023-06-05,TC11,SPOT,WS,133.4395973154362,29,2023,0
4992,2023-06-06,2023-06-06,TC11,SPOT,WS,127.5419463087248,29,2023,0
4991,2023-06-07,2023-06-07,TC11,SPOT,WS,118.8926174496644,29,2023,0
4990,2023-06-08,2023-06-08,TC11,SPOT,WS,115.4026845637584,29,2023,0
4989,2023-06-09,2023-06-09,TC11,SPOT,WS,115.6711409395973,29,2023,0
4988,2023-06-12,2023-06-12,TC11,SPOT,WS,115.6963087248322,29,2023,0
4987,2023-06-13,2023-06-13,TC11,SPOT,WS,116.4010067114094,29,2023,0
4986,2023-06-14,2023-06-14,TC11,SPOT,WS,116.9295302013423,29,2023,0
4985,2023-06-15,2023-06-15,TC11,SPOT,WS,117.5251677852349,29,2023,0
4984,2023-06-16,2023-06-16,TC11,SPOT,WS,117.3154362416107,29,2023,0
4983,2023-06-19,2023-06-19,TC11,SPOT,WS,117.5251677852349,29,2023,0
4982,2023-06-20,2023-06-20,TC11,SPOT,WS,119.236577181208,29,2023,0
4981,2023-06-21,2023-06-21,TC11,SPOT,WS,118.1040268456376,29,2023,0
4980,2023-06-22,2023-06-22,TC11,SPOT,WS,117.1895973154362,29,2023,0
4979,2023-06-23,2023-06-23,TC11,SPOT,WS,116.2164429530201,29,2023,0
4978,2023-06-26,2023-06-26,TC11,SPOT,WS,114.1191275167785,29,2023,0
4977,2023-06-27,2023-06-27,TC11,SPOT,WS,110.763422818792,29,2023,0
4976,2023-06-28,2023-06-28,TC11,SPOT,WS,108.6661073825503,29,2023,0
4975,2023-06-30,2023-06-30,TC11,SPOT,WS,107.8271812080537,29,2023,0
4974,2023-07-03,2023-07-03,TC11,SPOT,WS,106.7281879194631,30,2023,0
4973,2023-07-04,2023-07-04,TC11,SPOT,WS,108.011744966443,30,2023,0
4972,2023-07-05,2023-07-05,TC11,SPOT,WS,109.8489932885906,30,2023,0
4971,2023-07-06,2023-07-06,TC11,SPOT,WS,110.2181208053691,30,2023,0
4970,2023-07-07,2023-07-07,TC11,SPOT,WS,110.5872483221476,30,2023,0
4969,2023-07-10,2023-07-10,TC11,SPOT,WS,112.491610738255,30,2023,0
4968,2023-07-11,2023-07-11,TC11,SPOT,WS,114.4630872483222,30,2023,0
4967,2023-07-12,2023-07-12,TC11,SPOT,WS,127.8020134228188,30,2023,0
4966,2023-07-13,2023-07-13,TC11,SPOT,WS,138.8171140939597,30,2023,0
4965,2023-07-14,2023-07-14,TC11,SPOT,WS,142.6174496644295,30,2023,0
4964,2023-07-17,2023-07-17,TC11,SPOT,WS,144.5805369127517,30,2023,0
4963,2023-07-18,2023-07-18,TC11,SPOT,WS,147.7265100671141,30,2023,0
4962,2023-07-19,2023-07-19,TC11,SPOT,WS,148.8338926174497,30,2023,0
4961,2023-07-20,2023-07-20,TC11,SPOT,WS,148.8842281879195,30,2023,0
4960,2023-07-21,2023-07-21,TC11,SPOT,WS,148.7751677852349,30,2023,0
4959,2023-07-24,2023-07-24,TC11,SPOT,WS,146.2080536912752,30,2023,0
4958,2023-07-25,2023-07-25,TC11,SPOT,WS,144.1946308724832,30,2023,0
4957,2023-07-26,2023-07-26,TC11,SPOT,WS,144.9244966442953,30,2023,0
4956,2023-07-27,2023-07-27,TC11,SPOT,WS,151.7114093959732,30,2023,0
4955,2023-07-28,2023-07-28,TC11,SPOT,WS,155.1006711409396,30,2023,0
4954,2023-07-31,2023-07-31,TC11,SPOT,WS,160.260067114094,30,2023,0
4953,2023-08-01,2023-08-01,TC11,SPOT,WS,161.0486577181208,30,2023,0
4952,2023-08-02,2023-08-02,TC11,SPOT,WS,164.6392617449664,30,2023,0
4951,2023-08-03,2023-08-03,TC11,SPOT,WS,174.3372483221476,30,2023,0
4950,2023-08-04,2023-08-04,TC11,SPOT,WS,179.0604026845638,30,2023,0
4949,2023-08-07,2023-08-07,TC11,SPOT,WS,182.2063758389262,30,2023,0
4948,2023-08-08,2023-08-08,TC11,SPOT,WS,182.3909395973155,30,2023,0
4947,2023-08-10,2023-08-10,TC11,SPOT,WS,180.7130872483221,30,2023,0
4946,2023-08-11,2023-08-11,TC11,SPOT,WS,178.8758389261745,30,2023,0
4945,2023-08-14,2023-08-14,TC11,SPOT,WS,175.3104026845637,30,2023,0
4944,2023-08-15,2023-08-15,TC11,SPOT,WS,172.6845637583893,30,2023,0
4943,2023-08-16,2023-08-16,TC11,SPOT,WS,170.7718120805369,30,2023,0
4942,2023-08-17,2023-08-17,TC11,SPOT,WS,159.7902684563758,30,2023,0
4941,2023-08-18,2023-08-18,TC11,SPOT,WS,157.5335570469799,30,2023,0
4940,2023-08-21,2023-08-21,TC11,SPOT,WS,151.6107382550336,30,2023,0
4939,2023-08-22,2023-08-22,TC11,SPOT,WS,148.1459731543624,30,2023,0
4938,2023-08-23,2023-08-23,TC11,SPOT,WS,146.9463087248322,30,2023,0
4937,2023-08-24,2023-08-24,TC11,SPOT,WS,145.503355704698,30,2023,0
4936,2023-08-25,2023-08-25,TC11,SPOT,WS,142.8020134228188,30,2023,0
4935,2023-08-28,2023-08-28,TC11,SPOT,WS,139.5805369127517,30,2023,0
4934,2023-08-29,2023-08-29,TC11,SPOT,WS,135.0671140939597,30,2023,0
4933,2023-08-30,2023-08-30,TC11,SPOT,WS,134.756711409396,30,2023,0
4932,2023-08-31,2023-08-31,TC11,SPOT,WS,137.2399328859061,30,2023,0
4931,2023-09-04,2023-09-04,TC11,SPOT,WS,140.5285234899329,29,2023,0
4930,2023-09-05,2023-09-05,TC11,SPOT,WS,159.9244966442953,29,2023,0
4929,2023-09-06,2023-09-06,TC11,SPOT,WS,167.7852348993289,29,2023,0
4928,2023-09-07,2023-09-07,TC11,SPOT,WS,170.2768456375839,29,2023,0
4927,2023-09-08,2023-09-08,TC11,SPOT,WS,174.6560402684564,29,2023,0
4926,2023-09-11,2023-09-11,TC11,SPOT,WS,185.4781879194631,29,2023,0
4925,2023-09-12,2023-09-12,TC11,SPOT,WS,194.3959731543624,29,2023,0
4924,2023-09-13,2023-09-13,TC11,SPOT,WS,199.8993288590604,29,2023,0
4923,2023-09-14,2023-09-14,TC11,SPOT,WS,211.1073825503356,29,2023,0
4922,2023-09-15,2023-09-15,TC11,SPOT,WS,211.3758389261745,29,2023,0
4921,2023-09-18,2023-09-18,TC11,SPOT,WS,205.9312080536913,29,2023,0
4920,2023-09-19,2023-09-19,TC11,SPOT,WS,202.5251677852349,29,2023,0
4919,2023-09-20,2023-09-20,TC11,SPOT,WS,201.2080536912752,29,2023,0
4918,2023-09-21,2023-09-21,TC11,SPOT,WS,194.6308724832215,29,2023,0
4917,2023-09-22,2023-09-22,TC11,SPOT,WS,182.239932885906,29,2023,0
4916,2023-09-25,2023-09-25,TC11,SPOT,WS,177.9614093959732,29,2023,0
4915,2023-09-26,2023-09-26,TC11,SPOT,WS,175.8640939597315,29,2023,0
4914,2023-09-27,2023-09-27,TC11,SPOT,WS,174.2030201342282,29,2023,0
4913,2023-09-28,2023-09-28,TC11,SPOT,WS,175.7802013422819,29,2023,0
4912,2023-09-29,2023-09-29,TC11,SPOT,WS,175.6543624161074,29,2023,0
4911,2023-10-02,2023-10-02,TC11,SPOT,WS,174.6308724832215,30,2023,0
4910,2023-10-03,2023-10-03,TC11,SPOT,WS,172.994966442953,30,2023,0
4909,2023-10-04,2023-10-04,TC11,SPOT,WS,176.1744966442953,30,2023,0
4908,2023-10-05,2023-10-05,TC11,SPOT,WS,186.1409395973155,30,2023,0
4907,2023-10-06,2023-10-06,TC11,SPOT,WS,213.4060402684564,30,2023,0
4906,2023-10-09,2023-10-09,TC11,SPOT,WS,218.75,30,2023,0
4905,2023-10-10,2023-10-10,TC11,SPOT,WS,224.6728187919463,30,2023,0
4904,2023-10-11,2023-10-11,TC11,SPOT,WS,224.5469798657718,30,2023,0
4903,2023-10-12,2023-10-12,TC11,SPOT,WS,222.1812080536913,30,2023,0
4902,2023-10-13,2023-10-13,TC11,SPOT,WS,223.498322147651,30,2023,0
4901,2023-10-16,2023-10-16,TC11,SPOT,WS,219.9077181208054,30,2023,0
4900,2023-10-17,2023-10-17,TC11,SPOT,WS,204.3540268456376,30,2023,0
4899,2023-10-18,2023-10-18,TC11,SPOT,WS,193.9010067114094,30,2023,0
4898,2023-10-19,2023-10-19,TC11,SPOT,WS,189.2869127516778,30,2023,0
4897,2023-10-20,2023-10-20,TC11,SPOT,WS,187.4496644295302,30,2023,0
4896,2023-10-23,2023-10-23,TC11,SPOT,WS,183.9093959731544,30,2023,0
4895,2023-10-24,2023-10-24,TC11,SPOT,WS,178.5318791946309,30,2023,0
4894,2023-10-25,2023-10-25,TC11,SPOT,WS,172.239932885906,30,2023,0
4893,2023-10-26,2023-10-26,TC11,SPOT,WS,169.488255033557,30,2023,0
4892,2023-10-27,2023-10-27,TC11,SPOT,WS,162.0218120805369,30,2023,0
4891,2023-10-30,2023-10-30,TC11,SPOT,WS,157.4328859060402,30,2023,0
4890,2023-10-31,2023-10-31,TC11,SPOT,WS,145.503355704698,30,2023,0
4889,2023-11-01,2023-11-01,TC11,SPOT,WS,138.6828859060403,29,2023,0
4888,2023-11-02,2023-11-02,TC11,SPOT,WS,132.9194630872483,29,2023,0
4887,2023-11-03,2023-11-03,TC11,SPOT,WS,127.6761744966443,29,2023,0
4886,2023-11-06,2023-11-06,TC11,SPOT,WS,125.4194630872483,29,2023,0
4885,2023-11-07,2023-11-07,TC11,SPOT,WS,123.2214765100671,29,2023,0
4884,2023-11-08,2023-11-08,TC11,SPOT,WS,118.758389261745,29,2023,0
4883,2023-11-09,2023-11-09,TC11,SPOT,WS,117.0553691275168,29,2023,0
4882,2023-11-10,2023-11-10,TC11,SPOT,WS,116.8708053691275,29,2023,0
4881,2023-11-14,2023-11-14,TC11,SPOT,WS,116.8456375838926,29,2023,0
4880,2023-11-15,2023-11-15,TC11,SPOT,WS,117.8942953020134,29,2023,0
4879,2023-11-16,2023-11-16,TC11,SPOT,WS,120.5956375838926,29,2023,0
4878,2023-11-17,2023-11-17,TC11,SPOT,WS,124.3959731543624,29,2023,0
4877,2023-11-20,2023-11-20,TC11,SPOT,WS,126.7030201342282,29,2023,0
4876,2023-11-21,2023-11-21,TC11,SPOT,WS,127.8020134228188,29,2023,0
4875,2023-11-22,2023-11-22,TC11,SPOT,WS,128.0453020134228,29,2023,0
4874,2023-11-23,2023-11-23,TC11,SPOT,WS,128.0872483221476,29,2023,0
4873,2023-11-24,2023-11-24,TC11,SPOT,WS,127.2063758389262,29,2023,0
4872,2023-11-27,2023-11-27,TC11,SPOT,WS,126.258389261745,29,2023,0
4871,2023-11-28,2023-11-28,TC11,SPOT,WS,127.2818791946309,29,2023,0
4870,2023-11-29,2023-11-29,TC11,SPOT,WS,129.4295302013423,29,2023,0
4869,2023-11-30,2023-11-30,TC11,SPOT,WS,131.2164429530201,29,2023,0
4868,2023-12-01,2023-12-01,TC11,SPOT,WS,140.0,30,2023,0
4867,2023-12-04,2023-12-04,TC11,SPOT,WS,147.6006711409396,30,2023,0
4866,2023-12-05,2023-12-05,TC11,SPOT,WS,157.5587248322148,30,2023,0
4865,2023-12-06,2023-12-06,TC11,SPOT,WS,168.3137583892617,30,2023,0
4864,2023-12-07,2023-12-07,TC11,SPOT,WS,178.2718120805369,30,2023,0
4863,2023-12-08,2023-12-08,TC11,SPOT,WS,178.5318791946309,30,2023,0
4862,2023-12-11,2023-12-11,TC11,SPOT,WS,183.1208053691275,30,2023,0
4861,2023-12-12,2023-12-12,TC11,SPOT,WS,184.8825503355705,30,2023,0
4860,2023-12-13,2023-12-13,TC11,SPOT,WS,188.993288590604,30,2023,0
4859,2023-12-14,2023-12-14,TC11,SPOT,WS,189.6476510067114,30,2023,0
4858,2023-12-15,2023-12-15,TC11,SPOT,WS,187.2902684563758,30,2023,0
4857,2023-12-18,2023-12-18,TC11,SPOT,WS,184.6979865771812,30,2023,0
4856,2023-12-19,2023-12-19,TC11,SPOT,WS,169.2114093959732,30,2023,0
4855,2023-12-20,2023-12-20,TC11,SPOT,WS,166.4848993288591,30,2023,0
4854,2023-12-21,2023-12-21,TC11,SPOT,WS,146.3171140939597,30,2023,0
4853,2023-12-22,2023-12-22,TC11,SPOT,WS,141.1996644295302,30,2023,0
4852,2024-01-02,2024-01-02,TC11,SPOT,WS,169.234360410831,30,2024,0
4851,2024-01-03,2024-01-03,TC11,SPOT,WS,196.3678804855275,30,2024,0
4850,2024-01-04,2024-01-04,TC11,SPOT,WS,202.3249299719888,30,2024,0
4849,2024-01-05,2024-01-05,TC11,SPOT,WS,210.812324929972,30,2024,0
4848,2024-01-08,2024-01-08,TC11,SPOT,WS,211.1017740429505,30,2024,0
4847,2024-01-09,2024-01-09,TC11,SPOT,WS,208.3380018674136,30,2024,0
4846,2024-01-10,2024-01-10,TC11,SPOT,WS,206.6666666666666,30,2024,0
4845,2024-01-11,2024-01-11,TC11,SPOT,WS,205.8263305322129,30,2024,0
4844,2024-01-12,2024-01-12,TC11,SPOT,WS,202.436974789916,30,2024,0
4843,2024-01-15,2024-01-15,TC11,SPOT,WS,197.2175536881419,30,2024,0
4842,2024-01-16,2024-01-16,TC11,SPOT,WS,200.0746965452848,30,2024,0
4841,2024-01-17,2024-01-17,TC11,SPOT,WS,205.6209150326797,30,2024,0
4840,2024-01-18,2024-01-18,TC11,SPOT,WS,208.188608776844,30,2024,0
4839,2024-01-19,2024-01-19,TC11,SPOT,WS,213.734827264239,30,2024,0
4838,2024-01-22,2024-01-22,TC11,SPOT,WS,216.797385620915,30,2024,0
4837,2024-01-23,2024-01-23,TC11,SPOT,WS,270.62558356676,30,2024,0
4836,2024-01-24,2024-01-24,TC11,SPOT,WS,284.8085901027077,30,2024,0
4835,2024-01-25,2024-01-25,TC11,SPOT,WS,332.6704014939309,30,2024,0
4834,2024-01-26,2024-01-26,TC11,SPOT,WS,342.1195144724556,30,2024,0
4833,2024-01-29,2024-01-29,TC11,SPOT,WS,343.5760971055088,30,2024,0
4832,2024-01-30,2024-01-30,TC11,SPOT,WS,352.6237161531279,30,2024,0
4831,2024-01-31,2024-01-31,TC11,SPOT,WS,370.2987861811391,30,2024,0
4830,2024-02-01,2024-02-01,TC11,SPOT,WS,373.8935574229691,28,2024,0
4829,2024-02-02,2024-02-02,TC11,SPOT,WS,376.5266106442576,28,2024,0
4828,2024-02-05,2024-02-05,TC11,SPOT,WS,374.5658263305322,28,2024,0
4827,2024-02-06,2024-02-06,TC11,SPOT,WS,367.0494864612511,28,2024,0
4826,2024-02-07,2024-02-07,TC11,SPOT,WS,357.2829131652661,28,2024,0
4825,2024-02-08,2024-02-08,TC11,SPOT,WS,348.5527544351073,28,2024,0
4824,2024-02-09,2024-02-09,TC11,SPOT,WS,339.047619047619,28,2024,0
4823,2024-02-13,2024-02-13,TC11,SPOT,WS,332.0261437908496,28,2024,0
4822,2024-02-14,2024-02-14,TC11,SPOT,WS,321.8113912231559,28,2024,0
4821,2024-02-15,2024-02-15,TC11,SPOT,WS,319.0756302521008,28,2024,0
4820,2024-02-16,2024-02-16,TC11,SPOT,WS,319.1316526610644,28,2024,0
4819,2024-02-19,2024-02-19,TC11,SPOT,WS,317.0401493930905,28,2024,0
4818,2024-02-20,2024-02-20,TC11,SPOT,WS,315.3034547152194,28,2024,0
4817,2024-02-21,2024-02-21,TC11,SPOT,WS,320.2427637721755,28,2024,0
4816,2024-02-22,2024-02-22,TC11,SPOT,WS,330.0093370681606,28,2024,0
4815,2024-02-23,2024-02-23,TC11,SPOT,WS,337.8244631185807,28,2024,0
4814,2024-02-26,2024-02-26,TC11,SPOT,WS,344.3043884220355,28,2024,0
4813,2024-02-27,2024-02-27,TC11,SPOT,WS,347.2268907563025,28,2024,0
4812,2024-02-28,2024-02-28,TC11,SPOT,WS,345.0326797385621,28,2024,0
4811,2024-02-29,2024-02-29,TC11,SPOT,WS,347.65639589169,28,2024,0
4810,2024-03-01,2024-03-01,TC11,SPOT,WS,346.4892623716153,30,2024,0
4809,2024-03-04,2024-03-04,TC11,SPOT,WS,335.6956115779645,30,2024,0
4808,2024-03-05,2024-03-05,TC11,SPOT,WS,329.5424836601306,30,2024,0
4807,2024-03-06,2024-03-06,TC11,SPOT,WS,325.7796451914098,30,2024,0
4806,2024-03-07,2024-03-07,TC11,SPOT,WS,315.2754435107376,30,2024,0
4805,2024-03-08,2024-03-08,TC11,SPOT,WS,309.140989729225,30,2024,0
4804,2024-03-11,2024-03-11,TC11,SPOT,WS,291.204481792717,30,2024,0
4803,2024-03-12,2024-03-12,TC11,SPOT,WS,264.0616246498599,30,2024,0
4802,2024-03-13,2024-03-13,TC11,SPOT,WS,253.8562091503268,30,2024,0
4801,2024-03-14,2024-03-14,TC11,SPOT,WS,246.2651727357609,30,2024,0
4800,2024-03-15,2024-03-15,TC11,SPOT,WS,225.845004668534,30,2024,0
4799,2024-03-18,2024-03-18,TC11,SPOT,WS,218.4033613445378,30,2024,0
4798,2024-03-19,2024-03-19,TC11,SPOT,WS,208.6274509803921,30,2024,0
4797,2024-03-20,2024-03-20,TC11,SPOT,WS,207.1055088702147,30,2024,0
4796,2024-03-21,2024-03-21,TC11,SPOT,WS,206.657329598506,30,2024,0
4795,2024-03-22,2024-03-22,TC11,SPOT,WS,205.8263305322129,30,2024,0
4794,2024-03-25,2024-03-25,TC11,SPOT,WS,204.2203548085901,30,2024,0
4793,2024-03-26,2024-03-26,TC11,SPOT,WS,204.7432306255835,30,2024,0
4792,2024-03-27,2024-03-27,TC11,SPOT,WS,201.3352007469654,30,2024,0
4791,2024-03-28,2024-03-28,TC11,SPOT,WS,201.297852474323,30,2024,0
4790,2024-04-01,2024-04-01,TC11,SPOT,WS,205.1820728291316,29,2024,0
4789,2024-04-02,2024-04-02,TC11,SPOT,WS,207.1708683473389,29,2024,0
4788,2024-04-03,2024-04-03,TC11,SPOT,WS,207.6003734827264,29,2024,0
4787,2024-04-04,2024-04-04,TC11,SPOT,WS,207.8991596638655,29,2024,0
4786,2024-04-05,2024-04-05,TC11,SPOT,WS,209.5051353874883,29,2024,0
4785,2024-04-08,2024-04-08,TC11,SPOT,WS,210.5228758169934,29,2024,0
4784,2024-04-09,2024-04-09,TC11,SPOT,WS,210.7563025210084,29,2024,0
4783,2024-04-11,2024-04-11,TC11,SPOT,WS,209.4397759103641,29,2024,0
4782,2024-04-12,2024-04-12,TC11,SPOT,WS,209.000933706816,29,2024,0
4781,2024-04-15,2024-04-15,TC11,SPOT,WS,205.8543417366946,29,2024,0
4780,2024-04-16,2024-04-16,TC11,SPOT,WS,205.266106442577,29,2024,0
4779,2024-04-17,2024-04-17,TC11,SPOT,WS,202.4649859943977,29,2024,0
4778,2024-04-18,2024-04-18,TC11,SPOT,WS,201.2698412698412,29,2024,0
4777,2024-04-19,2024-04-19,TC11,SPOT,WS,201.0364145658263,29,2024,0
4776,2024-04-22,2024-04-22,TC11,SPOT,WS,200.0186741363212,29,2024,0
4775,2024-04-23,2024-04-23,TC11,SPOT,WS,198.5620915032679,29,2024,0
4774,2024-04-24,2024-04-24,TC11,SPOT,WS,197.8338001867413,29,2024,0
4773,2024-04-25,2024-04-25,TC11,SPOT,WS,201.0644257703081,29,2024,0
4772,2024-04-26,2024-04-26,TC11,SPOT,WS,208.3940242763772,29,2024,0
4771,2024-04-29,2024-04-29,TC11,SPOT,WS,212.5396825396826,29,2024,0
4770,2024-04-30,2024-04-30,TC11,SPOT,WS,216.0971055088702,29,2024,0
4769,2024-05-02,2024-05-02,TC11,SPOT,WS,224.9673202614379,30,2024,0
4768,2024-05-03,2024-05-03,TC11,SPOT,WS,232.5490196078431,30,2024,0
4767,2024-05-06,2024-05-06,TC11,SPOT,WS,235.4715219421101,30,2024,0
4766,2024-05-07,2024-05-07,TC11,SPOT,WS,234.4444444444445,30,2024,0
4765,2024-05-08,2024-05-08,TC11,SPOT,WS,233.1372549019608,30,2024,0
4764,2024-05-09,2024-05-09,TC11,SPOT,WS,227.5910364145658,30,2024,0
4763,2024-05-10,2024-05-10,TC11,SPOT,WS,223.6507936507936,30,2024,0
4762,2024-05-13,2024-05-13,TC11,SPOT,WS,220.4388422035481,30,2024,0
4761,2024-05-14,2024-05-14,TC11,SPOT,WS,218.2539682539683,30,2024,0
4760,2024-05-15,2024-05-15,TC11,SPOT,WS,214.6031746031746,30,2024,0
4759,2024-05-16,2024-05-16,TC11,SPOT,WS,212.4183006535948,30,2024,0
4758,2024-05-17,2024-05-17,TC11,SPOT,WS,211.8394024276377,30,2024,0
4757,2024-05-20,2024-05-20,TC11,SPOT,WS,210.0840336134453,30,2024,0
4756,2024-05-21,2024-05-21,TC11,SPOT,WS,208.4780578898226,30,2024,0
4755,2024-05-23,2024-05-23,TC11,SPOT,WS,206.4705882352941,30,2024,0
4754,2024-05-24,2024-05-24,TC11,SPOT,WS,207.8338001867413,30,2024,0
4753,2024-05-27,2024-05-27,TC11,SPOT,WS,207.3109243697479,30,2024,0
4752,2024-05-28,2024-05-28,TC11,SPOT,WS,208.3660130718954,30,2024,0
4751,2024-05-29,2024-05-29,TC11,SPOT,WS,210.1120448179272,30,2024,0
4750,2024-05-30,2024-05-30,TC11,SPOT,WS,215.6582633053221,30,2024,0
4749,2024-05-31,2024-05-31,TC11,SPOT,WS,220.2987861811391,30,2024,0
4748,2024-06-03,2024-06-03,TC11,SPOT,WS,255.891690009337,29,2024,0
4747,2024-06-04,2024-06-04,TC11,SPOT,WS,264.6498599439776,29,2024,0
4746,2024-06-05,2024-06-05,TC11,SPOT,WS,286.6760037348272,29,2024,0
4745,2024-06-06,2024-06-06,TC11,SPOT,WS,309.2903828197946,29,2024,0
4744,2024-06-07,2024-06-07,TC11,SPOT,WS,313.6974789915966,29,2024,0
4743,2024-06-10,2024-06-10,TC11,SPOT,WS,313.6694677871148,29,2024,0
4742,2024-06-11,2024-06-11,TC11,SPOT,WS,308.8515406162465,29,2024,0
4741,2024-06-12,2024-06-12,TC11,SPOT,WS,297.6750700280112,29,2024,0
4740,2024-06-13,2024-06-13,TC11,SPOT,WS,256.7693744164332,29,2024,0
4739,2024-06-14,2024-06-14,TC11,SPOT,WS,248.0205415499533,29,2024,0
4738,2024-06-18,2024-06-18,TC11,SPOT,WS,242.5023342670401,29,2024,0
4737,2024-06-19,2024-06-19,TC11,SPOT,WS,231.4098972922502,29,2024,0
4736,2024-06-20,2024-06-20,TC11,SPOT,WS,228.0578898225957,29,2024,0
4735,2024-06-21,2024-06-21,TC11,SPOT,WS,227.1521942110177,29,2024,0
4734,2024-06-24,2024-06-24,TC11,SPOT,WS,227.124183006536,29,2024,0
4733,2024-06-25,2024-06-25,TC11,SPOT,WS,233.4267040149393,29,2024,0
4732,2024-06-26,2024-06-26,TC11,SPOT,WS,250.0560224089636,29,2024,0
4731,2024-06-27,2024-06-27,TC11,SPOT,WS,241.7460317460317,29,2024,0
4730,2024-06-28,2024-06-28,TC11,SPOT,WS,239.7012138188609,29,2024,0
4729,2024-07-01,2024-07-01,TC11,SPOT,WS,234.7432306255835,30,2024,0
4728,2024-07-02,2024-07-02,TC11,SPOT,WS,232.2595704948646,30,2024,0
4727,2024-07-03,2024-07-03,TC11,SPOT,WS,225.1073762838469,30,2024,0
4726,2024-07-04,2024-07-04,TC11,SPOT,WS,210.9617180205416,30,2024,0
4725,2024-07-05,2024-07-05,TC11,SPOT,WS,210.0840336134453,30,2024,0
4724,2024-07-08,2024-07-08,TC11,SPOT,WS,208.7675070028011,30,2024,0
4723,2024-07-09,2024-07-09,TC11,SPOT,WS,201.764705882353,30,2024,0
4722,2024-07-10,2024-07-10,TC11,SPOT,WS,195.499533146592,30,2024,0
4721,2024-07-11,2024-07-11,TC11,SPOT,WS,190.532212885154,30,2024,0
4720,2024-07-12,2024-07-12,TC11,SPOT,WS,188.0859010270774,30,2024,0
4719,2024-07-15,2024-07-15,TC11,SPOT,WS,185.4621848739496,30,2024,0
4718,2024-07-16,2024-07-16,TC11,SPOT,WS,181.0550887021474,30,2024,0
4717,2024-07-17,2024-07-17,TC11,SPOT,WS,175.6582633053221,30,2024,0
4716,2024-07-18,2024-07-18,TC11,SPOT,WS,156.6853408029878,30,2024,0
4715,2024-07-19,2024-07-19,TC11,SPOT,WS,144.8739495798319,30,2024,0
4714,2024-07-22,2024-07-22,TC11,SPOT,WS,131.1577964519141,30,2024,0
4713,2024-07-23,2024-07-23,TC11,SPOT,WS,126.4892623716153,30,2024,0
4712,2024-07-24,2024-07-24,TC11,SPOT,WS,124.1549953314659,30,2024,0
4711,2024-07-25,2024-07-25,TC11,SPOT,WS,125.0326797385621,30,2024,0
4710,2024-07-26,2024-07-26,TC11,SPOT,WS,122.2595704948646,30,2024,0
4709,2024-07-29,2024-07-29,TC11,SPOT,WS,119.047619047619,30,2024,0
4708,2024-07-30,2024-07-30,TC11,SPOT,WS,119.0756302521008,30,2024,0
4707,2024-07-31,2024-07-31,TC11,SPOT,WS,120.3361344537815,30,2024,0
4706,2024-08-01,2024-08-01,TC11,SPOT,WS,120.2147525676937,30,2024,0
4705,2024-08-02,2024-08-02,TC11,SPOT,WS,119.6358543417367,30,2024,0
4704,2024-08-05,2024-08-05,TC11,SPOT,WS,120.9430438842203,30,2024,0
4703,2024-08-06,2024-08-06,TC11,SPOT,WS,122.436974789916,30,2024,0
4702,2024-08-07,2024-08-07,TC11,SPOT,WS,123.3333333333333,30,2024,0
4701,2024-08-08,2024-08-08,TC11,SPOT,WS,124.3323996265173,30,2024,0
4700,2024-08-12,2024-08-12,TC11,SPOT,WS,135.0980392156862,30,2024,0
4699,2024-08-13,2024-08-13,TC11,SPOT,WS,136.844070961718,30,2024,0
4698,2024-08-14,2024-08-14,TC11,SPOT,WS,146.6199813258636,30,2024,0
4697,2024-08-15,2024-08-15,TC11,SPOT,WS,148.7488328664799,30,2024,0
4696,2024-08-16,2024-08-16,TC11,SPOT,WS,152.110177404295,30,2024,0
4695,2024-08-19,2024-08-19,TC11,SPOT,WS,151.8767507002801,30,2024,0
4694,2024-08-20,2024-08-20,TC11,SPOT,WS,151.7273576097105,30,2024,0
4693,2024-08-21,2024-08-21,TC11,SPOT,WS,151.1484593837535,30,2024,0
4692,2024-08-22,2024-08-22,TC11,SPOT,WS,149.3370681605975,30,2024,0
4691,2024-08-23,2024-08-23,TC11,SPOT,WS,146.7413632119514,30,2024,0
4690,2024-08-26,2024-08-26,TC11,SPOT,WS,144.9859943977591,30,2024,0
4689,2024-08-27,2024-08-27,TC11,SPOT,WS,143.8468720821662,30,2024,0
4688,2024-08-28,2024-08-28,TC11,SPOT,WS,141.9514472455649,30,2024,0
4687,2024-08-29,2024-08-29,TC11,SPOT,WS,137.5723622782446,30,2024,0
4686,2024-08-30,2024-08-30,TC11,SPOT,WS,136.4052287581699,30,2024,0
4685,2024-09-02,2024-09-02,TC11,SPOT,WS,133.781512605042,29,2024,0
4684,2024-09-03,2024-09-03,TC11,SPOT,WS,132.3249299719888,29,2024,0
4683,2024-09-04,2024-09-04,TC11,SPOT,WS,129.2623716153128,29,2024,0
4682,2024-09-05,2024-09-05,TC11,SPOT,WS,128.3846872082166,29,2024,0
4681,2024-09-06,2024-09-06,TC11,SPOT,WS,128.468720821662,29,2024,0
4680,2024-09-09,2024-09-09,TC11,SPOT,WS,127.2455648926237,29,2024,0
4679,2024-09-10,2024-09-10,TC11,SPOT,WS,125.0326797385621,29,2024,0
4678,2024-09-11,2024-09-11,TC11,SPOT,WS,123.1372549019608,29,2024,0
4677,2024-09-12,2024-09-12,TC11,SPOT,WS,118.8982259570495,29,2024,0
4676,2024-09-13,2024-09-13,TC11,SPOT,WS,112.0448179271708,29,2024,0
4675,2024-09-16,2024-09-16,TC11,SPOT,WS,110.5882352941176,29,2024,0
4674,2024-09-17,2024-09-17,TC11,SPOT,WS,110.4948646125117,29,2024,0
4673,2024-09-18,2024-09-18,TC11,SPOT,WS,110.2987861811391,29,2024,0
4672,2024-09-19,2024-09-19,TC11,SPOT,WS,109.2436974789916,29,2024,0
4671,2024-09-20,2024-09-20,TC11,SPOT,WS,108.3380018674136,29,2024,0
4670,2024-09-23,2024-09-23,TC11,SPOT,WS,109.1596638655462,29,2024,0
4669,2024-09-24,2024-09-24,TC11,SPOT,WS,118.0298786181139,29,2024,0
4668,2024-09-25,2024-09-25,TC11,SPOT,WS,127.8057889822596,29,2024,0
4667,2024-09-26,2024-09-26,TC11,SPOT,WS,141.3725490196078,29,2024,0
4666,2024-09-27,2024-09-27,TC11,SPOT,WS,148.2259570494865,29,2024,0
4665,2024-09-30,2024-09-30,TC11,SPOT,WS,152.1661998132586,29,2024,0
4664,2024-10-01,2024-10-01,TC11,SPOT,WS,161.7927170868347,30,2024,0
4663,2024-10-02,2024-10-02,TC11,SPOT,WS,166.3211951447245,30,2024,0
4662,2024-10-03,2024-10-03,TC11,SPOT,WS,166.7507002801121,30,2024,0
4661,2024-10-04,2024-10-04,TC11,SPOT,WS,163.8375350140056,30,2024,0
4660,2024-10-07,2024-10-07,TC11,SPOT,WS,159.1690009337068,30,2024,0
4659,2024-10-08,2024-10-08,TC11,SPOT,WS,157.5350140056022,30,2024,0
4658,2024-10-09,2024-10-09,TC11,SPOT,WS,148.2539682539682,30,2024,0
4657,2024-10-10,2024-10-10,TC11,SPOT,WS,129.5518207282913,30,2024,0
4656,2024-10-11,2024-10-11,TC11,SPOT,WS,127.9178338001867,30,2024,0
4655,2024-10-14,2024-10-14,TC11,SPOT,WS,124.7712418300653,30,2024,0
4654,2024-10-15,2024-10-15,TC11,SPOT,WS,122.6704014939309,30,2024,0
4653,2024-10-16,2024-10-16,TC11,SPOT,WS,118.6647992530345,30,2024,0
4652,2024-10-17,2024-10-17,TC11,SPOT,WS,114.5284780578898,30,2024,0
4651,2024-10-18,2024-10-18,TC11,SPOT,WS,112.6330532212885,30,2024,0
4650,2024-10-21,2024-10-21,TC11,SPOT,WS,110.2987861811391,30,2024,0
4649,2024-10-22,2024-10-22,TC11,SPOT,WS,104.3137254901961,30,2024,0
4648,2024-10-23,2024-10-23,TC11,SPOT,WS,102.5957049486461,30,2024,0
4647,2024-10-24,2024-10-24,TC11,SPOT,WS,100.0840336134454,30,2024,0
4646,2024-10-25,2024-10-25,TC11,SPOT,WS,100.0280112044818,30,2024,0
4645,2024-10-28,2024-10-28,TC11,SPOT,WS,98.0392156862745,30,2024,0
4644,2024-10-29,2024-10-29,TC11,SPOT,WS,97.02147525676936,30,2024,0
4643,2024-10-30,2024-10-30,TC11,SPOT,WS,96.46125116713353,30,2024,0
4642,2024-11-01,2024-11-01,TC11,SPOT,WS,95.7049486461251,29,2024,0
4641,2024-11-04,2024-11-04,TC11,SPOT,WS,95.266106442577,29,2024,0
4640,2024-11-05,2024-11-05,TC11,SPOT,WS,95.49953314659196,29,2024,0
4639,2024-11-06,2024-11-06,TC11,SPOT,WS,97.16153127917832,29,2024,0
4638,2024-11-07,2024-11-07,TC11,SPOT,WS,97.98319327731092,29,2024,0
4637,2024-11-08,2024-11-08,TC11,SPOT,WS,101.8300653594771,29,2024,0
4636,2024-11-11,2024-11-11,TC11,SPOT,WS,106.4985994397759,29,2024,0
4635,2024-11-12,2024-11-12,TC11,SPOT,WS,115.9010270774976,29,2024,0
4634,2024-11-13,2024-11-13,TC11,SPOT,WS,121.0924369747899,29,2024,0
4633,2024-11-14,2024-11-14,TC11,SPOT,WS,122.5490196078431,29,2024,0
4632,2024-11-15,2024-11-15,TC11,SPOT,WS,124.733893557423,29,2024,0
4631,2024-11-18,2024-11-18,TC11,SPOT,WS,128.5340802987862,29,2024,0
4630,2024-11-19,2024-11-19,TC11,SPOT,WS,158.2913165266106,29,2024,0
4629,2024-11-20,2024-11-20,TC11,SPOT,WS,162.2315592903828,29,2024,0
4628,2024-11-21,2024-11-21,TC11,SPOT,WS,161.4472455648926,29,2024,0
4627,2024-11-22,2024-11-22,TC11,SPOT,WS,157.2735760971055,29,2024,0
4626,2024-11-25,2024-11-25,TC11,SPOT,WS,153.7721755368814,29,2024,0
4625,2024-11-26,2024-11-26,TC11,SPOT,WS,146.9094304388422,29,2024,0
4624,2024-11-27,2024-11-27,TC11,SPOT,WS,141.3725490196078,29,2024,0
4623,2024-11-28,2024-11-28,TC11,SPOT,WS,135.8263305322129,29,2024,0
4622,2024-11-29,2024-11-29,TC11,SPOT,WS,131.7366946778711,29,2024,0
4621,2024-12-02,2024-12-02,TC11,SPOT,WS,128.5340802987862,30,2024,0
4620,2024-12-03,2024-12-03,TC11,SPOT,WS,123.2773109243697,30,2024,0
4619,2024-12-04,2024-12-04,TC11,SPOT,WS,116.4239028944911,30,2024,0
4618,2024-12-05,2024-12-05,TC11,SPOT,WS,113.734827264239,30,2024,0
4617,2024-12-06,2024-12-06,TC11,SPOT,WS,109.7105508870214,30,2024,0
4616,2024-12-09,2024-12-09,TC11,SPOT,WS,108.5434173669468,30,2024,0
4615,2024-12-10,2024-12-10,TC11,SPOT,WS,109.2717086834734,30,2024,0
4614,2024-12-11,2024-12-11,TC11,SPOT,WS,109.7105508870214,30,2024,0
4613,2024-12-12,2024-12-12,TC11,SPOT,WS,109.4211017740429,30,2024,0
4612,2024-12-13,2024-12-13,TC11,SPOT,WS,111.0270774976657,30,2024,0
4611,2024-12-16,2024-12-16,TC11,SPOT,WS,111.6059757236228,30,2024,0
4610,2024-12-17,2024-12-17,TC11,SPOT,WS,111.7553688141923,30,2024,0
4609,2024-12-18,2024-12-18,TC11,SPOT,WS,112.1942110177404,30,2024,0
4608,2024-12-19,2024-12-19,TC11,SPOT,WS,114.2296918767507,30,2024,0
4607,2024-12-20,2024-12-20,TC11,SPOT,WS,114.2296918767507,30,2024,0
4606,2024-12-23,2024-12-23,TC11,SPOT,WS,114.1736694677871,30,2024,0
4605,2024-12-24,2024-12-24,TC11,SPOT,WS,113.6507936507936,30,2024,0
4604,2025-01-02,2025-01-02,TC11,SPOT,WS,112.5779036827196,30,2025,0
4603,2025-01-03,2025-01-03,TC11,SPOT,WS,113.28611898017,30,2025,0
4602,2025-01-06,2025-01-06,TC11,SPOT,WS,115.3257790368272,30,2025,0
4601,2025-01-07,2025-01-07,TC11,SPOT,WS,116.5911237016053,30,2025,0
4600,2025-01-08,2025-01-08,TC11,SPOT,WS,123.6166194523135,30,2025,0
4599,2025-01-09,2025-01-09,TC11,SPOT,WS,126.4211520302172,30,2025,0
4598,2025-01-10,2025-01-10,TC11,SPOT,WS,135.1558073654391,30,2025,0
4597,2025-01-13,2025-01-13,TC11,SPOT,WS,135.7412653446648,30,2025,0
4596,2025-01-14,2025-01-14,TC11,SPOT,WS,160.2077431539188,30,2025,0
4595,2025-01-15,2025-01-15,TC11,SPOT,WS,162.710103871577,30,2025,0
4594,2025-01-16,2025-01-16,TC11,SPOT,WS,165.4013220018885,30,2025,0
4593,2025-01-17,2025-01-17,TC11,SPOT,WS,166.6666666666667,30,2025,0
4592,2025-01-20,2025-01-20,TC11,SPOT,WS,165.4863078375826,30,2025,0
4591,2025-01-21,2025-01-21,TC11,SPOT,WS,163.9565627950897,30,2025,0
4590,2025-01-22,2025-01-22,TC11,SPOT,WS,153.2955618508027,30,2025,0
4589,2025-01-23,2025-01-23,TC11,SPOT,WS,149.0179414542021,30,2025,0
4588,2025-01-24,2025-01-24,TC11,SPOT,WS,141.1992445703494,30,2025,0
4587,2025-01-27,2025-01-27,TC11,SPOT,WS,135.590179414542,30,2025,0
4586,2025-01-28,2025-01-28,TC11,SPOT,WS,135.0613786591124,30,2025,0
4585,2025-01-31,2025-01-31,TC11,SPOT,WS,135.2124645892351,30,2025,0
4584,2025-02-03,2025-02-03,TC11,SPOT,WS,135.505193578848,27,2025,0
4583,2025-02-04,2025-02-04,TC11,SPOT,WS,141.614730878187,27,2025,0
4582,2025-02-05,2025-02-05,TC11,SPOT,WS,148.3758262511804,27,2025,0
4581,2025-02-06,2025-02-06,TC11,SPOT,WS,151.9263456090652,27,2025,0
4580,2025-02-07,2025-02-07,TC11,SPOT,WS,152.8611898016997,27,2025,0
4579,2025-02-10,2025-02-10,TC11,SPOT,WS,153.1539187913125,27,2025,0
4578,2025-02-11,2025-02-11,TC11,SPOT,WS,153.0972615675165,27,2025,0
4577,2025-02-12,2025-02-12,TC11,SPOT,WS,153.3899905571294,27,2025,0
4576,2025-02-13,2025-02-13,TC11,SPOT,WS,152.9461756373938,27,2025,0
4575,2025-02-14,2025-02-14,TC11,SPOT,WS,154.0887629839471,27,2025,0
4574,2025-02-17,2025-02-17,TC11,SPOT,WS,154.3342776203966,27,2025,0
4573,2025-02-18,2025-02-18,TC11,SPOT,WS,154.1831916902738,27,2025,0
4572,2025-02-19,2025-02-19,TC11,SPOT,WS,153.4466477809254,27,2025,0
4571,2025-02-20,2025-02-20,TC11,SPOT,WS,147.9886685552408,27,2025,0
4570,2025-02-21,2025-02-21,TC11,SPOT,WS,146.600566572238,27,2025,0
4569,2025-02-24,2025-02-24,TC11,SPOT,WS,144.8914069877243,27,2025,0
4568,2025-02-25,2025-02-25,TC11,SPOT,WS,144.5042492917847,27,2025,0
4567,2025-02-26,2025-02-26,TC11,SPOT,WS,142.2946175637394,27,2025,0
4566,2025-02-27,2025-02-27,TC11,SPOT,WS,141.2842304060434,27,2025,0
4565,2025-02-28,2025-02-28,TC11,SPOT,WS,141.152030217186,27,2025,0
4564,2025-03-03,2025-03-03,TC11,SPOT,WS,140.547686496695,30,2025,0
4563,2025-03-04,2025-03-04,TC11,SPOT,WS,144.0037771482531,30,2025,0
4562,2025-03-05,2025-03-05,TC11,SPOT,WS,152.8611898016997,30,2025,0
4561,2025-03-06,2025-03-06,TC11,SPOT,WS,155.9867799811142,30,2025,0
4560,2025-03-07,2025-03-07,TC11,SPOT,WS,156.9877242681775,30,2025,0
4559,2025-03-10,2025-03-10,TC11,SPOT,WS,157.724268177526,30,2025,0
4558,2025-03-11,2025-03-11,TC11,SPOT,WS,158.7629839471199,30,2025,0
4557,2025-03-12,2025-03-12,TC11,SPOT,WS,156.9310670443815,30,2025,0
4556,2025-03-13,2025-03-13,TC11,SPOT,WS,151.6808309726157,30,2025,0
4555,2025-03-14,2025-03-14,TC11,SPOT,WS,148.1397544853635,30,2025,0
4554,2025-03-17,2025-03-17,TC11,SPOT,WS,148.1397544853635,30,2025,0
4553,2025-03-18,2025-03-18,TC11,SPOT,WS,147.1010387157696,30,2025,0
4552,2025-03-19,2025-03-19,TC11,SPOT,WS,145.9206798866855,30,2025,0
4551,2025-03-20,2025-03-20,TC11,SPOT,WS,146.0151085930123,30,2025,0
4550,2025-03-21,2025-03-21,TC11,SPOT,WS,146.0151085930123,30,2025,0
4549,2025-03-24,2025-03-24,TC11,SPOT,WS,146.8932955618508,30,2025,0
4548,2025-03-25,2025-03-25,TC11,SPOT,WS,145.8640226628895,30,2025,0
4547,2025-03-26,2025-03-26,TC11,SPOT,WS,144.9763928234183,30,2025,0
4546,2025-03-27,2025-03-27,TC11,SPOT,WS,143.1444759206799,30,2025,0
4545,2025-03-28,2025-03-28,TC11,SPOT,WS,142.2379603399434,30,2025,0
4544,2025-04-01,2025-04-01,TC11,SPOT,WS,139.8772426817753,29,2025,0
4543,2025-04-02,2025-04-02,TC11,SPOT,WS,137.6581680830973,29,2025,0
4542,2025-04-03,2025-04-03,TC11,SPOT,WS,137.0727101038716,29,2025,0
4541,2025-04-04,2025-04-04,TC11,SPOT,WS,136.3361661945231,29,2025,0
4540,2025-04-07,2025-04-07,TC11,SPOT,WS,136.628895184136,29,2025,0
4539,2025-04-08,2025-04-08,TC11,SPOT,WS,135.590179414542,29,2025,0
4538,2025-04-09,2025-04-09,TC11,SPOT,WS,134.5325779036827,29,2025,0
4537,2025-04-10,2025-04-10,TC11,SPOT,WS,134.2681775259679,29,2025,0
4536,2025-04-11,2025-04-11,TC11,SPOT,WS,134.6458923512748,29,2025,0
4535,2025-04-14,2025-04-14,TC11,SPOT,WS,133.4372049102927,29,2025,0
4534,2025-04-15,2025-04-15,TC11,SPOT,WS,132.795089707271,29,2025,0
4533,2025-04-16,2025-04-16,TC11,SPOT,WS,132.2001888574127,29,2025,0
4532,2025-04-17,2025-04-17,TC11,SPOT,WS,129.5467422096317,29,2025,0
4531,2025-04-21,2025-04-21,TC11,SPOT,WS,127.6581680830973,29,2025,0
4530,2025-04-22,2025-04-22,TC11,SPOT,WS,125.7129367327668,29,2025,0
4529,2025-04-23,2025-04-23,TC11,SPOT,WS,121.5769593956563,29,2025,0
4528,2025-04-24,2025-04-24,TC11,SPOT,WS,108.8857412653447,29,2025,0
4527,2025-04-25,2025-04-25,TC11,SPOT,WS,107.0915958451369,29,2025,0
4526,2025-04-28,2025-04-28,TC11,SPOT,WS,105.7601510859301,29,2025,0
4525,2025-04-29,2025-04-29,TC11,SPOT,WS,105.7601510859301,29,2025,0
4524,2025-04-30,2025-04-30,TC11,SPOT,WS,105.9678942398489,29,2025,0
4523,2025-05-02,2025-05-02,TC11,SPOT,WS,108.8290840415486,30,2025,0
4522,2025-05-05,2025-05-05,TC11,SPOT,WS,110.2455146364495,30,2025,0
4521,2025-05-06,2025-05-06,TC11,SPOT,WS,109.8300283286119,30,2025,0
4520,2025-05-07,2025-05-07,TC11,SPOT,WS,112.1057601510859,30,2025,0
4519,2025-05-08,2025-05-08,TC11,SPOT,WS,112.2851746931067,30,2025,0
4518,2025-05-09,2025-05-09,TC11,SPOT,WS,112.6912181303116,30,2025,0
4517,2025-05-13,2025-05-13,TC11,SPOT,WS,113.4372049102927,30,2025,0
4516,2025-05-14,2025-05-14,TC11,SPOT,WS,113.9660056657224,30,2025,0
4515,2025-05-15,2025-05-15,TC11,SPOT,WS,118.8951841359773,30,2025,0
4514,2025-05-16,2025-05-16,TC11,SPOT,WS,127.9225684608121,30,2025,0
4513,2025-05-19,2025-05-19,TC11,SPOT,WS,129.7828139754485,30,2025,0
4512,2025-05-20,2025-05-20,TC11,SPOT,WS,131.756373937677,30,2025,0
4511,2025-05-21,2025-05-21,TC11,SPOT,WS,134.7119924457035,30,2025,0
4510,2025-05-22,2025-05-22,TC11,SPOT,WS,135.590179414542,30,2025,0
4509,2025-05-23,2025-05-23,TC11,SPOT,WS,136.8649669499528,30,2025,0
4508,2025-05-26,2025-05-26,TC11,SPOT,WS,139.2823418319169,30,2025,0
4507,2025-05-27,2025-05-27,TC11,SPOT,WS,145.7790368271954,30,2025,0
4506,2025-05-28,2025-05-28,TC11,SPOT,WS,148.4324834749764,30,2025,0
4505,2025-05-29,2025-05-29,TC11,SPOT,WS,153.7393767705383,30,2025,0
4504,2025-05-30,2025-05-30,TC11,SPOT,WS,159.0557129367328,30,2025,0
4503,2025-06-02,2025-06-02,TC11,SPOT,WS,158.3191690273843,29,2025,0
4502,2025-06-03,2025-06-03,TC11,SPOT,WS,155.3635505193579,29,2025,0
4501,2025-06-04,2025-06-04,TC11,SPOT,WS,152.5590179414542,29,2025,0
4500,2025-06-05,2025-06-05,TC11,SPOT,WS,151.2370160528801,29,2025,0
4499,2025-06-06,2025-06-06,TC11,SPOT,WS,149.4617563739377,29,2025,0
4498,2025-06-09,2025-06-09,TC11,SPOT,WS,147.695939565628,29,2025,0
4497,2025-06-10,2025-06-10,TC11,SPOT,WS,147.695939565628,29,2025,0
4496,2025-06-11,2025-06-11,TC11,SPOT,WS,146.657223796034,29,2025,0
4495,2025-06-12,2025-06-12,TC11,SPOT,WS,145.1841359773371,29,2025,0
4494,2025-06-13,2025-06-13,TC11,SPOT,WS,143.7110481586402,29,2025,0
4493,2025-06-16,2025-06-16,TC11,SPOT,WS,143.1161473087819,29,2025,0
4492,2025-06-17,2025-06-17,TC11,SPOT,WS,143.7677053824362,29,2025,0
4491,2025-06-18,2025-06-18,TC11,SPOT,WS,154.9197355996223,29,2025,0
4490,2025-06-19,2025-06-19,TC11,SPOT,WS,167.4598677998112,29,2025,0
4489,2025-06-20,2025-06-20,TC11,SPOT,WS,170.1227573182247,29,2025,0
4488,2025-06-23,2025-06-23,TC11,SPOT,WS,172.4834749763928,29,2025,0
4487,2025-06-24,2025-06-24,TC11,SPOT,WS,173.9282341831917,29,2025,0
4486,2025-06-25,2025-06-25,TC11,SPOT,WS,173.5694050991502,29,2025,0
4485,2025-06-26,2025-06-26,TC11,SPOT,WS,176.3739376770538,29,2025,0
4484,2025-06-27,2025-06-27,TC11,SPOT,WS,175.3446647780926,29,2025,0
4483,2025-06-30,2025-06-30,TC11,SPOT,WS,173.8715769593957,29,2025,0
4482,2025-07-01,2025-07-01,TC11,SPOT,WS,174.4570349386213,30,2025,0
4481,2025-07-02,2025-07-02,TC11,SPOT,WS,172.6251180358829,30,2025,0
4480,2025-07-03,2025-07-03,TC11,SPOT,WS,172.3607176581681,30,2025,0
4479,2025-07-04,2025-07-04,TC11,SPOT,WS,171.4730878186969,30,2025,0
4478,2025-07-07,2025-07-07,TC11,SPOT,WS,165.2502360717658,30,2025,0
4477,2025-07-08,2025-07-08,TC11,SPOT,WS,163.7771482530689,30,2025,0
4476,2025-07-09,2025-07-09,TC11,SPOT,WS,158.1680830972616,30,2025,0
4475,2025-07-10,2025-07-10,TC11,SPOT,WS,155.8073654390935,30,2025,0
4474,2025-07-11,2025-07-11,TC11,SPOT,WS,153.7393767705383,30,2025,0
4473,2025-07-14,2025-07-14,TC11,SPOT,WS,152.2662889518413,30,2025,0
4472,2025-07-15,2025-07-15,TC11,SPOT,WS,150.7932011331445,30,2025,0
4471,2025-07-16,2025-07-16,TC11,SPOT,WS,148.5741265344665,30,2025,0
4470,2025-07-17,2025-07-17,TC11,SPOT,WS,147.695939565628,30,2025,0
4469,2025-07-18,2025-07-18,TC11,SPOT,WS,147.4315391879131,30,2025,0
4468,2025-07-21,2025-07-21,TC11,SPOT,WS,148.1680830972616,30,2025,0
4467,2025-07-22,2025-07-22,TC11,SPOT,WS,148.4324834749764,30,2025,0
4466,2025-07-23,2025-07-23,TC11,SPOT,WS,149.2823418319169,30,2025,0
4465,2025-07-24,2025-07-24,TC11,SPOT,WS,150.5004721435316,30,2025,0
4464,2025-07-25,2025-07-25,TC11,SPOT,WS,150.7932011331445,30,2025,0
4463,2025-07-28,2025-07-28,TC11,SPOT,WS,149.6128423040604,30,2025,0
4462,2025-07-29,2025-07-29,TC11,SPOT,WS,148.6685552407932,30,2025,0
4461,2025-07-30,2025-07-30,TC11,SPOT,WS,147.2237960339943,30,2025,0
4460,2025-07-31,2025-07-31,TC11,SPOT,WS,145.5429650613787,30,2025,0
4459,2025-08-01,2025-08-01,TC11,SPOT,WS,143.8526912181303,30,2025,0
4458,2025-08-04,2025-08-04,TC11,SPOT,WS,142.0018885741265,30,2025,0
4457,2025-08-05,2025-08-05,TC11,SPOT,WS,141.643059490085,30,2025,0
4456,2025-08-06,2025-08-06,TC11,SPOT,WS,141.643059490085,30,2025,0
4455,2025-08-07,2025-08-07,TC11,SPOT,WS,141.643059490085,30,2025,0
4454,2025-08-08,2025-08-08,TC11,SPOT,WS,141.4919735599622,30,2025,0
4453,2025-08-11,2025-08-11,TC11,SPOT,WS,141.4919735599622,30,2025,0
4452,2025-08-12,2025-08-12,TC11,SPOT,WS,141.7941454202077,30,2025,0
4451,2025-08-13,2025-08-13,TC11,SPOT,WS,144.3626062322946,30,2025,0
4450,2025-08-14,2025-08-14,TC11,SPOT,WS,145.47686496695,30,2025,0
4449,2025-08-15,2025-08-15,TC11,SPOT,WS,148.1397544853635,30,2025,0
4448,2025-08-18,2025-08-18,TC11,SPOT,WS,149.7544853635505,30,2025,0
4447,2025-08-19,2025-08-19,TC11,SPOT,WS,152.5590179414542,30,2025,0
4446,2025-08-20,2025-08-20,TC11,SPOT,WS,154.6270066100094,30,2025,0
4445,2025-08-21,2025-08-21,TC11,SPOT,WS,154.985835694051,30,2025,0
4444,2025-08-22,2025-08-22,TC11,SPOT,WS,154.5420207743154,30,2025,0
4443,2025-08-25,2025-08-25,TC11,SPOT,WS,153.5977337110481,30,2025,0
4442,2025-08-26,2025-08-26,TC11,SPOT,WS,152.2662889518413,30,2025,0
4441,2025-08-27,2025-08-27,TC11,SPOT,WS,150.7932011331445,30,2025,0
4440,2025-08-28,2025-08-28,TC11,SPOT,WS,150.9348441926346,30,2025,0
4439,2025-08-29,2025-08-29,TC11,SPOT,WS,151.3786591123702,30,2025,0
4438,2025-09-01,2025-09-01,TC11,SPOT,WS,155.8073654390935,29,2025,0
4437,2025-09-02,2025-09-02,TC11,SPOT,WS,160.5288007554296,29,2025,0
4436,2025-09-03,2025-09-03,TC11,SPOT,WS,169.0840415486308,29,2025,0
4435,2025-09-04,2025-09-04,TC11,SPOT,WS,178.6779981114259,29,2025,0
4434,2025-09-05,2025-09-05,TC11,SPOT,WS,179.4145420207743,29,2025,0
4433,2025-09-08,2025-09-08,TC11,SPOT,WS,178.385269121813,29,2025,0
4432,2025-09-09,2025-09-09,TC11,SPOT,WS,177.204910292729,29,2025,0
4431,2025-09-10,2025-09-10,TC11,SPOT,WS,176.3172804532578,29,2025,0
4430,2025-09-11,2025-09-11,TC11,SPOT,WS,175.8451369216241,29,2025,0
4429,2025-09-12,2025-09-12,TC11,SPOT,WS,174.4003777148253,29,2025,0
4428,2025-09-15,2025-09-15,TC11,SPOT,WS,175.8734655335222,29,2025,0
4427,2025-09-16,2025-09-16,TC11,SPOT,WS,177.6487252124646,29,2025,0
4426,2025-09-17,2025-09-17,TC11,SPOT,WS,177.5259678942398,29,2025,0
4425,2025-09-18,2025-09-18,TC11,SPOT,WS,177.9414542020774,29,2025,0
4424,2025-09-19,2025-09-19,TC11,SPOT,WS,177.204910292729,29,2025,0
4423,2025-09-22,2025-09-22,TC11,SPOT,WS,177.204910292729,29,2025,0
4422,2025-09-23,2025-09-23,TC11,SPOT,WS,172.8045325779037,29,2025,0
4421,2025-09-24,2025-09-24,TC11,SPOT,WS,167.4598677998112,29,2025,0
4420,2025-09-25,2025-09-25,TC11,SPOT,WS,166.8744098205855,29,2025,0
4419,2025-09-26,2025-09-26,TC11,SPOT,WS,165.5146364494806,29,2025,0
4418,2025-09-29,2025-09-29,TC11,SPOT,WS,163.0406043437204,29,2025,0
4417,2025-09-30,2025-09-30,TC11,SPOT,WS,159.1973559962229,29,2025,0
4416,2025-10-01,2025-10-01,TC11,SPOT,WS,155.6279508970727,30,2025,0
4415,2025-10-02,2025-10-02,TC11,SPOT,WS,152.5873465533522,30,2025,0
4414,2025-10-03,2025-10-03,TC11,SPOT,WS,149.8772426817753,30,2025,0
4413,2025-10-06,2025-10-06,TC11,SPOT,WS,147.8659112370161,30,2025,0
4412,2025-10-07,2025-10-07,TC11,SPOT,WS,145.9206798866855,30,2025,0
4411,2025-10-08,2025-10-08,TC11,SPOT,WS,145.0330500472144,30,2025,0
4410,2025-10-09,2025-10-09,TC11,SPOT,WS,145.3257790368272,30,2025,0
4409,2025-10-10,2025-10-10,TC11,SPOT,WS,146.1850802644004,30,2025,0
4408,2025-10-13,2025-10-13,TC11,SPOT,WS,147.5165250236072,30,2025,0
4407,2025-10-14,2025-10-14,TC11,SPOT,WS,148.1019830028329,30,2025,0
4406,2025-10-15,2025-10-15,TC11,SPOT,WS,148.7535410764872,30,2025,0
4405,2025-10-16,2025-10-16,TC11,SPOT,WS,148.4324834749764,30,2025,0
4404,2025-10-17,2025-10-17,TC11,SPOT,WS,147.3654390934844,30,2025,0
4403,2025-10-21,2025-10-21,TC11,SPOT,WS,143.6543909348442,30,2025,0
4402,2025-10-22,2025-10-22,TC11,SPOT,WS,141.9357884796978,30,2025,0
4401,2025-10-23,2025-10-23,TC11,SPOT,WS,141.643059490085,30,2025,0
4400,2025-10-24,2025-10-24,TC11,SPOT,WS,141.3503305004722,30,2025,0
4399,2025-10-27,2025-10-27,TC11,SPOT,WS,140.6987724268178,30,2025,0
4398,2025-10-28,2025-10-28,TC11,SPOT,WS,139.6978281397545,30,2025,0
4397,2025-10-29,2025-10-29,TC11,SPOT,WS,138.9896128423041,30,2025,0
4396,2025-10-30,2025-10-30,TC11,SPOT,WS,138.6591123701605,30,2025,0
4395,2025-10-31,2025-10-31,TC11,SPOT,WS,140.0188857412653,30,2025,0
4394,2025-11-03,2025-11-03,TC11,SPOT,WS,141.699716713881,29,2025,0
4393,2025-11-04,2025-11-04,TC11,SPOT,WS,144.4475920679887,29,2025,0
4392,2025-11-05,2025-11-05,TC11,SPOT,WS,150.056657223796,29,2025,0
4391,2025-11-06,2025-11-06,TC11,SPOT,WS,150.9065155807365,29,2025,0
4390,2025-11-07,2025-11-07,TC11,SPOT,WS,151.2370160528801,29,2025,0
4389,2025-11-10,2025-11-10,TC11,SPOT,WS,151.5297450424929,29,2025,0
4388,2025-11-11,2025-11-11,TC11,SPOT,WS,150.8781869688385,29,2025,0
4387,2025-11-12,2025-11-12,TC11,SPOT,WS,148.876298394712,29,2025,0
4386,2025-11-13,2025-11-13,TC11,SPOT,WS,147.9886685552408,29,2025,0
4385,2025-11-14,2025-11-14,TC11,SPOT,WS,149.1690273843248,29,2025,0
4384,2025-11-17,2025-11-17,TC11,SPOT,WS,149.9905571293673,29,2025,0
4383,2025-11-18,2025-11-18,TC11,SPOT,WS,149.4617563739377,29,2025,0
4382,2025-11-19,2025-11-19,TC11,SPOT,WS,148.3097261567517,29,2025,0
4381,2025-11-20,2025-11-20,TC11,SPOT,WS,147.1576959395656,29,2025,0
4380,2025-11-21,2025-11-21,TC11,SPOT,WS,146.0717658168083,29,2025,0
4379,2025-11-24,2025-11-24,TC11,SPOT,WS,145.6279508970727,29,2025,0
4378,2025-11-25,2025-11-25,TC11,SPOT,WS,144.7969782813975,29,2025,0
4377,2025-11-26,2025-11-26,TC11,SPOT,WS,147.9036827195467,29,2025,0
4376,2025-11-27,2025-11-27,TC11,SPOT,WS,163.0406043437204,29,2025,0
4375,2025-11-28,2025-11-28,TC11,SPOT,WS,165.8451369216241,29,2025,0
4374,2025-12-01,2025-12-01,TC11,SPOT,WS,171.8885741265345,30,2025,0
4373,2025-12-02,2025-12-02,TC11,SPOT,WS,185.1652502360718,30,2025,0
4372,2025-12-03,2025-12-03,TC11,SPOT,WS,188.5646836638338,30,2025,0
4371,2025-12-04,2025-12-04,TC11,SPOT,WS,189.0084985835693,30,2025,0
4370,2025-12-05,2025-12-05,TC11,SPOT,WS,208.9235127478753,30,2025,0
4369,2025-12-08,2025-12-08,TC11,SPOT,WS,208.8385269121813,30,2025,0
4368,2025-12-09,2025-12-09,TC11,SPOT,WS,219.1029272898961,30,2025,0
4367,2025-12-10,2025-12-10,TC11,SPOT,WS,225.448536355052,30,2025,0
4366,2025-12-11,2025-12-11,TC11,SPOT,WS,226.4778092540133,30,2025,0
4365,2025-12-12,2025-12-12,TC11,SPOT,WS,225.6846081208688,30,2025,0
4364,2025-12-15,2025-12-15,TC11,SPOT,WS,223.5599622285174,30,2025,0
4363,2025-12-16,2025-12-16,TC11,SPOT,WS,217.1860245514636,30,2025,0
4362,2025-12-17,2025-12-17,TC11,SPOT,WS,209.9527856468367,30,2025,0
4361,2025-12-18,2025-12-18,TC11,SPOT,WS,205.2313503305005,30,2025,0
4360,2025-12-19,2025-12-19,TC11,SPOT,WS,178.5269121813031,30,2025,0
4359,2025-12-22,2025-12-22,TC11,SPOT,WS,176.9027384324835,30,2025,0
4358,2025-12-23,2025-12-23,TC11,SPOT,WS,174.4003777148253,30,2025,0
4357,2025-12-24,2025-12-24,TC11,SPOT,WS,173.2200188857413,30,2025,0
4356,2026-01-02,2026-01-02,TC11,SPOT,WS,181.9779116465863,30,2026,0
4355,2026-01-05,2026-01-05,TC11,SPOT,WS,182.9216867469879,30,2026,0
4354,2026-01-06,2026-01-06,TC11,SPOT,WS,185.0200803212851,30,2026,0
4353,2026-01-07,2026-01-07,TC11,SPOT,WS,189.0361445783132,30,2026,0
4352,2026-01-08,2026-01-08,TC11,SPOT,WS,192.4899598393574,30,2026,0
4351,2026-01-09,2026-01-09,TC11,SPOT,WS,194.3674698795181,30,2026,0
4350,2026-01-12,2026-01-12,TC11,SPOT,WS,194.6887550200803,30,2026,0
4349,2026-01-13,2026-01-13,TC11,SPOT,WS,194.5281124497992,30,2026,0
4348,2026-01-14,2026-01-14,TC11,SPOT,WS,195.3915662650602,30,2026,0
4347,2026-01-15,2026-01-15,TC11,SPOT,WS,196.8775100401606,30,2026,0
4346,2026-01-16,2026-01-16,TC11,SPOT,WS,197.1987951807228,30,2026,0
4345,2026-01-19,2026-01-19,TC11,SPOT,WS,198.4538152610441,30,2026,0
4344,2026-01-20,2026-01-20,TC11,SPOT,WS,198.4538152610441,30,2026,0
4343,2026-01-21,2026-01-21,TC11,SPOT,WS,200.0200803212851,30,2026,0
4342,2026-01-22,2026-01-22,TC11,SPOT,WS,206.7670682730923,30,2026,0
4341,2026-01-23,2026-01-23,TC11,SPOT,WS,206.9176706827309,30,2026,0
4340,2026-01-26,2026-01-26,TC11,SPOT,WS,206.7670682730923,30,2026,0
4339,2026-01-27,2026-01-27,TC11,SPOT,WS,207.2389558232931,30,2026,0
4338,2026-01-28,2026-01-28,TC11,SPOT,WS,205.5923694779116,30,2026,0
4337,2026-01-29,2026-01-29,TC11,SPOT,WS,203.8654618473896,30,2026,0
4336,2026-01-30,2026-01-30,TC11,SPOT,WS,203.4738955823292,30,2026,0
4335,2026-02-02,2026-02-02,TC11,SPOT,WS,203.0020080321285,27,2026,0
4334,2026-02-03,2026-02-03,TC11,SPOT,WS,201.3353413654618,27,2026,0
4333,2026-02-04,2026-02-04,TC11,SPOT,WS,199.29718875502,27,2026,0
4332,2026-02-05,2026-02-05,TC11,SPOT,WS,199.9598393574297,27,2026,0
4331,2026-02-06,2026-02-06,TC11,SPOT,WS,199.4578313253012,27,2026,0
4330,2026-02-09,2026-02-09,TC11,SPOT,WS,197.218875502008,27,2026,0
4329,2026-02-10,2026-02-10,TC11,SPOT,WS,193.9859437751004,27,2026,0
4328,2026-02-11,2026-02-11,TC11,SPOT,WS,185.3815261044176,27,2026,0
4327,2026-02-12,2026-02-12,TC11,SPOT,WS,181.79718875502,27,2026,0
4326,2026-02-13,2026-02-13,TC11,SPOT,WS,180.1807228915662,27,2026,0
4325,2026-02-16,2026-02-16,TC11,SPOT,WS,179.64859437751,27,2026,0
4324,2026-02-19,2026-02-19,TC11,SPOT,WS,178.3935742971887,27,2026,0
4323,2026-02-20,2026-02-20,TC11,SPOT,WS,176.7771084337349,27,2026,0
4322,2026-02-23,2026-02-23,TC11,SPOT,WS,176.2449799196787,27,2026,0
4321,2026-02-24,2026-02-24,TC11,SPOT,WS,178.0321285140562,27,2026,0
4320,2026-02-25,2026-02-25,TC11,SPOT,WS,187.359437751004,27,2026,0
4319,2026-02-26,2026-02-26,TC11,SPOT,WS,191.4759036144578,27,2026,0
4318,2026-02-27,2026-02-27,TC11,SPOT,WS,202.4196787148594,27,2026,0
4317,2026-03-02,2026-03-02,TC11,SPOT,WS,210.3012048192771,30,2026,0
4316,2026-03-03,2026-03-03,TC11,SPOT,WS,219.6285140562249,30,2026,0
4315,2026-03-04,2026-03-04,TC11,SPOT,WS,222.85140562249,30,2026,0
4314,2026-03-05,2026-03-05,TC11,SPOT,WS,233.6144578313253,30,2026,0
4313,2026-03-06,2026-03-06,TC11,SPOT,WS,233.9759036144578,30,2026,0
4312,2026-03-09,2026-03-09,TC11,SPOT,WS,224.3072289156626,30,2026,0
4311,2026-03-10,2026-03-10,TC11,SPOT,WS,217.9016064257028,30,2026,0
4310,2026-03-11,2026-03-11,TC11,SPOT,WS,214.29718875502,30,2026,0
4309,2026-03-12,2026-03-12,TC11,SPOT,WS,209.2771084337349,30,2026,0
4308,2026-03-13,2026-03-13,TC11,SPOT,WS,208.644578313253,30,2026,0
4307,2026-03-16,2026-03-16,TC11,SPOT,WS,207.078313253012,30,2026,0
4306,2026-03-17,2026-03-17,TC11,SPOT,WS,206.4558232931727,30,2026,0
4305,2026-03-18,2026-03-18,TC11,SPOT,WS,205.6626506024097,30,2026,0
4304,2026-03-19,2026-03-19,TC11,SPOT,WS,204.8795180722892,30,2026,0
4303,2026-03-20,2026-03-20,TC11,SPOT,WS,202.218875502008,30,2026,0
4302,2026-03-23,2026-03-23,TC11,SPOT,WS,207.3895582329317,30,2026,0
4301,2026-03-24,2026-03-24,TC11,SPOT,WS,213.5140562248995,30,2026,0
4300,2026-03-25,2026-03-25,TC11,SPOT,WS,214.7690763052208,30,2026,0
4299,2026-03-26,2026-03-26,TC11,SPOT,WS,212.7309236947791,30,2026,0
4298,2026-03-27,2026-03-27,TC11,SPOT,WS,210.3112449799196,30,2026,0
4297,2026-03-30,2026-03-30,TC11,SPOT,WS,208.1726907630522,30,2026,0
4296,2026-03-31,2026-03-31,TC11,SPOT,WS,200.6425702811245,30,2026,0
4295,2026-04-01,2026-04-01,TC11,SPOT,WS,198.7650602409638,29,2026,0
4294,2026-04-02,2026-04-02,TC11,SPOT,WS,197.9819277108433,29,2026,0
4293,2026-04-06,2026-04-06,TC11,SPOT,WS,197.7309236947791,29,2026,0
4292,2026-04-07,2026-04-07,TC11,SPOT,WS,195.8433734939758,29,2026,0
4291,2026-04-08,2026-04-08,TC11,SPOT,WS,194.3674698795181,29,2026,0
4290,2026-04-09,2026-04-09,TC11,SPOT,WS,195.1907630522088,29,2026,0
4289,2026-04-10,2026-04-10,TC11,SPOT,WS,197.9819277108433,29,2026,0
4288,2026-04-13,2026-04-13,TC11,SPOT,WS,199.859437751004,29,2026,0
4287,2026-04-14,2026-04-14,TC11,SPOT,WS,201.2751004016064,29,2026,0
4286,2026-04-15,2026-04-15,TC11,SPOT,WS,204.5682730923695,29,2026,0
4285,2026-04-16,2026-04-16,TC11,SPOT,WS,231.867469879518,29,2026,0
4284,2026-04-17,2026-04-17,TC11,SPOT,WS,241.9076305220883,29,2026,0
4283,2026-04-20,2026-04-20,TC11,SPOT,WS,245.2008032128514,29,2026,0
4282,2026-04-21,2026-04-21,TC11,SPOT,WS,247.710843373494,29,2026,0
4281,2026-04-22,2026-04-22,TC11,SPOT,WS,251.004016064257,29,2026,0
4280,2026-04-23,2026-04-23,TC11,SPOT,WS,252.2590361445783,29,2026,0
4279,2026-04-24,2026-04-24,TC11,SPOT,WS,250.3815261044176,29,2026,0
4278,2026-04-27,2026-04-27,TC11,SPOT,WS,246.4558232931726,29,2026,0
4277,2026-04-28,2026-04-28,TC11,SPOT,WS,243.3132530120482,29,2026,0
4276,2026-04-29,2026-04-29,TC11,SPOT,WS,236.8875502008032,29,2026,0
4275,2026-04-30,2026-04-30,TC11,SPOT,WS,233.433734939759,29,2026,0
4274,2026-05-04,2026-05-04,TC11,SPOT,WS,229.3574297188755,30,2026,0
4273,2026-05-05,2026-05-05,TC11,SPOT,WS,223.7048192771084,30,2026,0
4272,2026-05-06,2026-05-06,TC11,SPOT,WS,218.8453815261044,30,2026,0
4271,2026-05-07,2026-05-07,TC11,SPOT,WS,213.6646586345381,30,2026,0
4270,2026-05-08,2026-05-08,TC11,SPOT,WS,209.3373493975904,30,2026,0
4269,2026-05-11,2026-05-11,TC11,SPOT,WS,206.6064257028112,30,2026,0
4268,2026-05-12,2026-05-12,TC11,SPOT,WS,202.3694779116466,30,2026,0
4267,2026-05-13,2026-05-13,TC11,SPOT,WS,195.3112449799196,30,2026,0
4266,2026-05-14,2026-05-14,TC11,SPOT,WS,191.2349397590361,30,2026,0
4265,2026-05-15,2026-05-15,TC11,SPOT,WS,188.5642570281124,30,2026,0
4264,2026-05-18,2026-05-18,TC11,SPOT,WS,186.6867469879518,30,2026,0
4263,2026-05-19,2026-05-19,TC11,SPOT,WS,184.7991967871486,30,2026,0
4262,2026-05-20,2026-05-20,TC11,SPOT,WS,182.289156626506,30,2026,0
4261,2026-05-21,2026-05-21,TC11,SPOT,WS,181.1947791164658,30,2026,0
4260,2026-05-22,2026-05-22,TC11,SPOT,WS,180.722891566265,30,2026,0
4259,2026-05-25,2026-05-25,TC11,SPOT,WS,180.4116465863453,30,2026,0
4258,2026-05-26,2026-05-26,TC11,SPOT,WS,179.2168674698795,30,2026,0
4257,2026-05-28,2026-05-28,TC11,SPOT,WS,178.6546184738956,30,2026,0
4256,2026-05-29,2026-05-29,TC11,SPOT,WS,177.429718875502,30,2026,0
4255,2026-06-02,2026-06-02,TC11,SPOT,WS,176.9578313253012,29,2026,0
4254,2026-06-03,2026-06-03,TC11,SPOT,WS,175.1706827309237,29,2026,0
4253,2026-06-04,2026-06-04,TC11,SPOT,WS,174.1365461847389,29,2026,0
4252,2026-06-05,2026-06-05,TC11,SPOT,WS,174.2168674698795,29,2026,0
4251,2026-06-08,2026-06-08,TC11,SPOT,WS,173.433734939759,29,2026,0
4250,2026-06-09,2026-06-09,TC11,SPOT,WS,171.9979919678715,29,2026,0
4249,2026-06-10,2026-06-10,TC11,SPOT,WS,170.3714859437751,29,2026,0
4248,2026-06-11,2026-06-11,TC11,SPOT,WS,169.1164658634538,29,2026,0
4247,2026-06-12,2026-06-12,TC11,SPOT,WS,167.3293172690763,29,2026,0
