Unnamed: 0,Date,TENOR_DATE,CURVE_NAME,CURVE_TYPE,UOM,Value,DAYS_TO_EXPIRY,TENOR_YEAR,DAYS_TO_EXPIRY_MASK
7913,2018-01-02,2018-01-02,TC5,SPOT,WS,99.58,30,2018,0
7912,2018-01-03,2018-01-03,TC5,SPOT,WS,98.75,30,2018,0
7911,2018-01-04,2018-01-04,TC5,SPOT,WS,96.23,30,2018,0
7910,2018-01-05,2018-01-05,TC5,SPOT,WS,95.18,30,2018,0
7909,2018-01-08,2018-01-08,TC5,SPOT,WS,94.0,30,2018,0
7908,2018-01-09,2018-01-09,TC5,SPOT,WS,92.0,30,2018,0
7907,2018-01-10,2018-01-10,TC5,SPOT,WS,90.61,30,2018,0
7906,2018-01-11,2018-01-11,TC5,SPOT,WS,88.83,30,2018,0
7905,2018-01-12,2018-01-12,TC5,SPOT,WS,88.83,30,2018,0
7904,2018-01-15,2018-01-15,TC5,SPOT,WS,89.28,30,2018,0
7903,2018-01-16,2018-01-16,TC5,SPOT,WS,89.78,30,2018,0
7902,2018-01-17,2018-01-17,TC5,SPOT,WS,89.11,30,2018,0
7901,2018-01-18,2018-01-18,TC5,SPOT,WS,88.33,30,2018,0
7900,2018-01-19,2018-01-19,TC5,SPOT,WS,87.61,30,2018,0
7899,2018-01-22,2018-01-22,TC5,SPOT,WS,90.93999999999998,30,2018,0
7898,2018-01-23,2018-01-23,TC5,SPOT,WS,89.83,30,2018,0
7897,2018-01-24,2018-01-24,TC5,SPOT,WS,90.56000000000002,30,2018,0
7896,2018-01-25,2018-01-25,TC5,SPOT,WS,90.56000000000002,30,2018,0
7895,2018-01-26,2018-01-26,TC5,SPOT,WS,91.11,30,2018,0
7894,2018-01-29,2018-01-29,TC5,SPOT,WS,93.04000000000002,30,2018,0
7893,2018-01-30,2018-01-30,TC5,SPOT,WS,95.28,30,2018,0
7892,2018-01-31,2018-01-31,TC5,SPOT,WS,95.89,30,2018,0
7891,2018-02-01,2018-02-01,TC5,SPOT,WS,96.67,27,2018,0
7890,2018-02-02,2018-02-02,TC5,SPOT,WS,98.83,27,2018,0
7889,2018-02-05,2018-02-05,TC5,SPOT,WS,99.06,27,2018,0
7888,2018-02-06,2018-02-06,TC5,SPOT,WS,99.89,27,2018,0
7887,2018-02-07,2018-02-07,TC5,SPOT,WS,102.67,27,2018,0
7886,2018-02-08,2018-02-08,TC5,SPOT,WS,105.17,27,2018,0
7885,2018-02-09,2018-02-09,TC5,SPOT,WS,105.0,27,2018,0
7884,2018-02-12,2018-02-12,TC5,SPOT,WS,105.28,27,2018,0
7883,2018-02-13,2018-02-13,TC5,SPOT,WS,104.72,27,2018,0
7882,2018-02-14,2018-02-14,TC5,SPOT,WS,106.39,27,2018,0
7881,2018-02-15,2018-02-15,TC5,SPOT,WS,107.5,27,2018,0
7880,2018-02-16,2018-02-16,TC5,SPOT,WS,108.33,27,2018,0
7879,2018-02-19,2018-02-19,TC5,SPOT,WS,108.17,27,2018,0
7878,2018-02-20,2018-02-20,TC5,SPOT,WS,109.17,27,2018,0
7877,2018-02-21,2018-02-21,TC5,SPOT,WS,110.56,27,2018,0
7876,2018-02-22,2018-02-22,TC5,SPOT,WS,114.72,27,2018,0
7875,2018-02-23,2018-02-23,TC5,SPOT,WS,115.0,27,2018,0
7874,2018-02-26,2018-02-26,TC5,SPOT,WS,114.44,27,2018,0
7873,2018-02-27,2018-02-27,TC5,SPOT,WS,115.56,27,2018,0
7872,2018-02-28,2018-02-28,TC5,SPOT,WS,115.0,27,2018,0
7871,2018-03-01,2018-03-01,TC5,SPOT,WS,115.56,30,2018,0
7870,2018-03-02,2018-03-02,TC5,SPOT,WS,116.28,30,2018,0
7869,2018-03-05,2018-03-05,TC5,SPOT,WS,115.28,30,2018,0
7868,2018-03-06,2018-03-06,TC5,SPOT,WS,114.72,30,2018,0
7867,2018-03-07,2018-03-07,TC5,SPOT,WS,115.0,30,2018,0
7866,2018-03-08,2018-03-08,TC5,SPOT,WS,115.0,30,2018,0
7865,2018-03-09,2018-03-09,TC5,SPOT,WS,115.28,30,2018,0
7864,2018-03-12,2018-03-12,TC5,SPOT,WS,114.72,30,2018,0
7863,2018-03-13,2018-03-13,TC5,SPOT,WS,114.44,30,2018,0
7862,2018-03-14,2018-03-14,TC5,SPOT,WS,113.33,30,2018,0
7861,2018-03-15,2018-03-15,TC5,SPOT,WS,112.78,30,2018,0
7860,2018-03-16,2018-03-16,TC5,SPOT,WS,111.67,30,2018,0
7859,2018-03-19,2018-03-19,TC5,SPOT,WS,110.56,30,2018,0
7858,2018-03-20,2018-03-20,TC5,SPOT,WS,111.78,30,2018,0
7857,2018-03-21,2018-03-21,TC5,SPOT,WS,113.39,30,2018,0
7856,2018-03-22,2018-03-22,TC5,SPOT,WS,114.56,30,2018,0
7855,2018-03-23,2018-03-23,TC5,SPOT,WS,116.67,30,2018,0
7854,2018-03-26,2018-03-26,TC5,SPOT,WS,118.94,30,2018,0
7853,2018-03-27,2018-03-27,TC5,SPOT,WS,120.0,30,2018,0
7852,2018-03-28,2018-03-28,TC5,SPOT,WS,120.0,30,2018,0
7851,2018-03-29,2018-03-29,TC5,SPOT,WS,119.69,30,2018,0
7850,2018-04-03,2018-04-03,TC5,SPOT,WS,119.17,29,2018,0
7849,2018-04-04,2018-04-04,TC5,SPOT,WS,115.28,29,2018,0
7848,2018-04-05,2018-04-05,TC5,SPOT,WS,112.56,29,2018,0
7847,2018-04-06,2018-04-06,TC5,SPOT,WS,110.17,29,2018,0
7846,2018-04-09,2018-04-09,TC5,SPOT,WS,109.06,29,2018,0
7845,2018-04-10,2018-04-10,TC5,SPOT,WS,109.61,29,2018,0
7844,2018-04-11,2018-04-11,TC5,SPOT,WS,109.72,29,2018,0
7843,2018-04-12,2018-04-12,TC5,SPOT,WS,109.22,29,2018,0
7842,2018-04-13,2018-04-13,TC5,SPOT,WS,110.06,29,2018,0
7841,2018-04-16,2018-04-16,TC5,SPOT,WS,112.5,29,2018,0
7840,2018-04-17,2018-04-17,TC5,SPOT,WS,110.56,29,2018,0
7839,2018-04-18,2018-04-18,TC5,SPOT,WS,110.0,29,2018,0
7838,2018-04-19,2018-04-19,TC5,SPOT,WS,109.72,29,2018,0
7837,2018-04-20,2018-04-20,TC5,SPOT,WS,108.33,29,2018,0
7836,2018-04-23,2018-04-23,TC5,SPOT,WS,107.78,29,2018,0
7835,2018-04-24,2018-04-24,TC5,SPOT,WS,107.94,29,2018,0
7834,2018-04-25,2018-04-25,TC5,SPOT,WS,108.89,29,2018,0
7833,2018-04-26,2018-04-26,TC5,SPOT,WS,109.33,29,2018,0
7832,2018-04-27,2018-04-27,TC5,SPOT,WS,109.72,29,2018,0
7831,2018-04-30,2018-04-30,TC5,SPOT,WS,110.0,29,2018,0
7830,2018-05-01,2018-05-01,TC5,SPOT,WS,110.2,30,2018,0
7829,2018-05-02,2018-05-02,TC5,SPOT,WS,110.0,30,2018,0
7828,2018-05-03,2018-05-03,TC5,SPOT,WS,109.61,30,2018,0
7827,2018-05-04,2018-05-04,TC5,SPOT,WS,109.72,30,2018,0
7826,2018-05-08,2018-05-08,TC5,SPOT,WS,110.28,30,2018,0
7825,2018-05-09,2018-05-09,TC5,SPOT,WS,110.56,30,2018,0
7824,2018-05-10,2018-05-10,TC5,SPOT,WS,110.0,30,2018,0
7823,2018-05-11,2018-05-11,TC5,SPOT,WS,110.28,30,2018,0
7822,2018-05-14,2018-05-14,TC5,SPOT,WS,110.5,30,2018,0
7821,2018-05-15,2018-05-15,TC5,SPOT,WS,110.83,30,2018,0
7820,2018-05-16,2018-05-16,TC5,SPOT,WS,111.11,30,2018,0
7819,2018-05-17,2018-05-17,TC5,SPOT,WS,111.88,30,2018,0
7818,2018-05-18,2018-05-18,TC5,SPOT,WS,112.22,30,2018,0
7817,2018-05-21,2018-05-21,TC5,SPOT,WS,111.81,30,2018,0
7816,2018-05-22,2018-05-22,TC5,SPOT,WS,113.61,30,2018,0
7815,2018-05-23,2018-05-23,TC5,SPOT,WS,114.44,30,2018,0
7814,2018-05-24,2018-05-24,TC5,SPOT,WS,114.72,30,2018,0
7813,2018-05-25,2018-05-25,TC5,SPOT,WS,114.69,30,2018,0
7812,2018-05-29,2018-05-29,TC5,SPOT,WS,115.36,30,2018,0
7811,2018-05-30,2018-05-30,TC5,SPOT,WS,117.5,30,2018,0
7810,2018-05-31,2018-05-31,TC5,SPOT,WS,118.33,30,2018,0
7809,2018-06-01,2018-06-01,TC5,SPOT,WS,117.78,29,2018,0
7808,2018-06-04,2018-06-04,TC5,SPOT,WS,118.06,29,2018,0
7807,2018-06-05,2018-06-05,TC5,SPOT,WS,118.33,29,2018,0
7806,2018-06-06,2018-06-06,TC5,SPOT,WS,115.83,29,2018,0
7805,2018-06-07,2018-06-07,TC5,SPOT,WS,115.0,29,2018,0
7804,2018-06-08,2018-06-08,TC5,SPOT,WS,114.44,29,2018,0
7803,2018-06-11,2018-06-11,TC5,SPOT,WS,114.44,29,2018,0
7802,2018-06-12,2018-06-12,TC5,SPOT,WS,114.17,29,2018,0
7801,2018-06-13,2018-06-13,TC5,SPOT,WS,113.89,29,2018,0
7800,2018-06-14,2018-06-14,TC5,SPOT,WS,112.94,29,2018,0
7799,2018-06-15,2018-06-15,TC5,SPOT,WS,112.5,29,2018,0
7798,2018-06-18,2018-06-18,TC5,SPOT,WS,113.06,29,2018,0
7797,2018-06-19,2018-06-19,TC5,SPOT,WS,114.72,29,2018,0
7796,2018-06-20,2018-06-20,TC5,SPOT,WS,117.22,29,2018,0
7795,2018-06-21,2018-06-21,TC5,SPOT,WS,119.72,29,2018,0
7794,2018-06-22,2018-06-22,TC5,SPOT,WS,120.0,29,2018,0
7793,2018-06-25,2018-06-25,TC5,SPOT,WS,120.0,29,2018,0
7792,2018-06-26,2018-06-26,TC5,SPOT,WS,119.61,29,2018,0
7791,2018-06-27,2018-06-27,TC5,SPOT,WS,119.72,29,2018,0
7790,2018-06-28,2018-06-28,TC5,SPOT,WS,119.5,29,2018,0
7789,2018-06-29,2018-06-29,TC5,SPOT,WS,119.22,29,2018,0
7788,2018-07-02,2018-07-02,TC5,SPOT,WS,119.44,30,2018,0
7787,2018-07-03,2018-07-03,TC5,SPOT,WS,120.0,30,2018,0
7786,2018-07-04,2018-07-04,TC5,SPOT,WS,120.0,30,2018,0
7785,2018-07-05,2018-07-05,TC5,SPOT,WS,120.0,30,2018,0
7784,2018-07-06,2018-07-06,TC5,SPOT,WS,120.28,30,2018,0
7783,2018-07-09,2018-07-09,TC5,SPOT,WS,119.94,30,2018,0
7782,2018-07-10,2018-07-10,TC5,SPOT,WS,120.22,30,2018,0
7781,2018-07-11,2018-07-11,TC5,SPOT,WS,120.28,30,2018,0
7780,2018-07-12,2018-07-12,TC5,SPOT,WS,120.28,30,2018,0
7779,2018-07-13,2018-07-13,TC5,SPOT,WS,119.72,30,2018,0
7778,2018-07-16,2018-07-16,TC5,SPOT,WS,119.61,30,2018,0
7777,2018-07-17,2018-07-17,TC5,SPOT,WS,118.89,30,2018,0
7776,2018-07-18,2018-07-18,TC5,SPOT,WS,118.58,30,2018,0
7775,2018-07-19,2018-07-19,TC5,SPOT,WS,118.11,30,2018,0
7774,2018-07-20,2018-07-20,TC5,SPOT,WS,116.72,30,2018,0
7773,2018-07-23,2018-07-23,TC5,SPOT,WS,116.28,30,2018,0
7772,2018-07-24,2018-07-24,TC5,SPOT,WS,116.28,30,2018,0
7771,2018-07-25,2018-07-25,TC5,SPOT,WS,115.83,30,2018,0
7770,2018-07-26,2018-07-26,TC5,SPOT,WS,114.44,30,2018,0
7769,2018-07-27,2018-07-27,TC5,SPOT,WS,112.94,30,2018,0
7768,2018-07-30,2018-07-30,TC5,SPOT,WS,111.67,30,2018,0
7767,2018-07-31,2018-07-31,TC5,SPOT,WS,110.56,30,2018,0
7766,2018-08-01,2018-08-01,TC5,SPOT,WS,108.33,30,2018,0
7765,2018-08-02,2018-08-02,TC5,SPOT,WS,107.78,30,2018,0
7764,2018-08-03,2018-08-03,TC5,SPOT,WS,106.17,30,2018,0
7763,2018-08-06,2018-08-06,TC5,SPOT,WS,104.0,30,2018,0
7762,2018-08-07,2018-08-07,TC5,SPOT,WS,101.0,30,2018,0
7761,2018-08-08,2018-08-08,TC5,SPOT,WS,97.5,30,2018,0
7760,2018-08-09,2018-08-09,TC5,SPOT,WS,95.82999999999998,30,2018,0
7759,2018-08-10,2018-08-10,TC5,SPOT,WS,95.56,30,2018,0
7758,2018-08-13,2018-08-13,TC5,SPOT,WS,95.28,30,2018,0
7757,2018-08-14,2018-08-14,TC5,SPOT,WS,95.94,30,2018,0
7756,2018-08-15,2018-08-15,TC5,SPOT,WS,95.56,30,2018,0
7755,2018-08-16,2018-08-16,TC5,SPOT,WS,97.93999999999998,30,2018,0
7754,2018-08-17,2018-08-17,TC5,SPOT,WS,100.28,30,2018,0
7753,2018-08-20,2018-08-20,TC5,SPOT,WS,100.56,30,2018,0
7752,2018-08-21,2018-08-21,TC5,SPOT,WS,101.11,30,2018,0
7751,2018-08-22,2018-08-22,TC5,SPOT,WS,100.58,30,2018,0
7750,2018-08-23,2018-08-23,TC5,SPOT,WS,100.28,30,2018,0
7749,2018-08-24,2018-08-24,TC5,SPOT,WS,99.43999999999998,30,2018,0
7748,2018-08-28,2018-08-28,TC5,SPOT,WS,96.93999999999998,30,2018,0
7747,2018-08-29,2018-08-29,TC5,SPOT,WS,98.33,30,2018,0
7746,2018-08-30,2018-08-30,TC5,SPOT,WS,104.17,30,2018,0
7745,2018-08-31,2018-08-31,TC5,SPOT,WS,106.94,30,2018,0
7744,2018-09-03,2018-09-03,TC5,SPOT,WS,107.06,29,2018,0
7743,2018-09-04,2018-09-04,TC5,SPOT,WS,106.67,29,2018,0
7742,2018-09-05,2018-09-05,TC5,SPOT,WS,106.67,29,2018,0
7741,2018-09-06,2018-09-06,TC5,SPOT,WS,106.11,29,2018,0
7740,2018-09-07,2018-09-07,TC5,SPOT,WS,105.63,29,2018,0
7739,2018-09-10,2018-09-10,TC5,SPOT,WS,105.0,29,2018,0
7738,2018-09-11,2018-09-11,TC5,SPOT,WS,102.5,29,2018,0
7737,2018-09-12,2018-09-12,TC5,SPOT,WS,102.78,29,2018,0
7736,2018-09-13,2018-09-13,TC5,SPOT,WS,102.94,29,2018,0
7735,2018-09-14,2018-09-14,TC5,SPOT,WS,106.67,29,2018,0
7734,2018-09-17,2018-09-17,TC5,SPOT,WS,109.33,29,2018,0
7733,2018-09-18,2018-09-18,TC5,SPOT,WS,112.5,29,2018,0
7732,2018-09-19,2018-09-19,TC5,SPOT,WS,114.44,29,2018,0
7731,2018-09-20,2018-09-20,TC5,SPOT,WS,115.0,29,2018,0
7730,2018-09-21,2018-09-21,TC5,SPOT,WS,115.0,29,2018,0
7729,2018-09-24,2018-09-24,TC5,SPOT,WS,115.28,29,2018,0
7728,2018-09-25,2018-09-25,TC5,SPOT,WS,116.06,29,2018,0
7727,2018-09-26,2018-09-26,TC5,SPOT,WS,118.89,29,2018,0
7726,2018-09-27,2018-09-27,TC5,SPOT,WS,120.28,29,2018,0
7725,2018-09-28,2018-09-28,TC5,SPOT,WS,120.0,29,2018,0
7724,2018-10-01,2018-10-01,TC5,SPOT,WS,120.0,30,2018,0
7723,2018-10-02,2018-10-02,TC5,SPOT,WS,120.56,30,2018,0
7722,2018-10-03,2018-10-03,TC5,SPOT,WS,121.39,30,2018,0
7721,2018-10-04,2018-10-04,TC5,SPOT,WS,120.72,30,2018,0
7720,2018-10-05,2018-10-05,TC5,SPOT,WS,121.94,30,2018,0
7719,2018-10-08,2018-10-08,TC5,SPOT,WS,122.5,30,2018,0
7718,2018-10-09,2018-10-09,TC5,SPOT,WS,123.44,30,2018,0
7717,2018-10-10,2018-10-10,TC5,SPOT,WS,123.33,30,2018,0
7716,2018-10-11,2018-10-11,TC5,SPOT,WS,122.5,30,2018,0
7715,2018-10-12,2018-10-12,TC5,SPOT,WS,123.06,30,2018,0
7714,2018-10-15,2018-10-15,TC5,SPOT,WS,121.56,30,2018,0
7713,2018-10-16,2018-10-16,TC5,SPOT,WS,125.56,30,2018,0
7712,2018-10-17,2018-10-17,TC5,SPOT,WS,127.78,30,2018,0
7711,2018-10-18,2018-10-18,TC5,SPOT,WS,128.61,30,2018,0
7710,2018-10-19,2018-10-19,TC5,SPOT,WS,128.33,30,2018,0
7709,2018-10-22,2018-10-22,TC5,SPOT,WS,127.33,30,2018,0
7708,2018-10-23,2018-10-23,TC5,SPOT,WS,127.83,30,2018,0
7707,2018-10-24,2018-10-24,TC5,SPOT,WS,127.83,30,2018,0
7706,2018-10-25,2018-10-25,TC5,SPOT,WS,128.11,30,2018,0
7705,2018-10-26,2018-10-26,TC5,SPOT,WS,129.06,30,2018,0
7704,2018-10-29,2018-10-29,TC5,SPOT,WS,128.06,30,2018,0
7703,2018-10-30,2018-10-30,TC5,SPOT,WS,128.22,30,2018,0
7702,2018-10-31,2018-10-31,TC5,SPOT,WS,128.89,30,2018,0
7701,2018-11-01,2018-11-01,TC5,SPOT,WS,129.44,29,2018,0
7700,2018-11-02,2018-11-02,TC5,SPOT,WS,130.28,29,2018,0
7699,2018-11-05,2018-11-05,TC5,SPOT,WS,129.72,29,2018,0
7698,2018-11-06,2018-11-06,TC5,SPOT,WS,129.17,29,2018,0
7697,2018-11-07,2018-11-07,TC5,SPOT,WS,130.0,29,2018,0
7696,2018-11-08,2018-11-08,TC5,SPOT,WS,129.17,29,2018,0
7695,2018-11-09,2018-11-09,TC5,SPOT,WS,128.06,29,2018,0
7694,2018-11-12,2018-11-12,TC5,SPOT,WS,128.61,29,2018,0
7693,2018-11-13,2018-11-13,TC5,SPOT,WS,129.72,29,2018,0
7692,2018-11-14,2018-11-14,TC5,SPOT,WS,130.11,29,2018,0
7691,2018-11-15,2018-11-15,TC5,SPOT,WS,129.89,29,2018,0
7690,2018-11-16,2018-11-16,TC5,SPOT,WS,130.28,29,2018,0
7689,2018-11-19,2018-11-19,TC5,SPOT,WS,130.56,29,2018,0
7688,2018-11-20,2018-11-20,TC5,SPOT,WS,130.0,29,2018,0
7687,2018-11-21,2018-11-21,TC5,SPOT,WS,129.72,29,2018,0
7686,2018-11-22,2018-11-22,TC5,SPOT,WS,129.33,29,2018,0
7685,2018-11-23,2018-11-23,TC5,SPOT,WS,129.33,29,2018,0
7684,2018-11-26,2018-11-26,TC5,SPOT,WS,129.33,29,2018,0
7683,2018-11-27,2018-11-27,TC5,SPOT,WS,132.22,29,2018,0
7682,2018-11-28,2018-11-28,TC5,SPOT,WS,134.17,29,2018,0
7681,2018-11-29,2018-11-29,TC5,SPOT,WS,142.22,29,2018,0
7680,2018-11-30,2018-11-30,TC5,SPOT,WS,146.94,29,2018,0
7679,2018-12-03,2018-12-03,TC5,SPOT,WS,170.56,30,2018,0
7678,2018-12-04,2018-12-04,TC5,SPOT,WS,178.33,30,2018,0
7677,2018-12-05,2018-12-05,TC5,SPOT,WS,185.0,30,2018,0
7676,2018-12-06,2018-12-06,TC5,SPOT,WS,181.67,30,2018,0
7675,2018-12-07,2018-12-07,TC5,SPOT,WS,180.5,30,2018,0
7674,2018-12-10,2018-12-10,TC5,SPOT,WS,180.28,30,2018,0
7673,2018-12-11,2018-12-11,TC5,SPOT,WS,176.94,30,2018,0
7672,2018-12-12,2018-12-12,TC5,SPOT,WS,176.39,30,2018,0
7671,2018-12-13,2018-12-13,TC5,SPOT,WS,174.56,30,2018,0
7670,2018-12-14,2018-12-14,TC5,SPOT,WS,175.28,30,2018,0
7669,2018-12-17,2018-12-17,TC5,SPOT,WS,179.78,30,2018,0
7668,2018-12-18,2018-12-18,TC5,SPOT,WS,183.06,30,2018,0
7667,2018-12-19,2018-12-19,TC5,SPOT,WS,186.5,30,2018,0
7666,2018-12-20,2018-12-20,TC5,SPOT,WS,188.67,30,2018,0
7665,2018-12-21,2018-12-21,TC5,SPOT,WS,189.72,30,2018,0
7664,2018-12-24,2018-12-24,TC5,SPOT,WS,189.06,30,2018,0
7663,2019-01-02,2019-01-02,TC5,SPOT,WS,161.78,30,2019,0
7662,2019-01-03,2019-01-03,TC5,SPOT,WS,161.13,30,2019,0
7661,2019-01-04,2019-01-04,TC5,SPOT,WS,161.61,30,2019,0
7660,2019-01-07,2019-01-07,TC5,SPOT,WS,163.56,30,2019,0
7659,2019-01-08,2019-01-08,TC5,SPOT,WS,163.53,30,2019,0
7658,2019-01-09,2019-01-09,TC5,SPOT,WS,162.5,30,2019,0
7657,2019-01-10,2019-01-10,TC5,SPOT,WS,154.44,30,2019,0
7656,2019-01-11,2019-01-11,TC5,SPOT,WS,151.11,30,2019,0
7655,2019-01-14,2019-01-14,TC5,SPOT,WS,150.28,30,2019,0
7654,2019-01-15,2019-01-15,TC5,SPOT,WS,150.56,30,2019,0
7653,2019-01-16,2019-01-16,TC5,SPOT,WS,149.78,30,2019,0
7652,2019-01-17,2019-01-17,TC5,SPOT,WS,149.11,30,2019,0
7651,2019-01-18,2019-01-18,TC5,SPOT,WS,149.11,30,2019,0
7650,2019-01-21,2019-01-21,TC5,SPOT,WS,147.89,30,2019,0
7649,2019-01-22,2019-01-22,TC5,SPOT,WS,146.11,30,2019,0
7648,2019-01-23,2019-01-23,TC5,SPOT,WS,145.0,30,2019,0
7647,2019-01-24,2019-01-24,TC5,SPOT,WS,140.28,30,2019,0
7646,2019-01-25,2019-01-25,TC5,SPOT,WS,135.0,30,2019,0
7645,2019-01-28,2019-01-28,TC5,SPOT,WS,127.5,30,2019,0
7644,2019-01-29,2019-01-29,TC5,SPOT,WS,123.39,30,2019,0
7643,2019-01-30,2019-01-30,TC5,SPOT,WS,122.78,30,2019,0
7642,2019-01-31,2019-01-31,TC5,SPOT,WS,122.72,30,2019,0
7641,2019-02-01,2019-02-01,TC5,SPOT,WS,122.5,27,2019,0
7640,2019-02-04,2019-02-04,TC5,SPOT,WS,121.94,27,2019,0
7639,2019-02-05,2019-02-05,TC5,SPOT,WS,121.19,27,2019,0
7638,2019-02-06,2019-02-06,TC5,SPOT,WS,120.56,27,2019,0
7637,2019-02-07,2019-02-07,TC5,SPOT,WS,119.44,27,2019,0
7636,2019-02-08,2019-02-08,TC5,SPOT,WS,119.22,27,2019,0
7635,2019-02-11,2019-02-11,TC5,SPOT,WS,119.33,27,2019,0
7634,2019-02-12,2019-02-12,TC5,SPOT,WS,118.39,27,2019,0
7633,2019-02-13,2019-02-13,TC5,SPOT,WS,114.72,27,2019,0
7632,2019-02-14,2019-02-14,TC5,SPOT,WS,113.06,27,2019,0
7631,2019-02-15,2019-02-15,TC5,SPOT,WS,112.78,27,2019,0
7630,2019-02-18,2019-02-18,TC5,SPOT,WS,111.39,27,2019,0
7629,2019-02-19,2019-02-19,TC5,SPOT,WS,110.0,27,2019,0
7628,2019-02-20,2019-02-20,TC5,SPOT,WS,109.72,27,2019,0
7627,2019-02-21,2019-02-21,TC5,SPOT,WS,108.89,27,2019,0
7626,2019-02-22,2019-02-22,TC5,SPOT,WS,109.72,27,2019,0
7625,2019-02-25,2019-02-25,TC5,SPOT,WS,109.72,27,2019,0
7624,2019-02-27,2019-02-27,TC5,SPOT,WS,110.0,27,2019,0
7623,2019-02-28,2019-02-28,TC5,SPOT,WS,109.89,27,2019,0
7622,2019-03-01,2019-03-01,TC5,SPOT,WS,109.89,30,2019,0
7621,2019-03-04,2019-03-04,TC5,SPOT,WS,109.61,30,2019,0
7620,2019-03-05,2019-03-05,TC5,SPOT,WS,108.06,30,2019,0
7619,2019-03-06,2019-03-06,TC5,SPOT,WS,108.06,30,2019,0
7618,2019-03-07,2019-03-07,TC5,SPOT,WS,108.33,30,2019,0
7617,2019-03-08,2019-03-08,TC5,SPOT,WS,109.17,30,2019,0
7616,2019-03-11,2019-03-11,TC5,SPOT,WS,110.0,30,2019,0
7615,2019-03-12,2019-03-12,TC5,SPOT,WS,110.0,30,2019,0
7614,2019-03-13,2019-03-13,TC5,SPOT,WS,110.0,30,2019,0
7613,2019-03-14,2019-03-14,TC5,SPOT,WS,110.56,30,2019,0
7612,2019-03-15,2019-03-15,TC5,SPOT,WS,110.56,30,2019,0
7611,2019-03-18,2019-03-18,TC5,SPOT,WS,112.5,30,2019,0
7610,2019-03-19,2019-03-19,TC5,SPOT,WS,113.89,30,2019,0
7609,2019-03-20,2019-03-20,TC5,SPOT,WS,114.75,30,2019,0
7608,2019-03-21,2019-03-21,TC5,SPOT,WS,115.0,30,2019,0
7607,2019-03-22,2019-03-22,TC5,SPOT,WS,115.39,30,2019,0
7606,2019-03-25,2019-03-25,TC5,SPOT,WS,115.06,30,2019,0
7605,2019-03-26,2019-03-26,TC5,SPOT,WS,114.17,30,2019,0
7604,2019-03-27,2019-03-27,TC5,SPOT,WS,113.33,30,2019,0
7603,2019-03-28,2019-03-28,TC5,SPOT,WS,111.94,30,2019,0
7602,2019-03-29,2019-03-29,TC5,SPOT,WS,110.28,30,2019,0
7601,2019-04-01,2019-04-01,TC5,SPOT,WS,110.28,29,2019,0
7600,2019-04-02,2019-04-02,TC5,SPOT,WS,109.44,29,2019,0
7599,2019-04-03,2019-04-03,TC5,SPOT,WS,108.61,29,2019,0
7598,2019-04-04,2019-04-04,TC5,SPOT,WS,103.5,29,2019,0
7597,2019-04-05,2019-04-05,TC5,SPOT,WS,100.67,29,2019,0
7596,2019-04-08,2019-04-08,TC5,SPOT,WS,99.44,29,2019,0
7595,2019-04-09,2019-04-09,TC5,SPOT,WS,95.56,29,2019,0
7594,2019-04-10,2019-04-10,TC5,SPOT,WS,95.10999999999996,29,2019,0
7593,2019-04-11,2019-04-11,TC5,SPOT,WS,93.61,29,2019,0
7592,2019-04-12,2019-04-12,TC5,SPOT,WS,92.5,29,2019,0
7591,2019-04-15,2019-04-15,TC5,SPOT,WS,90.56,29,2019,0
7590,2019-04-16,2019-04-16,TC5,SPOT,WS,90.28,29,2019,0
7589,2019-04-17,2019-04-17,TC5,SPOT,WS,90.0,29,2019,0
7588,2019-04-18,2019-04-18,TC5,SPOT,WS,90.0,29,2019,0
7587,2019-04-23,2019-04-23,TC5,SPOT,WS,90.0,29,2019,0
7586,2019-04-24,2019-04-24,TC5,SPOT,WS,90.39,29,2019,0
7585,2019-04-25,2019-04-25,TC5,SPOT,WS,91.93999999999998,29,2019,0
7584,2019-04-26,2019-04-26,TC5,SPOT,WS,95.89,29,2019,0
7583,2019-04-29,2019-04-29,TC5,SPOT,WS,98.89,29,2019,0
7582,2019-04-30,2019-04-30,TC5,SPOT,WS,104.33,29,2019,0
7581,2019-05-01,2019-05-01,TC5,SPOT,WS,105.0,30,2019,0
7580,2019-05-02,2019-05-02,TC5,SPOT,WS,105.0,30,2019,0
7579,2019-05-03,2019-05-03,TC5,SPOT,WS,106.39,30,2019,0
7578,2019-05-07,2019-05-07,TC5,SPOT,WS,114.72,30,2019,0
7577,2019-05-08,2019-05-08,TC5,SPOT,WS,117.22,30,2019,0
7576,2019-05-09,2019-05-09,TC5,SPOT,WS,118.33,30,2019,0
7575,2019-05-10,2019-05-10,TC5,SPOT,WS,118.06,30,2019,0
7574,2019-05-13,2019-05-13,TC5,SPOT,WS,118.06,30,2019,0
7573,2019-05-14,2019-05-14,TC5,SPOT,WS,117.56,30,2019,0
7572,2019-05-15,2019-05-15,TC5,SPOT,WS,117.56,30,2019,0
7571,2019-05-16,2019-05-16,TC5,SPOT,WS,118.67,30,2019,0
7570,2019-05-17,2019-05-17,TC5,SPOT,WS,118.81,30,2019,0
7569,2019-05-20,2019-05-20,TC5,SPOT,WS,118.33,30,2019,0
7568,2019-05-21,2019-05-21,TC5,SPOT,WS,117.61,30,2019,0
7567,2019-05-22,2019-05-22,TC5,SPOT,WS,116.44,30,2019,0
7566,2019-05-23,2019-05-23,TC5,SPOT,WS,116.94,30,2019,0
7565,2019-05-24,2019-05-24,TC5,SPOT,WS,117.22,30,2019,0
7564,2019-05-28,2019-05-28,TC5,SPOT,WS,117.22,30,2019,0
7563,2019-05-29,2019-05-29,TC5,SPOT,WS,117.11,30,2019,0
7562,2019-05-30,2019-05-30,TC5,SPOT,WS,117.33,30,2019,0
7561,2019-05-31,2019-05-31,TC5,SPOT,WS,117.17,30,2019,0
7560,2019-06-03,2019-06-03,TC5,SPOT,WS,116.78,29,2019,0
7559,2019-06-04,2019-06-04,TC5,SPOT,WS,117.17,29,2019,0
7558,2019-06-05,2019-06-05,TC5,SPOT,WS,117.0,29,2019,0
7557,2019-06-06,2019-06-06,TC5,SPOT,WS,116.72,29,2019,0
7556,2019-06-07,2019-06-07,TC5,SPOT,WS,116.72,29,2019,0
7555,2019-06-10,2019-06-10,TC5,SPOT,WS,116.17,29,2019,0
7554,2019-06-11,2019-06-11,TC5,SPOT,WS,115.28,29,2019,0
7553,2019-06-12,2019-06-12,TC5,SPOT,WS,114.72,29,2019,0
7552,2019-06-13,2019-06-13,TC5,SPOT,WS,112.94,29,2019,0
7551,2019-06-14,2019-06-14,TC5,SPOT,WS,112.28,29,2019,0
7550,2019-06-17,2019-06-17,TC5,SPOT,WS,113.28,29,2019,0
7549,2019-06-18,2019-06-18,TC5,SPOT,WS,114.44,29,2019,0
7548,2019-06-19,2019-06-19,TC5,SPOT,WS,115.0,29,2019,0
7547,2019-06-20,2019-06-20,TC5,SPOT,WS,113.61,29,2019,0
7546,2019-06-21,2019-06-21,TC5,SPOT,WS,112.61,29,2019,0
7545,2019-06-24,2019-06-24,TC5,SPOT,WS,112.78,29,2019,0
7544,2019-06-25,2019-06-25,TC5,SPOT,WS,111.67,29,2019,0
7543,2019-06-26,2019-06-26,TC5,SPOT,WS,111.67,29,2019,0
7542,2019-06-27,2019-06-27,TC5,SPOT,WS,110.0,29,2019,0
7541,2019-06-28,2019-06-28,TC5,SPOT,WS,110.56,29,2019,0
7540,2019-07-01,2019-07-01,TC5,SPOT,WS,106.67,30,2019,0
7539,2019-07-02,2019-07-02,TC5,SPOT,WS,100.56,30,2019,0
7538,2019-07-03,2019-07-03,TC5,SPOT,WS,99.72,30,2019,0
7537,2019-07-04,2019-07-04,TC5,SPOT,WS,97.39,30,2019,0
7536,2019-07-05,2019-07-05,TC5,SPOT,WS,94.0,30,2019,0
7535,2019-07-08,2019-07-08,TC5,SPOT,WS,91.93999999999998,30,2019,0
7534,2019-07-09,2019-07-09,TC5,SPOT,WS,90.5,30,2019,0
7533,2019-07-10,2019-07-10,TC5,SPOT,WS,92.78,30,2019,0
7532,2019-07-11,2019-07-11,TC5,SPOT,WS,97.5,30,2019,0
7531,2019-07-12,2019-07-12,TC5,SPOT,WS,97.71999999999998,30,2019,0
7530,2019-07-15,2019-07-15,TC5,SPOT,WS,97.21999999999998,30,2019,0
7529,2019-07-16,2019-07-16,TC5,SPOT,WS,95.94,30,2019,0
7528,2019-07-17,2019-07-17,TC5,SPOT,WS,94.67,30,2019,0
7527,2019-07-18,2019-07-18,TC5,SPOT,WS,95.17,30,2019,0
7526,2019-07-19,2019-07-19,TC5,SPOT,WS,96.0,30,2019,0
7525,2019-07-22,2019-07-22,TC5,SPOT,WS,96.5,30,2019,0
7524,2019-07-23,2019-07-23,TC5,SPOT,WS,97.61,30,2019,0
7523,2019-07-24,2019-07-24,TC5,SPOT,WS,96.67,30,2019,0
7522,2019-07-25,2019-07-25,TC5,SPOT,WS,96.39,30,2019,0
7521,2019-07-26,2019-07-26,TC5,SPOT,WS,95.56,30,2019,0
7520,2019-07-29,2019-07-29,TC5,SPOT,WS,95.67,30,2019,0
7519,2019-07-30,2019-07-30,TC5,SPOT,WS,94.72,30,2019,0
7518,2019-07-31,2019-07-31,TC5,SPOT,WS,94.44,30,2019,0
7517,2019-08-01,2019-08-01,TC5,SPOT,WS,94.72,30,2019,0
7516,2019-08-02,2019-08-02,TC5,SPOT,WS,95.71999999999998,30,2019,0
7515,2019-08-05,2019-08-05,TC5,SPOT,WS,98.61,30,2019,0
7514,2019-08-06,2019-08-06,TC5,SPOT,WS,111.94,30,2019,0
7513,2019-08-07,2019-08-07,TC5,SPOT,WS,116.22,30,2019,0
7512,2019-08-08,2019-08-08,TC5,SPOT,WS,116.39,30,2019,0
7511,2019-08-09,2019-08-09,TC5,SPOT,WS,115.42,30,2019,0
7510,2019-08-12,2019-08-12,TC5,SPOT,WS,115.0,30,2019,0
7509,2019-08-13,2019-08-13,TC5,SPOT,WS,114.44,30,2019,0
7508,2019-08-14,2019-08-14,TC5,SPOT,WS,107.22,30,2019,0
7507,2019-08-15,2019-08-15,TC5,SPOT,WS,105.56,30,2019,0
7506,2019-08-16,2019-08-16,TC5,SPOT,WS,103.61,30,2019,0
7505,2019-08-19,2019-08-19,TC5,SPOT,WS,106.0,30,2019,0
7504,2019-08-20,2019-08-20,TC5,SPOT,WS,109.72,30,2019,0
7503,2019-08-21,2019-08-21,TC5,SPOT,WS,110.72,30,2019,0
7502,2019-08-22,2019-08-22,TC5,SPOT,WS,112.22,30,2019,0
7501,2019-08-23,2019-08-23,TC5,SPOT,WS,119.61,30,2019,0
7500,2019-08-27,2019-08-27,TC5,SPOT,WS,123.89,30,2019,0
7499,2019-08-28,2019-08-28,TC5,SPOT,WS,124.44,30,2019,0
7498,2019-08-29,2019-08-29,TC5,SPOT,WS,124.72,30,2019,0
7497,2019-08-30,2019-08-30,TC5,SPOT,WS,124.44,30,2019,0
7496,2019-09-02,2019-09-02,TC5,SPOT,WS,123.89,29,2019,0
7495,2019-09-03,2019-09-03,TC5,SPOT,WS,120.83,29,2019,0
7494,2019-09-04,2019-09-04,TC5,SPOT,WS,119.72,29,2019,0
7493,2019-09-05,2019-09-05,TC5,SPOT,WS,117.22,29,2019,0
7492,2019-09-06,2019-09-06,TC5,SPOT,WS,115.56,29,2019,0
7491,2019-09-09,2019-09-09,TC5,SPOT,WS,113.89,29,2019,0
7490,2019-09-10,2019-09-10,TC5,SPOT,WS,113.06,29,2019,0
7489,2019-09-11,2019-09-11,TC5,SPOT,WS,112.67,29,2019,0
7488,2019-09-12,2019-09-12,TC5,SPOT,WS,112.22,29,2019,0
7487,2019-09-13,2019-09-13,TC5,SPOT,WS,111.94,29,2019,0
7486,2019-09-16,2019-09-16,TC5,SPOT,WS,111.67,29,2019,0
7485,2019-09-17,2019-09-17,TC5,SPOT,WS,110.56,29,2019,0
7484,2019-09-18,2019-09-18,TC5,SPOT,WS,103.89,29,2019,0
7483,2019-09-19,2019-09-19,TC5,SPOT,WS,96.61,29,2019,0
7482,2019-09-20,2019-09-20,TC5,SPOT,WS,95.17,29,2019,0
7481,2019-09-23,2019-09-23,TC5,SPOT,WS,95.33,29,2019,0
7480,2019-09-24,2019-09-24,TC5,SPOT,WS,94.11,29,2019,0
7479,2019-09-25,2019-09-25,TC5,SPOT,WS,95.0,29,2019,0
7478,2019-09-26,2019-09-26,TC5,SPOT,WS,101.43,29,2019,0
7477,2019-09-27,2019-09-27,TC5,SPOT,WS,103.06,29,2019,0
7476,2019-09-30,2019-09-30,TC5,SPOT,WS,103.61,29,2019,0
7475,2019-10-01,2019-10-01,TC5,SPOT,WS,103.89,30,2019,0
7474,2019-10-02,2019-10-02,TC5,SPOT,WS,104.89,30,2019,0
7473,2019-10-03,2019-10-03,TC5,SPOT,WS,110.83,30,2019,0
7472,2019-10-04,2019-10-04,TC5,SPOT,WS,114.44,30,2019,0
7471,2019-10-07,2019-10-07,TC5,SPOT,WS,119.17,30,2019,0
7470,2019-10-08,2019-10-08,TC5,SPOT,WS,123.06,30,2019,0
7469,2019-10-09,2019-10-09,TC5,SPOT,WS,126.94,30,2019,0
7468,2019-10-10,2019-10-10,TC5,SPOT,WS,131.11,30,2019,0
7467,2019-10-11,2019-10-11,TC5,SPOT,WS,146.94,30,2019,0
7466,2019-10-14,2019-10-14,TC5,SPOT,WS,207.78,30,2019,0
7465,2019-10-15,2019-10-15,TC5,SPOT,WS,284.4399999999999,30,2019,0
7464,2019-10-16,2019-10-16,TC5,SPOT,WS,286.67,30,2019,0
7463,2019-10-17,2019-10-17,TC5,SPOT,WS,256.11,30,2019,0
7462,2019-10-18,2019-10-18,TC5,SPOT,WS,232.78,30,2019,0
7461,2019-10-21,2019-10-21,TC5,SPOT,WS,216.67,30,2019,0
7460,2019-10-22,2019-10-22,TC5,SPOT,WS,200.56,30,2019,0
7459,2019-10-23,2019-10-23,TC5,SPOT,WS,186.67,30,2019,0
7458,2019-10-24,2019-10-24,TC5,SPOT,WS,165.28,30,2019,0
7457,2019-10-25,2019-10-25,TC5,SPOT,WS,160.0,30,2019,0
7456,2019-10-28,2019-10-28,TC5,SPOT,WS,157.5,30,2019,0
7455,2019-10-29,2019-10-29,TC5,SPOT,WS,156.39,30,2019,0
7454,2019-10-30,2019-10-30,TC5,SPOT,WS,154.17,30,2019,0
7453,2019-10-31,2019-10-31,TC5,SPOT,WS,153.06,30,2019,0
7452,2019-11-01,2019-11-01,TC5,SPOT,WS,152.5,29,2019,0
7451,2019-11-04,2019-11-04,TC5,SPOT,WS,151.94,29,2019,0
7450,2019-11-05,2019-11-05,TC5,SPOT,WS,149.72,29,2019,0
7449,2019-11-06,2019-11-06,TC5,SPOT,WS,145.0,29,2019,0
7448,2019-11-07,2019-11-07,TC5,SPOT,WS,144.17,29,2019,0
7447,2019-11-08,2019-11-08,TC5,SPOT,WS,143.33,29,2019,0
7446,2019-11-11,2019-11-11,TC5,SPOT,WS,137.78,29,2019,0
7445,2019-11-12,2019-11-12,TC5,SPOT,WS,130.31,29,2019,0
7444,2019-11-13,2019-11-13,TC5,SPOT,WS,130.0,29,2019,0
7443,2019-11-14,2019-11-14,TC5,SPOT,WS,132.5,29,2019,0
7442,2019-11-15,2019-11-15,TC5,SPOT,WS,145.83,29,2019,0
7441,2019-11-18,2019-11-18,TC5,SPOT,WS,146.94,29,2019,0
7440,2019-11-19,2019-11-19,TC5,SPOT,WS,150.56,29,2019,0
7439,2019-11-20,2019-11-20,TC5,SPOT,WS,154.44,29,2019,0
7438,2019-11-21,2019-11-21,TC5,SPOT,WS,156.67,29,2019,0
7437,2019-11-22,2019-11-22,TC5,SPOT,WS,155.83,29,2019,0
7436,2019-11-25,2019-11-25,TC5,SPOT,WS,156.11,29,2019,0
7435,2019-11-26,2019-11-26,TC5,SPOT,WS,156.9399999999999,29,2019,0
7434,2019-11-27,2019-11-27,TC5,SPOT,WS,157.22,29,2019,0
7433,2019-11-28,2019-11-28,TC5,SPOT,WS,156.39,29,2019,0
7432,2019-11-29,2019-11-29,TC5,SPOT,WS,151.39,29,2019,0
7431,2019-12-02,2019-12-02,TC5,SPOT,WS,150.56,30,2019,0
7430,2019-12-03,2019-12-03,TC5,SPOT,WS,151.39,30,2019,0
7429,2019-12-04,2019-12-04,TC5,SPOT,WS,150.63,30,2019,0
7428,2019-12-05,2019-12-05,TC5,SPOT,WS,149.72,30,2019,0
7427,2019-12-06,2019-12-06,TC5,SPOT,WS,149.72,30,2019,0
7426,2019-12-09,2019-12-09,TC5,SPOT,WS,149.72,30,2019,0
7425,2019-12-10,2019-12-10,TC5,SPOT,WS,152.22,30,2019,0
7424,2019-12-11,2019-12-11,TC5,SPOT,WS,155.67,30,2019,0
7423,2019-12-12,2019-12-12,TC5,SPOT,WS,156.67,30,2019,0
7422,2019-12-13,2019-12-13,TC5,SPOT,WS,156.11,30,2019,0
7421,2019-12-16,2019-12-16,TC5,SPOT,WS,155.56,30,2019,0
7420,2019-12-17,2019-12-17,TC5,SPOT,WS,155.28,30,2019,0
7419,2019-12-18,2019-12-18,TC5,SPOT,WS,155.83,30,2019,0
7418,2019-12-19,2019-12-19,TC5,SPOT,WS,159.44,30,2019,0
7417,2019-12-20,2019-12-20,TC5,SPOT,WS,168.89,30,2019,0
7416,2019-12-23,2019-12-23,TC5,SPOT,WS,178.33,30,2019,0
7415,2019-12-24,2019-12-24,TC5,SPOT,WS,181.67,30,2019,0
7414,2020-01-02,2020-01-02,TC5,SPOT,WS,157.02,30,2020,0
7413,2020-01-03,2020-01-03,TC5,SPOT,WS,156.78,30,2020,0
7412,2020-01-06,2020-01-06,TC5,SPOT,WS,154.72,30,2020,0
7411,2020-01-07,2020-01-07,TC5,SPOT,WS,150.33,30,2020,0
7410,2020-01-08,2020-01-08,TC5,SPOT,WS,147.94,30,2020,0
7409,2020-01-09,2020-01-09,TC5,SPOT,WS,145.83,30,2020,0
7408,2020-01-10,2020-01-10,TC5,SPOT,WS,144.72,30,2020,0
7407,2020-01-13,2020-01-13,TC5,SPOT,WS,143.89,30,2020,0
7406,2020-01-14,2020-01-14,TC5,SPOT,WS,143.33,30,2020,0
7405,2020-01-15,2020-01-15,TC5,SPOT,WS,141.39,30,2020,0
7404,2020-01-16,2020-01-16,TC5,SPOT,WS,138.89,30,2020,0
7403,2020-01-17,2020-01-17,TC5,SPOT,WS,133.89,30,2020,0
7402,2020-01-20,2020-01-20,TC5,SPOT,WS,129.17,30,2020,0
7401,2020-01-21,2020-01-21,TC5,SPOT,WS,125.56,30,2020,0
7400,2020-01-22,2020-01-22,TC5,SPOT,WS,121.67,30,2020,0
7399,2020-01-23,2020-01-23,TC5,SPOT,WS,95.44,30,2020,0
7398,2020-01-24,2020-01-24,TC5,SPOT,WS,95.06,30,2020,0
7397,2020-01-27,2020-01-27,TC5,SPOT,WS,94.64,30,2020,0
7396,2020-01-28,2020-01-28,TC5,SPOT,WS,91.94,30,2020,0
7395,2020-01-29,2020-01-29,TC5,SPOT,WS,91.67,30,2020,0
7394,2020-01-30,2020-01-30,TC5,SPOT,WS,91.67,30,2020,0
7393,2020-01-31,2020-01-31,TC5,SPOT,WS,92.61,30,2020,0
7392,2020-02-03,2020-02-03,TC5,SPOT,WS,92.06,28,2020,0
7391,2020-02-04,2020-02-04,TC5,SPOT,WS,93.06,28,2020,0
7390,2020-02-05,2020-02-05,TC5,SPOT,WS,92.22,28,2020,0
7389,2020-02-06,2020-02-06,TC5,SPOT,WS,91.94,28,2020,0
7388,2020-02-07,2020-02-07,TC5,SPOT,WS,92.22,28,2020,0
7387,2020-02-10,2020-02-10,TC5,SPOT,WS,91.94,28,2020,0
7386,2020-02-11,2020-02-11,TC5,SPOT,WS,91.94,28,2020,0
7385,2020-02-12,2020-02-12,TC5,SPOT,WS,92.78,28,2020,0
7384,2020-02-13,2020-02-13,TC5,SPOT,WS,92.78,28,2020,0
7383,2020-02-14,2020-02-14,TC5,SPOT,WS,94.17,28,2020,0
7382,2020-02-17,2020-02-17,TC5,SPOT,WS,108.61,28,2020,0
7381,2020-02-18,2020-02-18,TC5,SPOT,WS,113.89,28,2020,0
7380,2020-02-19,2020-02-19,TC5,SPOT,WS,114.44,28,2020,0
7379,2020-02-20,2020-02-20,TC5,SPOT,WS,113.89,28,2020,0
7378,2020-02-21,2020-02-21,TC5,SPOT,WS,113.06,28,2020,0
7377,2020-02-24,2020-02-24,TC5,SPOT,WS,110.83,28,2020,0
7376,2020-02-25,2020-02-25,TC5,SPOT,WS,102.5,28,2020,0
7375,2020-02-26,2020-02-26,TC5,SPOT,WS,100.44,28,2020,0
7374,2020-02-27,2020-02-27,TC5,SPOT,WS,100.0,28,2020,0
7373,2020-02-28,2020-02-28,TC5,SPOT,WS,100.0,28,2020,0
7372,2020-03-02,2020-03-02,TC5,SPOT,WS,100.28,30,2020,0
7371,2020-03-03,2020-03-03,TC5,SPOT,WS,104.44,30,2020,0
7370,2020-03-04,2020-03-04,TC5,SPOT,WS,118.61,30,2020,0
7369,2020-03-05,2020-03-05,TC5,SPOT,WS,124.17,30,2020,0
7368,2020-03-06,2020-03-06,TC5,SPOT,WS,124.72,30,2020,0
7367,2020-03-09,2020-03-09,TC5,SPOT,WS,134.44,30,2020,0
7366,2020-03-10,2020-03-10,TC5,SPOT,WS,150.56,30,2020,0
7365,2020-03-11,2020-03-11,TC5,SPOT,WS,154.44,30,2020,0
7364,2020-03-12,2020-03-12,TC5,SPOT,WS,159.72,30,2020,0
7363,2020-03-13,2020-03-13,TC5,SPOT,WS,161.39,30,2020,0
7362,2020-03-16,2020-03-16,TC5,SPOT,WS,163.06,30,2020,0
7361,2020-03-17,2020-03-17,TC5,SPOT,WS,172.22,30,2020,0
7360,2020-03-18,2020-03-18,TC5,SPOT,WS,174.44,30,2020,0
7359,2020-03-19,2020-03-19,TC5,SPOT,WS,172.5,30,2020,0
7358,2020-03-20,2020-03-20,TC5,SPOT,WS,167.5,30,2020,0
7357,2020-03-23,2020-03-23,TC5,SPOT,WS,167.11,30,2020,0
7356,2020-03-24,2020-03-24,TC5,SPOT,WS,168.06,30,2020,0
7355,2020-03-25,2020-03-25,TC5,SPOT,WS,164.44,30,2020,0
7354,2020-03-26,2020-03-26,TC5,SPOT,WS,164.17,30,2020,0
7353,2020-03-27,2020-03-27,TC5,SPOT,WS,167.22,30,2020,0
7352,2020-03-30,2020-03-30,TC5,SPOT,WS,173.33,30,2020,0
7351,2020-03-31,2020-03-31,TC5,SPOT,WS,186.11,30,2020,0
7350,2020-04-01,2020-04-01,TC5,SPOT,WS,195.0,29,2020,0
7349,2020-04-02,2020-04-02,TC5,SPOT,WS,205.56,29,2020,0
7348,2020-04-03,2020-04-03,TC5,SPOT,WS,205.56,29,2020,0
7347,2020-04-06,2020-04-06,TC5,SPOT,WS,206.11,29,2020,0
7346,2020-04-07,2020-04-07,TC5,SPOT,WS,190.56,29,2020,0
7345,2020-04-08,2020-04-08,TC5,SPOT,WS,202.78,29,2020,0
7344,2020-04-09,2020-04-09,TC5,SPOT,WS,214.67,29,2020,0
7343,2020-04-14,2020-04-14,TC5,SPOT,WS,218.61,29,2020,0
7342,2020-04-15,2020-04-15,TC5,SPOT,WS,218.06,29,2020,0
7341,2020-04-16,2020-04-16,TC5,SPOT,WS,227.78,29,2020,0
7340,2020-04-17,2020-04-17,TC5,SPOT,WS,237.5,29,2020,0
7339,2020-04-20,2020-04-20,TC5,SPOT,WS,264.44,29,2020,0
7338,2020-04-21,2020-04-21,TC5,SPOT,WS,335.5599999999999,29,2020,0
7337,2020-04-22,2020-04-22,TC5,SPOT,WS,417.7799999999999,29,2020,0
7336,2020-04-23,2020-04-23,TC5,SPOT,WS,457.7799999999999,29,2020,0
7335,2020-04-24,2020-04-24,TC5,SPOT,WS,465.0,29,2020,0
7334,2020-04-27,2020-04-27,TC5,SPOT,WS,460.56,29,2020,0
7333,2020-04-28,2020-04-28,TC5,SPOT,WS,463.33,29,2020,0
7332,2020-04-29,2020-04-29,TC5,SPOT,WS,453.8899999999999,29,2020,0
7331,2020-04-30,2020-04-30,TC5,SPOT,WS,447.22,29,2020,0
7330,2020-05-01,2020-05-01,TC5,SPOT,WS,452.0799999999999,30,2020,0
7329,2020-05-04,2020-05-04,TC5,SPOT,WS,440.0000000000001,30,2020,0
7328,2020-05-05,2020-05-05,TC5,SPOT,WS,421.11,30,2020,0
7327,2020-05-06,2020-05-06,TC5,SPOT,WS,408.3299999999999,30,2020,0
7326,2020-05-07,2020-05-07,TC5,SPOT,WS,403.57,30,2020,0
7325,2020-05-11,2020-05-11,TC5,SPOT,WS,383.33,30,2020,0
7324,2020-05-12,2020-05-12,TC5,SPOT,WS,333.89,30,2020,0
7323,2020-05-13,2020-05-13,TC5,SPOT,WS,298.89,30,2020,0
7322,2020-05-14,2020-05-14,TC5,SPOT,WS,210.56,30,2020,0
7321,2020-05-15,2020-05-15,TC5,SPOT,WS,178.89,30,2020,0
7320,2020-05-18,2020-05-18,TC5,SPOT,WS,175.56,30,2020,0
7319,2020-05-19,2020-05-19,TC5,SPOT,WS,163.33,30,2020,0
7318,2020-05-20,2020-05-20,TC5,SPOT,WS,158.89,30,2020,0
7317,2020-05-21,2020-05-21,TC5,SPOT,WS,143.89,30,2020,0
7316,2020-05-22,2020-05-22,TC5,SPOT,WS,138.89,30,2020,0
7315,2020-05-26,2020-05-26,TC5,SPOT,WS,136.39,30,2020,0
7314,2020-05-27,2020-05-27,TC5,SPOT,WS,131.72,30,2020,0
7313,2020-05-28,2020-05-28,TC5,SPOT,WS,129.72,30,2020,0
7312,2020-05-29,2020-05-29,TC5,SPOT,WS,125.56,30,2020,0
7311,2020-06-01,2020-06-01,TC5,SPOT,WS,120.0,29,2020,0
7310,2020-06-02,2020-06-02,TC5,SPOT,WS,112.5,29,2020,0
7309,2020-06-03,2020-06-03,TC5,SPOT,WS,103.33,29,2020,0
7308,2020-06-04,2020-06-04,TC5,SPOT,WS,86.44,29,2020,0
7307,2020-06-05,2020-06-05,TC5,SPOT,WS,81.94,29,2020,0
7306,2020-06-08,2020-06-08,TC5,SPOT,WS,79.17,29,2020,0
7305,2020-06-09,2020-06-09,TC5,SPOT,WS,73.60999999999999,29,2020,0
7304,2020-06-10,2020-06-10,TC5,SPOT,WS,69.99999999999999,29,2020,0
7303,2020-06-11,2020-06-11,TC5,SPOT,WS,68.61000000000001,29,2020,0
7302,2020-06-12,2020-06-12,TC5,SPOT,WS,68.88999999999999,29,2020,0
7301,2020-06-15,2020-06-15,TC5,SPOT,WS,73.77999999999999,29,2020,0
7300,2020-06-16,2020-06-16,TC5,SPOT,WS,74.71999999999998,29,2020,0
7299,2020-06-17,2020-06-17,TC5,SPOT,WS,76.67000000000002,29,2020,0
7298,2020-06-18,2020-06-18,TC5,SPOT,WS,76.11,29,2020,0
7297,2020-06-19,2020-06-19,TC5,SPOT,WS,76.11,29,2020,0
7296,2020-06-22,2020-06-22,TC5,SPOT,WS,76.11,29,2020,0
7295,2020-06-23,2020-06-23,TC5,SPOT,WS,80.28,29,2020,0
7294,2020-06-24,2020-06-24,TC5,SPOT,WS,80.00000000000001,29,2020,0
7293,2020-06-25,2020-06-25,TC5,SPOT,WS,80.00000000000001,29,2020,0
7292,2020-06-26,2020-06-26,TC5,SPOT,WS,80.00000000000001,29,2020,0
7291,2020-06-29,2020-06-29,TC5,SPOT,WS,79.72,29,2020,0
7290,2020-06-30,2020-06-30,TC5,SPOT,WS,79.44,29,2020,0
7289,2020-07-01,2020-07-01,TC5,SPOT,WS,79.72,30,2020,0
7288,2020-07-02,2020-07-02,TC5,SPOT,WS,79.17,30,2020,0
7287,2020-07-03,2020-07-03,TC5,SPOT,WS,73.60999999999999,30,2020,0
7286,2020-07-06,2020-07-06,TC5,SPOT,WS,69.99999999999999,30,2020,0
7285,2020-07-07,2020-07-07,TC5,SPOT,WS,68.88999999999999,30,2020,0
7284,2020-07-08,2020-07-08,TC5,SPOT,WS,66.28,30,2020,0
7283,2020-07-09,2020-07-09,TC5,SPOT,WS,61.38999999999999,30,2020,0
7282,2020-07-10,2020-07-10,TC5,SPOT,WS,58.75,30,2020,0
7281,2020-07-13,2020-07-13,TC5,SPOT,WS,58.77999999999999,30,2020,0
7280,2020-07-14,2020-07-14,TC5,SPOT,WS,57.94,30,2020,0
7279,2020-07-15,2020-07-15,TC5,SPOT,WS,50.82999999999999,30,2020,0
7278,2020-07-16,2020-07-16,TC5,SPOT,WS,50.56,30,2020,0
7277,2020-07-17,2020-07-17,TC5,SPOT,WS,50.28,30,2020,0
7276,2020-07-20,2020-07-20,TC5,SPOT,WS,54.72,30,2020,0
7275,2020-07-21,2020-07-21,TC5,SPOT,WS,58.34,30,2020,0
7274,2020-07-22,2020-07-22,TC5,SPOT,WS,58.05999999999999,30,2020,0
7273,2020-07-23,2020-07-23,TC5,SPOT,WS,57.77999999999999,30,2020,0
7272,2020-07-24,2020-07-24,TC5,SPOT,WS,57.83,30,2020,0
7271,2020-07-27,2020-07-27,TC5,SPOT,WS,57.88999999999999,30,2020,0
7270,2020-07-28,2020-07-28,TC5,SPOT,WS,59.32999999999999,30,2020,0
7269,2020-07-29,2020-07-29,TC5,SPOT,WS,59.99999999999999,30,2020,0
7268,2020-07-30,2020-07-30,TC5,SPOT,WS,59.77999999999999,30,2020,0
7267,2020-07-31,2020-07-31,TC5,SPOT,WS,59.59999999999999,30,2020,0
7266,2020-08-03,2020-08-03,TC5,SPOT,WS,60.27999999999999,30,2020,0
7265,2020-08-04,2020-08-04,TC5,SPOT,WS,59.72,30,2020,0
7264,2020-08-05,2020-08-05,TC5,SPOT,WS,59.72,30,2020,0
7263,2020-08-06,2020-08-06,TC5,SPOT,WS,59.43999999999999,30,2020,0
7262,2020-08-07,2020-08-07,TC5,SPOT,WS,60.27999999999999,30,2020,0
7261,2020-08-10,2020-08-10,TC5,SPOT,WS,61.67,30,2020,0
7260,2020-08-11,2020-08-11,TC5,SPOT,WS,63.32999999999999,30,2020,0
7259,2020-08-12,2020-08-12,TC5,SPOT,WS,81.44,30,2020,0
7258,2020-08-13,2020-08-13,TC5,SPOT,WS,89.44,30,2020,0
7257,2020-08-14,2020-08-14,TC5,SPOT,WS,92.22,30,2020,0
7256,2020-08-17,2020-08-17,TC5,SPOT,WS,92.81,30,2020,0
7255,2020-08-18,2020-08-18,TC5,SPOT,WS,94.38,30,2020,0
7254,2020-08-19,2020-08-19,TC5,SPOT,WS,96.56,30,2020,0
7253,2020-08-20,2020-08-20,TC5,SPOT,WS,97.81,30,2020,0
7252,2020-08-21,2020-08-21,TC5,SPOT,WS,98.13,30,2020,0
7251,2020-08-24,2020-08-24,TC5,SPOT,WS,98.43999999999998,30,2020,0
7250,2020-08-25,2020-08-25,TC5,SPOT,WS,98.75,30,2020,0
7249,2020-08-26,2020-08-26,TC5,SPOT,WS,99.37999999999997,30,2020,0
7248,2020-08-27,2020-08-27,TC5,SPOT,WS,99.37999999999997,30,2020,0
7247,2020-08-28,2020-08-28,TC5,SPOT,WS,98.43999999999998,30,2020,0
7246,2020-09-01,2020-09-01,TC5,SPOT,WS,87.80999999999999,29,2020,0
7245,2020-09-02,2020-09-02,TC5,SPOT,WS,81.25000000000001,29,2020,0
7244,2020-09-03,2020-09-03,TC5,SPOT,WS,75.0,29,2020,0
7243,2020-09-04,2020-09-04,TC5,SPOT,WS,75.0,29,2020,0
7242,2020-09-07,2020-09-07,TC5,SPOT,WS,75.63,29,2020,0
7241,2020-09-08,2020-09-08,TC5,SPOT,WS,73.43999999999998,29,2020,0
7240,2020-09-09,2020-09-09,TC5,SPOT,WS,75.0,29,2020,0
7239,2020-09-10,2020-09-10,TC5,SPOT,WS,75.0,29,2020,0
7238,2020-09-11,2020-09-11,TC5,SPOT,WS,74.69,29,2020,0
7237,2020-09-14,2020-09-14,TC5,SPOT,WS,72.69,29,2020,0
7236,2020-09-15,2020-09-15,TC5,SPOT,WS,70.31,29,2020,0
7235,2020-09-16,2020-09-16,TC5,SPOT,WS,68.43999999999998,29,2020,0
7234,2020-09-17,2020-09-17,TC5,SPOT,WS,65.18999999999998,29,2020,0
7233,2020-09-18,2020-09-18,TC5,SPOT,WS,65.94,29,2020,0
7232,2020-09-21,2020-09-21,TC5,SPOT,WS,69.12999999999998,29,2020,0
7231,2020-09-22,2020-09-22,TC5,SPOT,WS,68.5,29,2020,0
7230,2020-09-23,2020-09-23,TC5,SPOT,WS,67.18999999999998,29,2020,0
7229,2020-09-24,2020-09-24,TC5,SPOT,WS,68.43999999999998,29,2020,0
7228,2020-09-25,2020-09-25,TC5,SPOT,WS,69.99999999999999,29,2020,0
7227,2020-09-28,2020-09-28,TC5,SPOT,WS,68.75000000000001,29,2020,0
7226,2020-09-29,2020-09-29,TC5,SPOT,WS,68.5,29,2020,0
7225,2020-09-30,2020-09-30,TC5,SPOT,WS,68.75000000000001,29,2020,0
7224,2020-10-01,2020-10-01,TC5,SPOT,WS,68.94,30,2020,0
7223,2020-10-02,2020-10-02,TC5,SPOT,WS,69.69,30,2020,0
7222,2020-10-05,2020-10-05,TC5,SPOT,WS,70.94,30,2020,0
7221,2020-10-06,2020-10-06,TC5,SPOT,WS,71.88,30,2020,0
7220,2020-10-07,2020-10-07,TC5,SPOT,WS,71.88,30,2020,0
7219,2020-10-08,2020-10-08,TC5,SPOT,WS,72.80999999999999,30,2020,0
7218,2020-10-09,2020-10-09,TC5,SPOT,WS,71.88,30,2020,0
7217,2020-10-12,2020-10-12,TC5,SPOT,WS,69.99999999999999,30,2020,0
7216,2020-10-13,2020-10-13,TC5,SPOT,WS,69.05999999999999,30,2020,0
7215,2020-10-14,2020-10-14,TC5,SPOT,WS,69.05999999999999,30,2020,0
7214,2020-10-15,2020-10-15,TC5,SPOT,WS,68.12999999999998,30,2020,0
7213,2020-10-16,2020-10-16,TC5,SPOT,WS,67.81000000000002,30,2020,0
7212,2020-10-19,2020-10-19,TC5,SPOT,WS,67.81000000000002,30,2020,0
7211,2020-10-20,2020-10-20,TC5,SPOT,WS,66.88,30,2020,0
7210,2020-10-21,2020-10-21,TC5,SPOT,WS,66.88,30,2020,0
7209,2020-10-22,2020-10-22,TC5,SPOT,WS,65.63,30,2020,0
7208,2020-10-23,2020-10-23,TC5,SPOT,WS,65.31,30,2020,0
7207,2020-10-26,2020-10-26,TC5,SPOT,WS,61.43999999999999,30,2020,0
7206,2020-10-27,2020-10-27,TC5,SPOT,WS,60.06,30,2020,0
7205,2020-10-28,2020-10-28,TC5,SPOT,WS,58.88,30,2020,0
7204,2020-10-29,2020-10-29,TC5,SPOT,WS,58.99999999999999,30,2020,0
7203,2020-10-30,2020-10-30,TC5,SPOT,WS,60.93999999999999,30,2020,0
7202,2020-11-02,2020-11-02,TC5,SPOT,WS,61.56,29,2020,0
7201,2020-11-03,2020-11-03,TC5,SPOT,WS,63.13,29,2020,0
7200,2020-11-04,2020-11-04,TC5,SPOT,WS,63.13,29,2020,0
7199,2020-11-05,2020-11-05,TC5,SPOT,WS,64.69,29,2020,0
7198,2020-11-06,2020-11-06,TC5,SPOT,WS,65.31,29,2020,0
7197,2020-11-09,2020-11-09,TC5,SPOT,WS,66.88,29,2020,0
7196,2020-11-10,2020-11-10,TC5,SPOT,WS,68.43999999999998,29,2020,0
7195,2020-11-11,2020-11-11,TC5,SPOT,WS,68.94,29,2020,0
7194,2020-11-12,2020-11-12,TC5,SPOT,WS,73.57,29,2020,0
7193,2020-11-13,2020-11-13,TC5,SPOT,WS,76.06999999999998,29,2020,0
7192,2020-11-16,2020-11-16,TC5,SPOT,WS,77.86,29,2020,0
7191,2020-11-17,2020-11-17,TC5,SPOT,WS,80.70999999999998,29,2020,0
7190,2020-11-18,2020-11-18,TC5,SPOT,WS,81.06999999999998,29,2020,0
7189,2020-11-19,2020-11-19,TC5,SPOT,WS,81.79,29,2020,0
7188,2020-11-20,2020-11-20,TC5,SPOT,WS,81.42999999999999,29,2020,0
7187,2020-11-23,2020-11-23,TC5,SPOT,WS,80.70999999999998,29,2020,0
7186,2020-11-24,2020-11-24,TC5,SPOT,WS,79.28999999999999,29,2020,0
7185,2020-11-25,2020-11-25,TC5,SPOT,WS,78.92999999999999,29,2020,0
7184,2020-11-26,2020-11-26,TC5,SPOT,WS,77.70999999999998,29,2020,0
7183,2020-11-27,2020-11-27,TC5,SPOT,WS,76.78999999999999,29,2020,0
7182,2020-11-30,2020-11-30,TC5,SPOT,WS,75.36000000000001,29,2020,0
7181,2020-12-01,2020-12-01,TC5,SPOT,WS,76.06999999999998,30,2020,0
7180,2020-12-02,2020-12-02,TC5,SPOT,WS,82.86,30,2020,0
7179,2020-12-03,2020-12-03,TC5,SPOT,WS,83.56999999999998,30,2020,0
7178,2020-12-04,2020-12-04,TC5,SPOT,WS,83.92999999999999,30,2020,0
7177,2020-12-07,2020-12-07,TC5,SPOT,WS,85.71,30,2020,0
7176,2020-12-08,2020-12-08,TC5,SPOT,WS,90.71,30,2020,0
7175,2020-12-09,2020-12-09,TC5,SPOT,WS,107.14,30,2020,0
7174,2020-12-10,2020-12-10,TC5,SPOT,WS,110.71,30,2020,0
7173,2020-12-11,2020-12-11,TC5,SPOT,WS,112.86,30,2020,0
7172,2020-12-14,2020-12-14,TC5,SPOT,WS,110.71,30,2020,0
7171,2020-12-15,2020-12-15,TC5,SPOT,WS,118.57,30,2020,0
7170,2020-12-16,2020-12-16,TC5,SPOT,WS,119.29,30,2020,0
7169,2020-12-17,2020-12-17,TC5,SPOT,WS,119.29,30,2020,0
7168,2020-12-18,2020-12-18,TC5,SPOT,WS,117.14,30,2020,0
7167,2020-12-21,2020-12-21,TC5,SPOT,WS,115.0,30,2020,0
7166,2020-12-22,2020-12-22,TC5,SPOT,WS,107.14,30,2020,0
7165,2020-12-23,2020-12-23,TC5,SPOT,WS,98.93,30,2020,0
7164,2020-12-24,2020-12-24,TC5,SPOT,WS,95.71,30,2020,0
7163,2021-01-04,2021-01-04,TC5,SPOT,WS,100.14,30,2021,0
7162,2021-01-05,2021-01-05,TC5,SPOT,WS,94.57,30,2021,0
7161,2021-01-06,2021-01-06,TC5,SPOT,WS,90.00000000000001,30,2021,0
7160,2021-01-07,2021-01-07,TC5,SPOT,WS,87.57,30,2021,0
7159,2021-01-08,2021-01-08,TC5,SPOT,WS,79.64000000000001,30,2021,0
7158,2021-01-11,2021-01-11,TC5,SPOT,WS,77.5,30,2021,0
7157,2021-01-12,2021-01-12,TC5,SPOT,WS,76.79,30,2021,0
7156,2021-01-13,2021-01-13,TC5,SPOT,WS,79.64000000000001,30,2021,0
7155,2021-01-14,2021-01-14,TC5,SPOT,WS,81.79,30,2021,0
7154,2021-01-15,2021-01-15,TC5,SPOT,WS,82.5,30,2021,0
7153,2021-01-18,2021-01-18,TC5,SPOT,WS,81.79,30,2021,0
7152,2021-01-19,2021-01-19,TC5,SPOT,WS,78.21,30,2021,0
7151,2021-01-20,2021-01-20,TC5,SPOT,WS,76.07,30,2021,0
7150,2021-01-21,2021-01-21,TC5,SPOT,WS,75.36,30,2021,0
7149,2021-01-22,2021-01-22,TC5,SPOT,WS,75.0,30,2021,0
7148,2021-01-25,2021-01-25,TC5,SPOT,WS,73.79000000000002,30,2021,0
7147,2021-01-26,2021-01-26,TC5,SPOT,WS,73.79000000000002,30,2021,0
7146,2021-01-27,2021-01-27,TC5,SPOT,WS,73.79000000000002,30,2021,0
7145,2021-01-28,2021-01-28,TC5,SPOT,WS,73.79000000000002,30,2021,0
7144,2021-01-29,2021-01-29,TC5,SPOT,WS,74.5,30,2021,0
7143,2021-02-01,2021-02-01,TC5,SPOT,WS,74.29,27,2021,0
7142,2021-02-02,2021-02-02,TC5,SPOT,WS,73.71,27,2021,0
7141,2021-02-03,2021-02-03,TC5,SPOT,WS,75.0,27,2021,0
7140,2021-02-04,2021-02-04,TC5,SPOT,WS,76.43,27,2021,0
7139,2021-02-05,2021-02-05,TC5,SPOT,WS,81.79,27,2021,0
7138,2021-02-08,2021-02-08,TC5,SPOT,WS,82.71,27,2021,0
7137,2021-02-09,2021-02-09,TC5,SPOT,WS,82.5,27,2021,0
7136,2021-02-10,2021-02-10,TC5,SPOT,WS,82.14,27,2021,0
7135,2021-02-11,2021-02-11,TC5,SPOT,WS,82.07000000000001,27,2021,0
7134,2021-02-12,2021-02-12,TC5,SPOT,WS,81.67,27,2021,0
7133,2021-02-15,2021-02-15,TC5,SPOT,WS,81.93,27,2021,0
7132,2021-02-16,2021-02-16,TC5,SPOT,WS,81.93,27,2021,0
7131,2021-02-17,2021-02-17,TC5,SPOT,WS,81.57000000000001,27,2021,0
7130,2021-02-18,2021-02-18,TC5,SPOT,WS,82.14,27,2021,0
7129,2021-02-19,2021-02-19,TC5,SPOT,WS,82.5,27,2021,0
7128,2021-02-22,2021-02-22,TC5,SPOT,WS,86.07,27,2021,0
7127,2021-02-23,2021-02-23,TC5,SPOT,WS,86.93,27,2021,0
7126,2021-02-24,2021-02-24,TC5,SPOT,WS,90.36,27,2021,0
7125,2021-02-25,2021-02-25,TC5,SPOT,WS,90.71,27,2021,0
7124,2021-02-26,2021-02-26,TC5,SPOT,WS,90.71,27,2021,0
7123,2021-03-01,2021-03-01,TC5,SPOT,WS,91.07,30,2021,0
7122,2021-03-02,2021-03-02,TC5,SPOT,WS,92.0,30,2021,0
7121,2021-03-03,2021-03-03,TC5,SPOT,WS,91.29,30,2021,0
7120,2021-03-04,2021-03-04,TC5,SPOT,WS,92.14,30,2021,0
7119,2021-03-05,2021-03-05,TC5,SPOT,WS,92.86,30,2021,0
7118,2021-03-08,2021-03-08,TC5,SPOT,WS,95.71,30,2021,0
7117,2021-03-09,2021-03-09,TC5,SPOT,WS,103.57,30,2021,0
7116,2021-03-10,2021-03-10,TC5,SPOT,WS,106.43,30,2021,0
7115,2021-03-11,2021-03-11,TC5,SPOT,WS,108.93,30,2021,0
7114,2021-03-12,2021-03-12,TC5,SPOT,WS,110.0,30,2021,0
7113,2021-03-15,2021-03-15,TC5,SPOT,WS,110.71,30,2021,0
7112,2021-03-16,2021-03-16,TC5,SPOT,WS,111.79,30,2021,0
7111,2021-03-17,2021-03-17,TC5,SPOT,WS,116.79,30,2021,0
7110,2021-03-18,2021-03-18,TC5,SPOT,WS,121.79,30,2021,0
7109,2021-03-19,2021-03-19,TC5,SPOT,WS,120.0,30,2021,0
7108,2021-03-22,2021-03-22,TC5,SPOT,WS,122.86,30,2021,0
7107,2021-03-23,2021-03-23,TC5,SPOT,WS,129.29,30,2021,0
7106,2021-03-24,2021-03-24,TC5,SPOT,WS,130.0,30,2021,0
7105,2021-03-25,2021-03-25,TC5,SPOT,WS,130.0,30,2021,0
7104,2021-03-26,2021-03-26,TC5,SPOT,WS,130.71,30,2021,0
7103,2021-03-29,2021-03-29,TC5,SPOT,WS,133.57,30,2021,0
7102,2021-03-30,2021-03-30,TC5,SPOT,WS,137.5,30,2021,0
7101,2021-03-31,2021-03-31,TC5,SPOT,WS,138.93,30,2021,0
7100,2021-04-01,2021-04-01,TC5,SPOT,WS,137.86,29,2021,0
7099,2021-04-06,2021-04-06,TC5,SPOT,WS,136.07,29,2021,0
7098,2021-04-07,2021-04-07,TC5,SPOT,WS,133.21,29,2021,0
7097,2021-04-08,2021-04-08,TC5,SPOT,WS,132.86,29,2021,0
7096,2021-04-09,2021-04-09,TC5,SPOT,WS,132.36,29,2021,0
7095,2021-04-12,2021-04-12,TC5,SPOT,WS,129.57,29,2021,0
7094,2021-04-13,2021-04-13,TC5,SPOT,WS,128.93,29,2021,0
7093,2021-04-14,2021-04-14,TC5,SPOT,WS,126.43,29,2021,0
7092,2021-04-15,2021-04-15,TC5,SPOT,WS,122.5,29,2021,0
7091,2021-04-16,2021-04-16,TC5,SPOT,WS,117.14,29,2021,0
7090,2021-04-19,2021-04-19,TC5,SPOT,WS,113.93,29,2021,0
7089,2021-04-20,2021-04-20,TC5,SPOT,WS,111.07,29,2021,0
7088,2021-04-21,2021-04-21,TC5,SPOT,WS,107.86,29,2021,0
7087,2021-04-22,2021-04-22,TC5,SPOT,WS,106.43,29,2021,0
7086,2021-04-23,2021-04-23,TC5,SPOT,WS,106.07,29,2021,0
7085,2021-04-26,2021-04-26,TC5,SPOT,WS,105.36,29,2021,0
7084,2021-04-27,2021-04-27,TC5,SPOT,WS,104.29,29,2021,0
7083,2021-04-28,2021-04-28,TC5,SPOT,WS,102.86,29,2021,0
7082,2021-04-29,2021-04-29,TC5,SPOT,WS,104.29,29,2021,0
7081,2021-04-30,2021-04-30,TC5,SPOT,WS,102.14,29,2021,0
7080,2021-05-04,2021-05-04,TC5,SPOT,WS,96.43,30,2021,0
7079,2021-05-05,2021-05-05,TC5,SPOT,WS,95.36,30,2021,0
7078,2021-05-06,2021-05-06,TC5,SPOT,WS,94.64,30,2021,0
7077,2021-05-07,2021-05-07,TC5,SPOT,WS,94.64,30,2021,0
7076,2021-05-10,2021-05-10,TC5,SPOT,WS,95.64,30,2021,0
7075,2021-05-11,2021-05-11,TC5,SPOT,WS,95.0,30,2021,0
7074,2021-05-12,2021-05-12,TC5,SPOT,WS,93.93,30,2021,0
7073,2021-05-13,2021-05-13,TC5,SPOT,WS,92.50000000000004,30,2021,0
7072,2021-05-14,2021-05-14,TC5,SPOT,WS,93.21,30,2021,0
7071,2021-05-17,2021-05-17,TC5,SPOT,WS,91.07,30,2021,0
7070,2021-05-18,2021-05-18,TC5,SPOT,WS,90.71,30,2021,0
7069,2021-05-19,2021-05-19,TC5,SPOT,WS,88.21,30,2021,0
7068,2021-05-20,2021-05-20,TC5,SPOT,WS,88.93,30,2021,0
7067,2021-05-21,2021-05-21,TC5,SPOT,WS,92.50000000000004,30,2021,0
7066,2021-05-24,2021-05-24,TC5,SPOT,WS,97.14,30,2021,0
7065,2021-05-25,2021-05-25,TC5,SPOT,WS,97.86,30,2021,0
7064,2021-05-26,2021-05-26,TC5,SPOT,WS,95.42,30,2021,0
7063,2021-05-27,2021-05-27,TC5,SPOT,WS,95.71,30,2021,0
7062,2021-05-28,2021-05-28,TC5,SPOT,WS,95.0,30,2021,0
7061,2021-06-01,2021-06-01,TC5,SPOT,WS,93.93,29,2021,0
7060,2021-06-02,2021-06-02,TC5,SPOT,WS,91.07,29,2021,0
7059,2021-06-03,2021-06-03,TC5,SPOT,WS,87.86000000000001,29,2021,0
7058,2021-06-04,2021-06-04,TC5,SPOT,WS,86.43,29,2021,0
7057,2021-06-07,2021-06-07,TC5,SPOT,WS,88.07,29,2021,0
7056,2021-06-08,2021-06-08,TC5,SPOT,WS,87.43,29,2021,0
7055,2021-06-09,2021-06-09,TC5,SPOT,WS,86.29000000000002,29,2021,0
7054,2021-06-10,2021-06-10,TC5,SPOT,WS,90.36,29,2021,0
7053,2021-06-11,2021-06-11,TC5,SPOT,WS,90.71,29,2021,0
7052,2021-06-14,2021-06-14,TC5,SPOT,WS,88.93,29,2021,0
7051,2021-06-15,2021-06-15,TC5,SPOT,WS,88.93,29,2021,0
7050,2021-06-16,2021-06-16,TC5,SPOT,WS,88.93,29,2021,0
7049,2021-06-17,2021-06-17,TC5,SPOT,WS,88.21,29,2021,0
7048,2021-06-18,2021-06-18,TC5,SPOT,WS,87.86000000000001,29,2021,0
7047,2021-06-21,2021-06-21,TC5,SPOT,WS,88.21,29,2021,0
7046,2021-06-22,2021-06-22,TC5,SPOT,WS,88.21,29,2021,0
7045,2021-06-23,2021-06-23,TC5,SPOT,WS,87.86000000000001,29,2021,0
7044,2021-06-24,2021-06-24,TC5,SPOT,WS,87.5,29,2021,0
7043,2021-06-25,2021-06-25,TC5,SPOT,WS,86.07,29,2021,0
7042,2021-06-28,2021-06-28,TC5,SPOT,WS,85.71000000000001,29,2021,0
7041,2021-06-29,2021-06-29,TC5,SPOT,WS,82.5,29,2021,0
7040,2021-06-30,2021-06-30,TC5,SPOT,WS,81.79,29,2021,0
7039,2021-07-01,2021-07-01,TC5,SPOT,WS,81.07000000000001,30,2021,0
7038,2021-07-02,2021-07-02,TC5,SPOT,WS,79.29,30,2021,0
7037,2021-07-05,2021-07-05,TC5,SPOT,WS,78.93,30,2021,0
7036,2021-07-06,2021-07-06,TC5,SPOT,WS,78.57,30,2021,0
7035,2021-07-07,2021-07-07,TC5,SPOT,WS,78.29,30,2021,0
7034,2021-07-08,2021-07-08,TC5,SPOT,WS,78.64,30,2021,0
7033,2021-07-09,2021-07-09,TC5,SPOT,WS,79.00000000000001,30,2021,0
7032,2021-07-12,2021-07-12,TC5,SPOT,WS,80.79,30,2021,0
7031,2021-07-13,2021-07-13,TC5,SPOT,WS,88.93,30,2021,0
7030,2021-07-14,2021-07-14,TC5,SPOT,WS,89.29,30,2021,0
7029,2021-07-15,2021-07-15,TC5,SPOT,WS,90.00000000000001,30,2021,0
7028,2021-07-16,2021-07-16,TC5,SPOT,WS,90.00000000000001,30,2021,0
7027,2021-07-19,2021-07-19,TC5,SPOT,WS,90.36,30,2021,0
7026,2021-07-20,2021-07-20,TC5,SPOT,WS,90.00000000000001,30,2021,0
7025,2021-07-21,2021-07-21,TC5,SPOT,WS,87.86000000000001,30,2021,0
7024,2021-07-22,2021-07-22,TC5,SPOT,WS,86.43,30,2021,0
7023,2021-07-23,2021-07-23,TC5,SPOT,WS,85.36,30,2021,0
7022,2021-07-26,2021-07-26,TC5,SPOT,WS,85.00000000000001,30,2021,0
7021,2021-07-27,2021-07-27,TC5,SPOT,WS,88.57,30,2021,0
7020,2021-07-28,2021-07-28,TC5,SPOT,WS,89.29,30,2021,0
7019,2021-07-29,2021-07-29,TC5,SPOT,WS,88.57,30,2021,0
7018,2021-07-30,2021-07-30,TC5,SPOT,WS,88.21,30,2021,0
7017,2021-08-02,2021-08-02,TC5,SPOT,WS,88.21,30,2021,0
7016,2021-08-03,2021-08-03,TC5,SPOT,WS,88.93,30,2021,0
7015,2021-08-04,2021-08-04,TC5,SPOT,WS,92.86,30,2021,0
7014,2021-08-05,2021-08-05,TC5,SPOT,WS,104.29,30,2021,0
7013,2021-08-06,2021-08-06,TC5,SPOT,WS,108.93,30,2021,0
7012,2021-08-09,2021-08-09,TC5,SPOT,WS,108.93,30,2021,0
7011,2021-08-10,2021-08-10,TC5,SPOT,WS,112.86,30,2021,0
7010,2021-08-11,2021-08-11,TC5,SPOT,WS,122.5,30,2021,0
7009,2021-08-12,2021-08-12,TC5,SPOT,WS,140.36,30,2021,0
7008,2021-08-13,2021-08-13,TC5,SPOT,WS,140.71,30,2021,0
7007,2021-08-16,2021-08-16,TC5,SPOT,WS,140.71,30,2021,0
7006,2021-08-17,2021-08-17,TC5,SPOT,WS,141.07,30,2021,0
7005,2021-08-18,2021-08-18,TC5,SPOT,WS,139.64,30,2021,0
7004,2021-08-19,2021-08-19,TC5,SPOT,WS,138.21,30,2021,0
7003,2021-08-20,2021-08-20,TC5,SPOT,WS,135.36,30,2021,0
7002,2021-08-23,2021-08-23,TC5,SPOT,WS,133.21,30,2021,0
7001,2021-08-24,2021-08-24,TC5,SPOT,WS,132.86,30,2021,0
7000,2021-08-25,2021-08-25,TC5,SPOT,WS,130.71,30,2021,0
6999,2021-08-26,2021-08-26,TC5,SPOT,WS,130.71,30,2021,0
6998,2021-08-27,2021-08-27,TC5,SPOT,WS,131.07,30,2021,0
6997,2021-08-31,2021-08-31,TC5,SPOT,WS,129.29,30,2021,0
6996,2021-09-01,2021-09-01,TC5,SPOT,WS,127.14,29,2021,0
6995,2021-09-02,2021-09-02,TC5,SPOT,WS,126.07,29,2021,0
6994,2021-09-03,2021-09-03,TC5,SPOT,WS,125.71,29,2021,0
6993,2021-09-06,2021-09-06,TC5,SPOT,WS,123.57,29,2021,0
6992,2021-09-07,2021-09-07,TC5,SPOT,WS,120.36,29,2021,0
6991,2021-09-08,2021-09-08,TC5,SPOT,WS,115.0,29,2021,0
6990,2021-09-09,2021-09-09,TC5,SPOT,WS,113.93,29,2021,0
6989,2021-09-10,2021-09-10,TC5,SPOT,WS,112.86,29,2021,0
6988,2021-09-13,2021-09-13,TC5,SPOT,WS,111.43,29,2021,0
6987,2021-09-14,2021-09-14,TC5,SPOT,WS,110.0,29,2021,0
6986,2021-09-15,2021-09-15,TC5,SPOT,WS,109.64,29,2021,0
6985,2021-09-16,2021-09-16,TC5,SPOT,WS,112.14,29,2021,0
6984,2021-09-17,2021-09-17,TC5,SPOT,WS,112.5,29,2021,0
6983,2021-09-20,2021-09-20,TC5,SPOT,WS,112.5,29,2021,0
6982,2021-09-21,2021-09-21,TC5,SPOT,WS,114.64,29,2021,0
6981,2021-09-22,2021-09-22,TC5,SPOT,WS,113.0,29,2021,0
6980,2021-09-23,2021-09-23,TC5,SPOT,WS,112.29,29,2021,0
6979,2021-09-24,2021-09-24,TC5,SPOT,WS,111.43,29,2021,0
6978,2021-09-27,2021-09-27,TC5,SPOT,WS,108.21,29,2021,0
6977,2021-09-28,2021-09-28,TC5,SPOT,WS,106.43,29,2021,0
6976,2021-09-29,2021-09-29,TC5,SPOT,WS,103.21,29,2021,0
6975,2021-09-30,2021-09-30,TC5,SPOT,WS,103.57,29,2021,0
6974,2021-10-01,2021-10-01,TC5,SPOT,WS,105.0,30,2021,0
6973,2021-10-04,2021-10-04,TC5,SPOT,WS,103.93,30,2021,0
6972,2021-10-05,2021-10-05,TC5,SPOT,WS,103.57,30,2021,0
6971,2021-10-06,2021-10-06,TC5,SPOT,WS,103.14,30,2021,0
6970,2021-10-07,2021-10-07,TC5,SPOT,WS,102.86,30,2021,0
6969,2021-10-08,2021-10-08,TC5,SPOT,WS,100.0,30,2021,0
6968,2021-10-11,2021-10-11,TC5,SPOT,WS,101.07,30,2021,0
6967,2021-10-12,2021-10-12,TC5,SPOT,WS,104.29,30,2021,0
6966,2021-10-13,2021-10-13,TC5,SPOT,WS,106.79,30,2021,0
6965,2021-10-14,2021-10-14,TC5,SPOT,WS,123.57,30,2021,0
6964,2021-10-15,2021-10-15,TC5,SPOT,WS,125.0,30,2021,0
6963,2021-10-18,2021-10-18,TC5,SPOT,WS,124.64,30,2021,0
6962,2021-10-19,2021-10-19,TC5,SPOT,WS,123.93,30,2021,0
6961,2021-10-20,2021-10-20,TC5,SPOT,WS,124.64,30,2021,0
6960,2021-10-21,2021-10-21,TC5,SPOT,WS,125.0,30,2021,0
6959,2021-10-22,2021-10-22,TC5,SPOT,WS,124.29,30,2021,0
6958,2021-10-25,2021-10-25,TC5,SPOT,WS,124.64,30,2021,0
6957,2021-10-26,2021-10-26,TC5,SPOT,WS,124.29,30,2021,0
6956,2021-10-27,2021-10-27,TC5,SPOT,WS,125.29,30,2021,0
6955,2021-10-28,2021-10-28,TC5,SPOT,WS,128.0,30,2021,0
6954,2021-10-29,2021-10-29,TC5,SPOT,WS,128.0,30,2021,0
6953,2021-11-01,2021-11-01,TC5,SPOT,WS,128.21,29,2021,0
6952,2021-11-02,2021-11-02,TC5,SPOT,WS,127.5,29,2021,0
6951,2021-11-03,2021-11-03,TC5,SPOT,WS,126.21,29,2021,0
6950,2021-11-04,2021-11-04,TC5,SPOT,WS,124.64,29,2021,0
6949,2021-11-05,2021-11-05,TC5,SPOT,WS,125.71,29,2021,0
6948,2021-11-08,2021-11-08,TC5,SPOT,WS,125.0,29,2021,0
6947,2021-11-09,2021-11-09,TC5,SPOT,WS,122.86,29,2021,0
6946,2021-11-10,2021-11-10,TC5,SPOT,WS,120.71,29,2021,0
6945,2021-11-11,2021-11-11,TC5,SPOT,WS,118.86,29,2021,0
6944,2021-11-12,2021-11-12,TC5,SPOT,WS,117.79,29,2021,0
6943,2021-11-15,2021-11-15,TC5,SPOT,WS,116.57,29,2021,0
6942,2021-11-16,2021-11-16,TC5,SPOT,WS,116.21,29,2021,0
6941,2021-11-17,2021-11-17,TC5,SPOT,WS,112.43,29,2021,0
6940,2021-11-18,2021-11-18,TC5,SPOT,WS,111.43,29,2021,0
6939,2021-11-19,2021-11-19,TC5,SPOT,WS,111.43,29,2021,0
6938,2021-11-22,2021-11-22,TC5,SPOT,WS,111.07,29,2021,0
6937,2021-11-23,2021-11-23,TC5,SPOT,WS,110.71,29,2021,0
6936,2021-11-24,2021-11-24,TC5,SPOT,WS,110.36,29,2021,0
6935,2021-11-25,2021-11-25,TC5,SPOT,WS,110.36,29,2021,0
6934,2021-11-26,2021-11-26,TC5,SPOT,WS,111.07,29,2021,0
6933,2021-11-29,2021-11-29,TC5,SPOT,WS,111.43,29,2021,0
6932,2021-11-30,2021-11-30,TC5,SPOT,WS,114.29,29,2021,0
6931,2021-12-01,2021-12-01,TC5,SPOT,WS,115.71,30,2021,0
6930,2021-12-02,2021-12-02,TC5,SPOT,WS,115.71,30,2021,0
6929,2021-12-03,2021-12-03,TC5,SPOT,WS,122.14,30,2021,0
6928,2021-12-06,2021-12-06,TC5,SPOT,WS,125.36,30,2021,0
6927,2021-12-07,2021-12-07,TC5,SPOT,WS,124.64,30,2021,0
6926,2021-12-08,2021-12-08,TC5,SPOT,WS,123.93,30,2021,0
6925,2021-12-09,2021-12-09,TC5,SPOT,WS,129.79,30,2021,0
6924,2021-12-10,2021-12-10,TC5,SPOT,WS,134.64,30,2021,0
6923,2021-12-13,2021-12-13,TC5,SPOT,WS,137.36,30,2021,0
6922,2021-12-14,2021-12-14,TC5,SPOT,WS,137.14,30,2021,0
6921,2021-12-15,2021-12-15,TC5,SPOT,WS,137.86,30,2021,0
6920,2021-12-16,2021-12-16,TC5,SPOT,WS,137.14,30,2021,0
6919,2021-12-17,2021-12-17,TC5,SPOT,WS,136.07,30,2021,0
6918,2021-12-20,2021-12-20,TC5,SPOT,WS,134.64,30,2021,0
6917,2021-12-21,2021-12-21,TC5,SPOT,WS,134.29,30,2021,0
6916,2021-12-22,2021-12-22,TC5,SPOT,WS,134.64,30,2021,0
6915,2021-12-23,2021-12-23,TC5,SPOT,WS,134.64,30,2021,0
6914,2021-12-24,2021-12-24,TC5,SPOT,WS,133.57,30,2021,0
6913,2022-01-04,2022-01-04,TC5,SPOT,WS,113.57,30,2022,0
6912,2022-01-05,2022-01-05,TC5,SPOT,WS,103.57,30,2022,0
6911,2022-01-06,2022-01-06,TC5,SPOT,WS,99.07,30,2022,0
6910,2022-01-07,2022-01-07,TC5,SPOT,WS,98.0,30,2022,0
6909,2022-01-10,2022-01-10,TC5,SPOT,WS,97.5,30,2022,0
6908,2022-01-11,2022-01-11,TC5,SPOT,WS,97.5,30,2022,0
6907,2022-01-12,2022-01-12,TC5,SPOT,WS,97.14,30,2022,0
6906,2022-01-13,2022-01-13,TC5,SPOT,WS,97.64,30,2022,0
6905,2022-01-14,2022-01-14,TC5,SPOT,WS,97.43,30,2022,0
6904,2022-01-17,2022-01-17,TC5,SPOT,WS,97.07,30,2022,0
6903,2022-01-18,2022-01-18,TC5,SPOT,WS,97.5,30,2022,0
6902,2022-01-19,2022-01-19,TC5,SPOT,WS,98.21000000000002,30,2022,0
6901,2022-01-20,2022-01-20,TC5,SPOT,WS,97.86,30,2022,0
6900,2022-01-21,2022-01-21,TC5,SPOT,WS,97.14,30,2022,0
6899,2022-01-24,2022-01-24,TC5,SPOT,WS,97.14,30,2022,0
6898,2022-01-25,2022-01-25,TC5,SPOT,WS,96.79000000000002,30,2022,0
6897,2022-01-26,2022-01-26,TC5,SPOT,WS,96.43,30,2022,0
6896,2022-01-27,2022-01-27,TC5,SPOT,WS,96.43,30,2022,0
6895,2022-01-28,2022-01-28,TC5,SPOT,WS,95.86,30,2022,0
6894,2022-01-31,2022-01-31,TC5,SPOT,WS,95.5,30,2022,0
6893,2022-02-01,2022-02-01,TC5,SPOT,WS,96.0,27,2022,0
6892,2022-02-02,2022-02-02,TC5,SPOT,WS,95.58,27,2022,0
6891,2022-02-03,2022-02-03,TC5,SPOT,WS,95.86,27,2022,0
6890,2022-02-04,2022-02-04,TC5,SPOT,WS,96.43,27,2022,0
6889,2022-02-07,2022-02-07,TC5,SPOT,WS,97.14,27,2022,0
6888,2022-02-08,2022-02-08,TC5,SPOT,WS,97.29000000000002,27,2022,0
6887,2022-02-09,2022-02-09,TC5,SPOT,WS,97.21,27,2022,0
6886,2022-02-10,2022-02-10,TC5,SPOT,WS,96.86,27,2022,0
6885,2022-02-11,2022-02-11,TC5,SPOT,WS,97.07,27,2022,0
6884,2022-02-14,2022-02-14,TC5,SPOT,WS,96.07,27,2022,0
6883,2022-02-15,2022-02-15,TC5,SPOT,WS,96.64,27,2022,0
6882,2022-02-16,2022-02-16,TC5,SPOT,WS,96.43,27,2022,0
6881,2022-02-17,2022-02-17,TC5,SPOT,WS,96.29000000000002,27,2022,0
6880,2022-02-18,2022-02-18,TC5,SPOT,WS,95.93,27,2022,0
6879,2022-02-21,2022-02-21,TC5,SPOT,WS,95.64,27,2022,0
6878,2022-02-22,2022-02-22,TC5,SPOT,WS,96.43,27,2022,0
6877,2022-02-23,2022-02-23,TC5,SPOT,WS,98.57,27,2022,0
6876,2022-02-24,2022-02-24,TC5,SPOT,WS,102.14,27,2022,0
6875,2022-02-25,2022-02-25,TC5,SPOT,WS,104.64,27,2022,0
6874,2022-02-28,2022-02-28,TC5,SPOT,WS,126.43,27,2022,0
6873,2022-03-01,2022-03-01,TC5,SPOT,WS,131.43,30,2022,0
6872,2022-03-02,2022-03-02,TC5,SPOT,WS,147.86,30,2022,0
6871,2022-03-03,2022-03-03,TC5,SPOT,WS,177.5,30,2022,0
6870,2022-03-04,2022-03-04,TC5,SPOT,WS,179.64,30,2022,0
6869,2022-03-07,2022-03-07,TC5,SPOT,WS,188.57,30,2022,0
6868,2022-03-08,2022-03-08,TC5,SPOT,WS,199.29,30,2022,0
6867,2022-03-09,2022-03-09,TC5,SPOT,WS,200.0,30,2022,0
6866,2022-03-10,2022-03-10,TC5,SPOT,WS,202.14,30,2022,0
6865,2022-03-11,2022-03-11,TC5,SPOT,WS,207.14,30,2022,0
6864,2022-03-14,2022-03-14,TC5,SPOT,WS,207.86,30,2022,0
6863,2022-03-15,2022-03-15,TC5,SPOT,WS,201.79,30,2022,0
6862,2022-03-16,2022-03-16,TC5,SPOT,WS,197.86,30,2022,0
6861,2022-03-17,2022-03-17,TC5,SPOT,WS,192.86,30,2022,0
6860,2022-03-18,2022-03-18,TC5,SPOT,WS,187.5000000000001,30,2022,0
6859,2022-03-21,2022-03-21,TC5,SPOT,WS,186.43,30,2022,0
6858,2022-03-22,2022-03-22,TC5,SPOT,WS,186.43,30,2022,0
6857,2022-03-23,2022-03-23,TC5,SPOT,WS,185.0000000000001,30,2022,0
6856,2022-03-24,2022-03-24,TC5,SPOT,WS,185.71,30,2022,0
6855,2022-03-25,2022-03-25,TC5,SPOT,WS,186.43,30,2022,0
6854,2022-03-28,2022-03-28,TC5,SPOT,WS,187.14,30,2022,0
6853,2022-03-29,2022-03-29,TC5,SPOT,WS,185.0000000000001,30,2022,0
6852,2022-03-30,2022-03-30,TC5,SPOT,WS,184.29,30,2022,0
6851,2022-03-31,2022-03-31,TC5,SPOT,WS,182.5,30,2022,0
6850,2022-04-01,2022-04-01,TC5,SPOT,WS,178.93,29,2022,0
6849,2022-04-04,2022-04-04,TC5,SPOT,WS,177.14,29,2022,0
6848,2022-04-05,2022-04-05,TC5,SPOT,WS,170.71,29,2022,0
6847,2022-04-06,2022-04-06,TC5,SPOT,WS,166.43,29,2022,0
6846,2022-04-07,2022-04-07,TC5,SPOT,WS,156.43,29,2022,0
6845,2022-04-08,2022-04-08,TC5,SPOT,WS,156.79,29,2022,0
6844,2022-04-11,2022-04-11,TC5,SPOT,WS,155.36,29,2022,0
6843,2022-04-12,2022-04-12,TC5,SPOT,WS,155.71,29,2022,0
6842,2022-04-13,2022-04-13,TC5,SPOT,WS,161.07,29,2022,0
6841,2022-04-14,2022-04-14,TC5,SPOT,WS,162.5,29,2022,0
6840,2022-04-19,2022-04-19,TC5,SPOT,WS,163.93,29,2022,0
6839,2022-04-20,2022-04-20,TC5,SPOT,WS,168.93,29,2022,0
6838,2022-04-21,2022-04-21,TC5,SPOT,WS,193.57,29,2022,0
6837,2022-04-22,2022-04-22,TC5,SPOT,WS,211.43,29,2022,0
6836,2022-04-25,2022-04-25,TC5,SPOT,WS,223.57,29,2022,0
6835,2022-04-26,2022-04-26,TC5,SPOT,WS,232.86,29,2022,0
6834,2022-04-27,2022-04-27,TC5,SPOT,WS,262.86,29,2022,0
6833,2022-04-28,2022-04-28,TC5,SPOT,WS,287.14,29,2022,0
6832,2022-04-29,2022-04-29,TC5,SPOT,WS,299.29,29,2022,0
6831,2022-05-03,2022-05-03,TC5,SPOT,WS,297.5,30,2022,0
6830,2022-05-04,2022-05-04,TC5,SPOT,WS,295.71,30,2022,0
6829,2022-05-05,2022-05-05,TC5,SPOT,WS,307.14,30,2022,0
6828,2022-05-06,2022-05-06,TC5,SPOT,WS,316.43,30,2022,0
6827,2022-05-09,2022-05-09,TC5,SPOT,WS,313.5699999999999,30,2022,0
6826,2022-05-10,2022-05-10,TC5,SPOT,WS,320.0000000000001,30,2022,0
6825,2022-05-11,2022-05-11,TC5,SPOT,WS,317.8600000000001,30,2022,0
6824,2022-05-12,2022-05-12,TC5,SPOT,WS,314.29,30,2022,0
6823,2022-05-13,2022-05-13,TC5,SPOT,WS,310.71,30,2022,0
6822,2022-05-16,2022-05-16,TC5,SPOT,WS,309.17,30,2022,0
6821,2022-05-17,2022-05-17,TC5,SPOT,WS,306.4300000000001,30,2022,0
6820,2022-05-18,2022-05-18,TC5,SPOT,WS,305.71,30,2022,0
6819,2022-05-19,2022-05-19,TC5,SPOT,WS,302.86,30,2022,0
6818,2022-05-20,2022-05-20,TC5,SPOT,WS,301.79,30,2022,0
6817,2022-05-23,2022-05-23,TC5,SPOT,WS,301.79,30,2022,0
6816,2022-05-24,2022-05-24,TC5,SPOT,WS,295.0,30,2022,0
6815,2022-05-25,2022-05-25,TC5,SPOT,WS,285.0,30,2022,0
6814,2022-05-26,2022-05-26,TC5,SPOT,WS,273.57,30,2022,0
6813,2022-05-27,2022-05-27,TC5,SPOT,WS,259.29,30,2022,0
6812,2022-05-30,2022-05-30,TC5,SPOT,WS,257.14,30,2022,0
6811,2022-05-31,2022-05-31,TC5,SPOT,WS,251.43,30,2022,0
6810,2022-06-01,2022-06-01,TC5,SPOT,WS,250.71,29,2022,0
6809,2022-06-06,2022-06-06,TC5,SPOT,WS,230.71,29,2022,0
6808,2022-06-07,2022-06-07,TC5,SPOT,WS,230.71,29,2022,0
6807,2022-06-08,2022-06-08,TC5,SPOT,WS,235.0,29,2022,0
6806,2022-06-09,2022-06-09,TC5,SPOT,WS,258.57,29,2022,0
6805,2022-06-10,2022-06-10,TC5,SPOT,WS,277.14,29,2022,0
6804,2022-06-13,2022-06-13,TC5,SPOT,WS,317.8600000000001,29,2022,0
6803,2022-06-14,2022-06-14,TC5,SPOT,WS,345.71,29,2022,0
6802,2022-06-15,2022-06-15,TC5,SPOT,WS,375.0,29,2022,0
6801,2022-06-16,2022-06-16,TC5,SPOT,WS,377.86,29,2022,0
6800,2022-06-17,2022-06-17,TC5,SPOT,WS,379.29,29,2022,0
6799,2022-06-20,2022-06-20,TC5,SPOT,WS,377.14,29,2022,0
6798,2022-06-21,2022-06-21,TC5,SPOT,WS,373.93,29,2022,0
6797,2022-06-22,2022-06-22,TC5,SPOT,WS,358.9299999999999,29,2022,0
6796,2022-06-23,2022-06-23,TC5,SPOT,WS,352.14,29,2022,0
6795,2022-06-24,2022-06-24,TC5,SPOT,WS,348.5699999999999,29,2022,0
6794,2022-06-27,2022-06-27,TC5,SPOT,WS,337.86,29,2022,0
6793,2022-06-28,2022-06-28,TC5,SPOT,WS,321.4300000000001,29,2022,0
6792,2022-06-29,2022-06-29,TC5,SPOT,WS,312.14,29,2022,0
6791,2022-06-30,2022-06-30,TC5,SPOT,WS,296.4300000000001,29,2022,0
6790,2022-07-01,2022-07-01,TC5,SPOT,WS,292.86,30,2022,0
6789,2022-07-04,2022-07-04,TC5,SPOT,WS,289.29,30,2022,0
6788,2022-07-05,2022-07-05,TC5,SPOT,WS,285.0,30,2022,0
6787,2022-07-06,2022-07-06,TC5,SPOT,WS,285.0,30,2022,0
6786,2022-07-07,2022-07-07,TC5,SPOT,WS,287.86,30,2022,0
6785,2022-07-08,2022-07-08,TC5,SPOT,WS,285.0,30,2022,0
6784,2022-07-11,2022-07-11,TC5,SPOT,WS,287.67,30,2022,0
6783,2022-07-12,2022-07-12,TC5,SPOT,WS,285.0,30,2022,0
6782,2022-07-13,2022-07-13,TC5,SPOT,WS,286.43,30,2022,0
6781,2022-07-14,2022-07-14,TC5,SPOT,WS,290.71,30,2022,0
6780,2022-07-15,2022-07-15,TC5,SPOT,WS,293.5699999999999,30,2022,0
6779,2022-07-18,2022-07-18,TC5,SPOT,WS,292.86,30,2022,0
6778,2022-07-19,2022-07-19,TC5,SPOT,WS,292.86,30,2022,0
6777,2022-07-20,2022-07-20,TC5,SPOT,WS,291.4299999999999,30,2022,0
6776,2022-07-21,2022-07-21,TC5,SPOT,WS,289.9999999999999,30,2022,0
6775,2022-07-22,2022-07-22,TC5,SPOT,WS,285.71,30,2022,0
6774,2022-07-25,2022-07-25,TC5,SPOT,WS,283.57,30,2022,0
6773,2022-07-26,2022-07-26,TC5,SPOT,WS,281.0699999999999,30,2022,0
6772,2022-07-27,2022-07-27,TC5,SPOT,WS,266.4299999999999,30,2022,0
6771,2022-07-28,2022-07-28,TC5,SPOT,WS,256.79,30,2022,0
6770,2022-07-29,2022-07-29,TC5,SPOT,WS,258.57,30,2022,0
6769,2022-08-01,2022-08-01,TC5,SPOT,WS,255.71,30,2022,0
6768,2022-08-02,2022-08-02,TC5,SPOT,WS,256.0699999999999,30,2022,0
6767,2022-08-03,2022-08-03,TC5,SPOT,WS,258.0,30,2022,0
6766,2022-08-04,2022-08-04,TC5,SPOT,WS,265.43,30,2022,0
6765,2022-08-05,2022-08-05,TC5,SPOT,WS,267.8600000000001,30,2022,0
6764,2022-08-08,2022-08-08,TC5,SPOT,WS,263.93,30,2022,0
6763,2022-08-09,2022-08-09,TC5,SPOT,WS,265.83,30,2022,0
6762,2022-08-10,2022-08-10,TC5,SPOT,WS,266.0699999999999,30,2022,0
6761,2022-08-11,2022-08-11,TC5,SPOT,WS,265.36,30,2022,0
6760,2022-08-12,2022-08-12,TC5,SPOT,WS,263.21,30,2022,0
6759,2022-08-15,2022-08-15,TC5,SPOT,WS,264.29,30,2022,0
6758,2022-08-16,2022-08-16,TC5,SPOT,WS,263.21,30,2022,0
6757,2022-08-17,2022-08-17,TC5,SPOT,WS,262.14,30,2022,0
6756,2022-08-18,2022-08-18,TC5,SPOT,WS,265.71,30,2022,0
6755,2022-08-19,2022-08-19,TC5,SPOT,WS,267.14,30,2022,0
6754,2022-08-22,2022-08-22,TC5,SPOT,WS,269.29,30,2022,0
6753,2022-08-23,2022-08-23,TC5,SPOT,WS,272.86,30,2022,0
6752,2022-08-24,2022-08-24,TC5,SPOT,WS,280.71,30,2022,0
6751,2022-08-25,2022-08-25,TC5,SPOT,WS,288.5699999999999,30,2022,0
6750,2022-08-26,2022-08-26,TC5,SPOT,WS,299.29,30,2022,0
6749,2022-08-30,2022-08-30,TC5,SPOT,WS,302.4999999999999,30,2022,0
6748,2022-08-31,2022-08-31,TC5,SPOT,WS,303.21,30,2022,0
6747,2022-09-01,2022-09-01,TC5,SPOT,WS,304.9999999999999,29,2022,0
6746,2022-09-02,2022-09-02,TC5,SPOT,WS,304.9999999999999,29,2022,0
6745,2022-09-05,2022-09-05,TC5,SPOT,WS,310.71,29,2022,0
6744,2022-09-06,2022-09-06,TC5,SPOT,WS,310.71,29,2022,0
6743,2022-09-07,2022-09-07,TC5,SPOT,WS,324.29,29,2022,0
6742,2022-09-08,2022-09-08,TC5,SPOT,WS,330.71,29,2022,0
6741,2022-09-09,2022-09-09,TC5,SPOT,WS,332.14,29,2022,0
6740,2022-09-12,2022-09-12,TC5,SPOT,WS,338.21,29,2022,0
6739,2022-09-13,2022-09-13,TC5,SPOT,WS,340.0,29,2022,0
6738,2022-09-14,2022-09-14,TC5,SPOT,WS,341.0699999999999,29,2022,0
6737,2022-09-15,2022-09-15,TC5,SPOT,WS,337.86,29,2022,0
6736,2022-09-16,2022-09-16,TC5,SPOT,WS,335.0000000000001,29,2022,0
6735,2022-09-20,2022-09-20,TC5,SPOT,WS,319.29,29,2022,0
6734,2022-09-21,2022-09-21,TC5,SPOT,WS,302.86,29,2022,0
6733,2022-09-22,2022-09-22,TC5,SPOT,WS,288.5699999999999,29,2022,0
6732,2022-09-23,2022-09-23,TC5,SPOT,WS,284.29,29,2022,0
6731,2022-09-26,2022-09-26,TC5,SPOT,WS,276.43,29,2022,0
6730,2022-09-27,2022-09-27,TC5,SPOT,WS,265.0,29,2022,0
6729,2022-09-28,2022-09-28,TC5,SPOT,WS,226.43,29,2022,0
6728,2022-09-29,2022-09-29,TC5,SPOT,WS,216.43,29,2022,0
6727,2022-09-30,2022-09-30,TC5,SPOT,WS,190.71,29,2022,0
6726,2022-10-03,2022-10-03,TC5,SPOT,WS,178.57,30,2022,0
6725,2022-10-04,2022-10-04,TC5,SPOT,WS,172.86,30,2022,0
6724,2022-10-05,2022-10-05,TC5,SPOT,WS,168.57,30,2022,0
6723,2022-10-06,2022-10-06,TC5,SPOT,WS,171.43,30,2022,0
6722,2022-10-07,2022-10-07,TC5,SPOT,WS,171.43,30,2022,0
6721,2022-10-10,2022-10-10,TC5,SPOT,WS,177.86,30,2022,0
6720,2022-10-11,2022-10-11,TC5,SPOT,WS,184.29,30,2022,0
6719,2022-10-12,2022-10-12,TC5,SPOT,WS,190.0,30,2022,0
6718,2022-10-13,2022-10-13,TC5,SPOT,WS,191.43,30,2022,0
6717,2022-10-14,2022-10-14,TC5,SPOT,WS,192.86,30,2022,0
6716,2022-10-17,2022-10-17,TC5,SPOT,WS,192.86,30,2022,0
6715,2022-10-18,2022-10-18,TC5,SPOT,WS,198.57,30,2022,0
6714,2022-10-19,2022-10-19,TC5,SPOT,WS,199.29,30,2022,0
6713,2022-10-20,2022-10-20,TC5,SPOT,WS,199.29,30,2022,0
6712,2022-10-21,2022-10-21,TC5,SPOT,WS,198.93,30,2022,0
6711,2022-10-24,2022-10-24,TC5,SPOT,WS,198.75,30,2022,0
6710,2022-10-25,2022-10-25,TC5,SPOT,WS,200.0,30,2022,0
6709,2022-10-26,2022-10-26,TC5,SPOT,WS,205.71,30,2022,0
6708,2022-10-27,2022-10-27,TC5,SPOT,WS,209.64,30,2022,0
6707,2022-10-28,2022-10-28,TC5,SPOT,WS,210.36,30,2022,0
6706,2022-10-31,2022-10-31,TC5,SPOT,WS,213.21,30,2022,0
6705,2022-11-01,2022-11-01,TC5,SPOT,WS,213.93,29,2022,0
6704,2022-11-02,2022-11-02,TC5,SPOT,WS,214.29,29,2022,0
6703,2022-11-03,2022-11-03,TC5,SPOT,WS,215.36,29,2022,0
6702,2022-11-04,2022-11-04,TC5,SPOT,WS,215.0,29,2022,0
6701,2022-11-07,2022-11-07,TC5,SPOT,WS,215.0,29,2022,0
6700,2022-11-08,2022-11-08,TC5,SPOT,WS,215.36,29,2022,0
6699,2022-11-09,2022-11-09,TC5,SPOT,WS,212.86,29,2022,0
6698,2022-11-10,2022-11-10,TC5,SPOT,WS,212.14,29,2022,0
6697,2022-11-11,2022-11-11,TC5,SPOT,WS,213.21,29,2022,0
6696,2022-11-14,2022-11-14,TC5,SPOT,WS,212.14,29,2022,0
6695,2022-11-15,2022-11-15,TC5,SPOT,WS,212.14,29,2022,0
6694,2022-11-16,2022-11-16,TC5,SPOT,WS,212.14,29,2022,0
6693,2022-11-17,2022-11-17,TC5,SPOT,WS,212.14,29,2022,0
6692,2022-11-18,2022-11-18,TC5,SPOT,WS,213.57,29,2022,0
6691,2022-11-21,2022-11-21,TC5,SPOT,WS,220.0,29,2022,0
6690,2022-11-22,2022-11-22,TC5,SPOT,WS,265.71,29,2022,0
6689,2022-11-23,2022-11-23,TC5,SPOT,WS,292.14,29,2022,0
6688,2022-11-24,2022-11-24,TC5,SPOT,WS,305.71,29,2022,0
6687,2022-11-25,2022-11-25,TC5,SPOT,WS,312.8600000000001,29,2022,0
6686,2022-11-28,2022-11-28,TC5,SPOT,WS,320.71,29,2022,0
6685,2022-11-29,2022-11-29,TC5,SPOT,WS,321.4300000000001,29,2022,0
6684,2022-11-30,2022-11-30,TC5,SPOT,WS,322.14,29,2022,0
6683,2022-12-01,2022-12-01,TC5,SPOT,WS,322.4999999999999,30,2022,0
6682,2022-12-02,2022-12-02,TC5,SPOT,WS,322.4999999999999,30,2022,0
6681,2022-12-05,2022-12-05,TC5,SPOT,WS,321.79,30,2022,0
6680,2022-12-06,2022-12-06,TC5,SPOT,WS,323.57,30,2022,0
6679,2022-12-07,2022-12-07,TC5,SPOT,WS,332.14,30,2022,0
6678,2022-12-08,2022-12-08,TC5,SPOT,WS,345.71,30,2022,0
6677,2022-12-09,2022-12-09,TC5,SPOT,WS,348.5699999999999,30,2022,0
6676,2022-12-12,2022-12-12,TC5,SPOT,WS,355.0,30,2022,0
6675,2022-12-13,2022-12-13,TC5,SPOT,WS,357.86,30,2022,0
6674,2022-12-14,2022-12-14,TC5,SPOT,WS,370.7099999999999,30,2022,0
6673,2022-12-15,2022-12-15,TC5,SPOT,WS,372.86,30,2022,0
6672,2022-12-16,2022-12-16,TC5,SPOT,WS,373.5700000000001,30,2022,0
6671,2022-12-19,2022-12-19,TC5,SPOT,WS,376.4300000000001,30,2022,0
6670,2022-12-20,2022-12-20,TC5,SPOT,WS,375.71,30,2022,0
6669,2022-12-21,2022-12-21,TC5,SPOT,WS,376.4300000000001,30,2022,0
6668,2022-12-22,2022-12-22,TC5,SPOT,WS,375.71,30,2022,0
6667,2022-12-23,2022-12-23,TC5,SPOT,WS,377.86,30,2022,0
6666,2023-01-03,2023-01-03,TC5,SPOT,WS,314.64,30,2023,0
6665,2023-01-04,2023-01-04,TC5,SPOT,WS,309.14,30,2023,0
6664,2023-01-05,2023-01-05,TC5,SPOT,WS,303.4299999999999,30,2023,0
6663,2023-01-06,2023-01-06,TC5,SPOT,WS,283.71,30,2023,0
6662,2023-01-09,2023-01-09,TC5,SPOT,WS,281.14,30,2023,0
6661,2023-01-10,2023-01-10,TC5,SPOT,WS,274.4300000000001,30,2023,0
6660,2023-01-11,2023-01-11,TC5,SPOT,WS,246.43,30,2023,0
6659,2023-01-12,2023-01-12,TC5,SPOT,WS,217.86,30,2023,0
6658,2023-01-13,2023-01-13,TC5,SPOT,WS,211.43,30,2023,0
6657,2023-01-16,2023-01-16,TC5,SPOT,WS,185.71,30,2023,0
6656,2023-01-17,2023-01-17,TC5,SPOT,WS,172.86,30,2023,0
6655,2023-01-18,2023-01-18,TC5,SPOT,WS,152.86,30,2023,0
6654,2023-01-19,2023-01-19,TC5,SPOT,WS,148.93,30,2023,0
6653,2023-01-20,2023-01-20,TC5,SPOT,WS,137.86,30,2023,0
6652,2023-01-23,2023-01-23,TC5,SPOT,WS,134.17,30,2023,0
6651,2023-01-24,2023-01-24,TC5,SPOT,WS,133.33,30,2023,0
6650,2023-01-25,2023-01-25,TC5,SPOT,WS,133.57,30,2023,0
6649,2023-01-26,2023-01-26,TC5,SPOT,WS,131.43,30,2023,0
6648,2023-01-27,2023-01-27,TC5,SPOT,WS,133.57,30,2023,0
6647,2023-01-30,2023-01-30,TC5,SPOT,WS,132.14,30,2023,0
6646,2023-01-31,2023-01-31,TC5,SPOT,WS,129.64,30,2023,0
6645,2023-02-01,2023-02-01,TC5,SPOT,WS,125.71,27,2023,0
6644,2023-02-02,2023-02-02,TC5,SPOT,WS,126.43,27,2023,0
6643,2023-02-03,2023-02-03,TC5,SPOT,WS,129.29,27,2023,0
6642,2023-02-06,2023-02-06,TC5,SPOT,WS,131.79,27,2023,0
6641,2023-02-07,2023-02-07,TC5,SPOT,WS,136.07,27,2023,0
6640,2023-02-08,2023-02-08,TC5,SPOT,WS,140.71,27,2023,0
6639,2023-02-09,2023-02-09,TC5,SPOT,WS,142.5,27,2023,0
6638,2023-02-10,2023-02-10,TC5,SPOT,WS,143.21,27,2023,0
6637,2023-02-13,2023-02-13,TC5,SPOT,WS,146.07,27,2023,0
6636,2023-02-14,2023-02-14,TC5,SPOT,WS,152.86,27,2023,0
6635,2023-02-15,2023-02-15,TC5,SPOT,WS,167.86,27,2023,0
6634,2023-02-16,2023-02-16,TC5,SPOT,WS,214.64,27,2023,0
6633,2023-02-17,2023-02-17,TC5,SPOT,WS,217.14,27,2023,0
6632,2023-02-20,2023-02-20,TC5,SPOT,WS,218.57,27,2023,0
6631,2023-02-21,2023-02-21,TC5,SPOT,WS,216.07,27,2023,0
6630,2023-02-22,2023-02-22,TC5,SPOT,WS,209.64,27,2023,0
6629,2023-02-23,2023-02-23,TC5,SPOT,WS,209.29,27,2023,0
6628,2023-02-24,2023-02-24,TC5,SPOT,WS,209.14,27,2023,0
6627,2023-02-27,2023-02-27,TC5,SPOT,WS,201.43,27,2023,0
6626,2023-02-28,2023-02-28,TC5,SPOT,WS,193.57,27,2023,0
6625,2023-03-01,2023-03-01,TC5,SPOT,WS,181.43,30,2023,0
6624,2023-03-02,2023-03-02,TC5,SPOT,WS,180.71,30,2023,0
6623,2023-03-03,2023-03-03,TC5,SPOT,WS,182.14,30,2023,0
6622,2023-03-06,2023-03-06,TC5,SPOT,WS,181.79,30,2023,0
6621,2023-03-07,2023-03-07,TC5,SPOT,WS,181.07,30,2023,0
6620,2023-03-08,2023-03-08,TC5,SPOT,WS,183.21,30,2023,0
6619,2023-03-09,2023-03-09,TC5,SPOT,WS,188.57,30,2023,0
6618,2023-03-10,2023-03-10,TC5,SPOT,WS,196.79,30,2023,0
6617,2023-03-13,2023-03-13,TC5,SPOT,WS,200.71,30,2023,0
6616,2023-03-14,2023-03-14,TC5,SPOT,WS,198.5700000000001,30,2023,0
6615,2023-03-15,2023-03-15,TC5,SPOT,WS,197.14,30,2023,0
6614,2023-03-16,2023-03-16,TC5,SPOT,WS,195.71,30,2023,0
6613,2023-03-17,2023-03-17,TC5,SPOT,WS,192.14,30,2023,0
6612,2023-03-20,2023-03-20,TC5,SPOT,WS,187.86,30,2023,0
6611,2023-03-21,2023-03-21,TC5,SPOT,WS,182.86,30,2023,0
6610,2023-03-22,2023-03-22,TC5,SPOT,WS,181.43,30,2023,0
6609,2023-03-23,2023-03-23,TC5,SPOT,WS,181.79,30,2023,0
6608,2023-03-24,2023-03-24,TC5,SPOT,WS,183.86,30,2023,0
6607,2023-03-27,2023-03-27,TC5,SPOT,WS,182.86,30,2023,0
6606,2023-03-28,2023-03-28,TC5,SPOT,WS,184.64,30,2023,0
6605,2023-03-29,2023-03-29,TC5,SPOT,WS,206.07,30,2023,0
6604,2023-03-30,2023-03-30,TC5,SPOT,WS,206.79,30,2023,0
6603,2023-03-31,2023-03-31,TC5,SPOT,WS,206.07,30,2023,0
6602,2023-04-03,2023-04-03,TC5,SPOT,WS,203.57,29,2023,0
6601,2023-04-04,2023-04-04,TC5,SPOT,WS,202.14,29,2023,0
6600,2023-04-05,2023-04-05,TC5,SPOT,WS,211.43,29,2023,0
6599,2023-04-06,2023-04-06,TC5,SPOT,WS,212.86,29,2023,0
6598,2023-04-11,2023-04-11,TC5,SPOT,WS,207.14,29,2023,0
6597,2023-04-12,2023-04-12,TC5,SPOT,WS,202.14,29,2023,0
6596,2023-04-13,2023-04-13,TC5,SPOT,WS,199.29,29,2023,0
6595,2023-04-14,2023-04-14,TC5,SPOT,WS,195.71,29,2023,0
6594,2023-04-17,2023-04-17,TC5,SPOT,WS,196.07,29,2023,0
6593,2023-04-18,2023-04-18,TC5,SPOT,WS,194.29,29,2023,0
6592,2023-04-19,2023-04-19,TC5,SPOT,WS,196.07,29,2023,0
6591,2023-04-20,2023-04-20,TC5,SPOT,WS,197.14,29,2023,0
6590,2023-04-21,2023-04-21,TC5,SPOT,WS,201.43,29,2023,0
6589,2023-04-24,2023-04-24,TC5,SPOT,WS,199.29,29,2023,0
6588,2023-04-25,2023-04-25,TC5,SPOT,WS,197.86,29,2023,0
6587,2023-04-26,2023-04-26,TC5,SPOT,WS,197.5,29,2023,0
6586,2023-04-27,2023-04-27,TC5,SPOT,WS,200.0,29,2023,0
6585,2023-04-28,2023-04-28,TC5,SPOT,WS,200.71,29,2023,0
6584,2023-05-02,2023-05-02,TC5,SPOT,WS,198.21,30,2023,0
6583,2023-05-03,2023-05-03,TC5,SPOT,WS,200.36,30,2023,0
6582,2023-05-04,2023-05-04,TC5,SPOT,WS,191.43,30,2023,0
6581,2023-05-05,2023-05-05,TC5,SPOT,WS,185.36,30,2023,0
6580,2023-05-09,2023-05-09,TC5,SPOT,WS,176.43,30,2023,0
6579,2023-05-10,2023-05-10,TC5,SPOT,WS,177.64,30,2023,0
6578,2023-05-11,2023-05-11,TC5,SPOT,WS,176.07,30,2023,0
6577,2023-05-12,2023-05-12,TC5,SPOT,WS,176.07,30,2023,0
6576,2023-05-15,2023-05-15,TC5,SPOT,WS,171.07,30,2023,0
6575,2023-05-16,2023-05-16,TC5,SPOT,WS,162.5,30,2023,0
6574,2023-05-17,2023-05-17,TC5,SPOT,WS,159.64,30,2023,0
6573,2023-05-18,2023-05-18,TC5,SPOT,WS,161.07,30,2023,0
6572,2023-05-19,2023-05-19,TC5,SPOT,WS,159.29,30,2023,0
6571,2023-05-22,2023-05-22,TC5,SPOT,WS,159.64,30,2023,0
6570,2023-05-23,2023-05-23,TC5,SPOT,WS,158.57,30,2023,0
6569,2023-05-24,2023-05-24,TC5,SPOT,WS,159.29,30,2023,0
6568,2023-05-25,2023-05-25,TC5,SPOT,WS,160.0,30,2023,0
6567,2023-05-26,2023-05-26,TC5,SPOT,WS,160.0,30,2023,0
6566,2023-05-30,2023-05-30,TC5,SPOT,WS,159.64,30,2023,0
6565,2023-05-31,2023-05-31,TC5,SPOT,WS,158.21,30,2023,0
6564,2023-06-01,2023-06-01,TC5,SPOT,WS,147.14,29,2023,0
6563,2023-06-02,2023-06-02,TC5,SPOT,WS,145.83,29,2023,0
6562,2023-06-05,2023-06-05,TC5,SPOT,WS,141.43,29,2023,0
6561,2023-06-06,2023-06-06,TC5,SPOT,WS,137.86,29,2023,0
6560,2023-06-07,2023-06-07,TC5,SPOT,WS,129.29,29,2023,0
6559,2023-06-08,2023-06-08,TC5,SPOT,WS,128.57,29,2023,0
6558,2023-06-09,2023-06-09,TC5,SPOT,WS,127.14,29,2023,0
6557,2023-06-12,2023-06-12,TC5,SPOT,WS,130.71,29,2023,0
6556,2023-06-13,2023-06-13,TC5,SPOT,WS,135.0,29,2023,0
6555,2023-06-14,2023-06-14,TC5,SPOT,WS,133.57,29,2023,0
6554,2023-06-15,2023-06-15,TC5,SPOT,WS,139.64,29,2023,0
6553,2023-06-16,2023-06-16,TC5,SPOT,WS,142.5,29,2023,0
6552,2023-06-19,2023-06-19,TC5,SPOT,WS,141.43,29,2023,0
6551,2023-06-20,2023-06-20,TC5,SPOT,WS,149.64,29,2023,0
6550,2023-06-21,2023-06-21,TC5,SPOT,WS,154.64,29,2023,0
6549,2023-06-22,2023-06-22,TC5,SPOT,WS,154.29,29,2023,0
6548,2023-06-23,2023-06-23,TC5,SPOT,WS,154.29,29,2023,0
6547,2023-06-26,2023-06-26,TC5,SPOT,WS,155.0,29,2023,0
6546,2023-06-27,2023-06-27,TC5,SPOT,WS,153.13,29,2023,0
6545,2023-06-28,2023-06-28,TC5,SPOT,WS,150.0,29,2023,0
6544,2023-06-29,2023-06-29,TC5,SPOT,WS,149.06,29,2023,0
6543,2023-06-30,2023-06-30,TC5,SPOT,WS,145.0,29,2023,0
6542,2023-07-03,2023-07-03,TC5,SPOT,WS,141.88,30,2023,0
6541,2023-07-04,2023-07-04,TC5,SPOT,WS,130.63,30,2023,0
6540,2023-07-05,2023-07-05,TC5,SPOT,WS,122.19,30,2023,0
6539,2023-07-06,2023-07-06,TC5,SPOT,WS,121.88,30,2023,0
6538,2023-07-07,2023-07-07,TC5,SPOT,WS,123.13,30,2023,0
6537,2023-07-10,2023-07-10,TC5,SPOT,WS,123.13,30,2023,0
6536,2023-07-11,2023-07-11,TC5,SPOT,WS,123.13,30,2023,0
6535,2023-07-12,2023-07-12,TC5,SPOT,WS,122.19,30,2023,0
6534,2023-07-13,2023-07-13,TC5,SPOT,WS,113.44,30,2023,0
6533,2023-07-14,2023-07-14,TC5,SPOT,WS,111.25,30,2023,0
6532,2023-07-17,2023-07-17,TC5,SPOT,WS,106.88,30,2023,0
6531,2023-07-18,2023-07-18,TC5,SPOT,WS,105.0,30,2023,0
6530,2023-07-19,2023-07-19,TC5,SPOT,WS,101.25,30,2023,0
6529,2023-07-20,2023-07-20,TC5,SPOT,WS,101.25,30,2023,0
6528,2023-07-21,2023-07-21,TC5,SPOT,WS,101.56,30,2023,0
6527,2023-07-24,2023-07-24,TC5,SPOT,WS,103.75,30,2023,0
6526,2023-07-25,2023-07-25,TC5,SPOT,WS,107.5,30,2023,0
6525,2023-07-26,2023-07-26,TC5,SPOT,WS,127.5,30,2023,0
6524,2023-07-27,2023-07-27,TC5,SPOT,WS,138.75,30,2023,0
6523,2023-07-28,2023-07-28,TC5,SPOT,WS,156.25,30,2023,0
6522,2023-07-31,2023-07-31,TC5,SPOT,WS,164.38,30,2023,0
6521,2023-08-01,2023-08-01,TC5,SPOT,WS,174.69,30,2023,0
6520,2023-08-02,2023-08-02,TC5,SPOT,WS,175.31,30,2023,0
6519,2023-08-03,2023-08-03,TC5,SPOT,WS,176.88,30,2023,0
6518,2023-08-04,2023-08-04,TC5,SPOT,WS,172.81,30,2023,0
6517,2023-08-07,2023-08-07,TC5,SPOT,WS,160.0,30,2023,0
6516,2023-08-08,2023-08-08,TC5,SPOT,WS,154.38,30,2023,0
6515,2023-08-09,2023-08-09,TC5,SPOT,WS,148.93,30,2023,0
6514,2023-08-10,2023-08-10,TC5,SPOT,WS,145.0,30,2023,0
6513,2023-08-11,2023-08-11,TC5,SPOT,WS,138.13,30,2023,0
6512,2023-08-14,2023-08-14,TC5,SPOT,WS,136.25,30,2023,0
6511,2023-08-15,2023-08-15,TC5,SPOT,WS,150.63,30,2023,0
6510,2023-08-16,2023-08-16,TC5,SPOT,WS,150.63,30,2023,0
6509,2023-08-17,2023-08-17,TC5,SPOT,WS,151.56,30,2023,0
6508,2023-08-18,2023-08-18,TC5,SPOT,WS,151.88,30,2023,0
6507,2023-08-21,2023-08-21,TC5,SPOT,WS,154.69,30,2023,0
6506,2023-08-22,2023-08-22,TC5,SPOT,WS,157.44,30,2023,0
6505,2023-08-23,2023-08-23,TC5,SPOT,WS,154.0,30,2023,0
6504,2023-08-24,2023-08-24,TC5,SPOT,WS,144.06,30,2023,0
6503,2023-08-25,2023-08-25,TC5,SPOT,WS,141.25,30,2023,0
6502,2023-08-29,2023-08-29,TC5,SPOT,WS,146.56,30,2023,0
6501,2023-08-30,2023-08-30,TC5,SPOT,WS,147.81,30,2023,0
6500,2023-08-31,2023-08-31,TC5,SPOT,WS,145.0,30,2023,0
6499,2023-09-01,2023-09-01,TC5,SPOT,WS,146.07,29,2023,0
6498,2023-09-04,2023-09-04,TC5,SPOT,WS,145.0,29,2023,0
6497,2023-09-05,2023-09-05,TC5,SPOT,WS,143.44,29,2023,0
6496,2023-09-06,2023-09-06,TC5,SPOT,WS,144.38,29,2023,0
6495,2023-09-07,2023-09-07,TC5,SPOT,WS,145.0,29,2023,0
6494,2023-09-08,2023-09-08,TC5,SPOT,WS,145.63,29,2023,0
6493,2023-09-11,2023-09-11,TC5,SPOT,WS,145.94,29,2023,0
6492,2023-09-12,2023-09-12,TC5,SPOT,WS,156.56,29,2023,0
6491,2023-09-13,2023-09-13,TC5,SPOT,WS,164.69,29,2023,0
6490,2023-09-14,2023-09-14,TC5,SPOT,WS,169.69,29,2023,0
6489,2023-09-15,2023-09-15,TC5,SPOT,WS,169.38,29,2023,0
6488,2023-09-18,2023-09-18,TC5,SPOT,WS,166.25,29,2023,0
6487,2023-09-19,2023-09-19,TC5,SPOT,WS,163.44,29,2023,0
6486,2023-09-20,2023-09-20,TC5,SPOT,WS,162.81,29,2023,0
6485,2023-09-21,2023-09-21,TC5,SPOT,WS,162.19,29,2023,0
6484,2023-09-22,2023-09-22,TC5,SPOT,WS,160.31,29,2023,0
6483,2023-09-25,2023-09-25,TC5,SPOT,WS,158.13,29,2023,0
6482,2023-09-26,2023-09-26,TC5,SPOT,WS,154.38,29,2023,0
6481,2023-09-27,2023-09-27,TC5,SPOT,WS,155.0,29,2023,0
6480,2023-09-28,2023-09-28,TC5,SPOT,WS,155.63,29,2023,0
6479,2023-09-29,2023-09-29,TC5,SPOT,WS,154.69,29,2023,0
6478,2023-10-02,2023-10-02,TC5,SPOT,WS,154.06,30,2023,0
6477,2023-10-03,2023-10-03,TC5,SPOT,WS,155.0,30,2023,0
6476,2023-10-04,2023-10-04,TC5,SPOT,WS,155.63,30,2023,0
6475,2023-10-05,2023-10-05,TC5,SPOT,WS,156.25,30,2023,0
6474,2023-10-06,2023-10-06,TC5,SPOT,WS,156.25,30,2023,0
6473,2023-10-09,2023-10-09,TC5,SPOT,WS,155.31,30,2023,0
6472,2023-10-10,2023-10-10,TC5,SPOT,WS,155.94,30,2023,0
6471,2023-10-11,2023-10-11,TC5,SPOT,WS,165.63,30,2023,0
6470,2023-10-12,2023-10-12,TC5,SPOT,WS,169.06,30,2023,0
6469,2023-10-13,2023-10-13,TC5,SPOT,WS,171.56,30,2023,0
6468,2023-10-16,2023-10-16,TC5,SPOT,WS,171.56,30,2023,0
6467,2023-10-17,2023-10-17,TC5,SPOT,WS,171.88,30,2023,0
6466,2023-10-18,2023-10-18,TC5,SPOT,WS,174.38,30,2023,0
6465,2023-10-19,2023-10-19,TC5,SPOT,WS,176.25,30,2023,0
6464,2023-10-20,2023-10-20,TC5,SPOT,WS,175.63,30,2023,0
6463,2023-10-23,2023-10-23,TC5,SPOT,WS,173.13,30,2023,0
6462,2023-10-24,2023-10-24,TC5,SPOT,WS,170.94,30,2023,0
6461,2023-10-25,2023-10-25,TC5,SPOT,WS,170.63,30,2023,0
6460,2023-10-26,2023-10-26,TC5,SPOT,WS,170.0,30,2023,0
6459,2023-10-27,2023-10-27,TC5,SPOT,WS,167.5,30,2023,0
6458,2023-10-30,2023-10-30,TC5,SPOT,WS,165.0,30,2023,0
6457,2023-10-31,2023-10-31,TC5,SPOT,WS,158.13,30,2023,0
6456,2023-11-01,2023-11-01,TC5,SPOT,WS,155.63,29,2023,0
6455,2023-11-02,2023-11-02,TC5,SPOT,WS,154.69,29,2023,0
6454,2023-11-03,2023-11-03,TC5,SPOT,WS,153.75,29,2023,0
6453,2023-11-06,2023-11-06,TC5,SPOT,WS,153.75,29,2023,0
6452,2023-11-07,2023-11-07,TC5,SPOT,WS,150.94,29,2023,0
6451,2023-11-08,2023-11-08,TC5,SPOT,WS,146.25,29,2023,0
6450,2023-11-09,2023-11-09,TC5,SPOT,WS,141.88,29,2023,0
6449,2023-11-10,2023-11-10,TC5,SPOT,WS,140.31,29,2023,0
6448,2023-11-13,2023-11-13,TC5,SPOT,WS,136.25,29,2023,0
6447,2023-11-14,2023-11-14,TC5,SPOT,WS,132.5,29,2023,0
6446,2023-11-15,2023-11-15,TC5,SPOT,WS,134.38,29,2023,0
6445,2023-11-16,2023-11-16,TC5,SPOT,WS,132.5,29,2023,0
6444,2023-11-17,2023-11-17,TC5,SPOT,WS,132.81,29,2023,0
6443,2023-11-20,2023-11-20,TC5,SPOT,WS,132.5,29,2023,0
6442,2023-11-21,2023-11-21,TC5,SPOT,WS,131.88,29,2023,0
6441,2023-11-22,2023-11-22,TC5,SPOT,WS,131.88,29,2023,0
6440,2023-11-23,2023-11-23,TC5,SPOT,WS,126.25,29,2023,0
6439,2023-11-24,2023-11-24,TC5,SPOT,WS,122.5,29,2023,0
6438,2023-11-27,2023-11-27,TC5,SPOT,WS,124.38,29,2023,0
6437,2023-11-28,2023-11-28,TC5,SPOT,WS,121.25,29,2023,0
6436,2023-11-29,2023-11-29,TC5,SPOT,WS,120.94,29,2023,0
6435,2023-11-30,2023-11-30,TC5,SPOT,WS,119.38,29,2023,0
6434,2023-12-01,2023-12-01,TC5,SPOT,WS,118.44,30,2023,0
6433,2023-12-04,2023-12-04,TC5,SPOT,WS,118.75,30,2023,0
6432,2023-12-05,2023-12-05,TC5,SPOT,WS,123.13,30,2023,0
6431,2023-12-06,2023-12-06,TC5,SPOT,WS,126.56,30,2023,0
6430,2023-12-07,2023-12-07,TC5,SPOT,WS,130.31,30,2023,0
6429,2023-12-08,2023-12-08,TC5,SPOT,WS,130.31,30,2023,0
6428,2023-12-11,2023-12-11,TC5,SPOT,WS,130.0,30,2023,0
6427,2023-12-12,2023-12-12,TC5,SPOT,WS,142.5,30,2023,0
6426,2023-12-13,2023-12-13,TC5,SPOT,WS,145.0,30,2023,0
6425,2023-12-14,2023-12-14,TC5,SPOT,WS,151.88,30,2023,0
6424,2023-12-15,2023-12-15,TC5,SPOT,WS,161.25,30,2023,0
6423,2023-12-18,2023-12-18,TC5,SPOT,WS,174.38,30,2023,0
6422,2023-12-19,2023-12-19,TC5,SPOT,WS,181.88,30,2023,0
6421,2023-12-20,2023-12-20,TC5,SPOT,WS,193.44,30,2023,0
6420,2023-12-21,2023-12-21,TC5,SPOT,WS,198.75,30,2023,0
6419,2023-12-22,2023-12-22,TC5,SPOT,WS,199.3800000000001,30,2023,0
6418,2024-01-02,2024-01-02,TC5,SPOT,WS,203.44,30,2024,0
6417,2024-01-03,2024-01-03,TC5,SPOT,WS,196.5000000000001,30,2024,0
6416,2024-01-04,2024-01-04,TC5,SPOT,WS,190.44,30,2024,0
6415,2024-01-05,2024-01-05,TC5,SPOT,WS,185.44,30,2024,0
6414,2024-01-08,2024-01-08,TC5,SPOT,WS,184.94,30,2024,0
6413,2024-01-09,2024-01-09,TC5,SPOT,WS,186.0000000000001,30,2024,0
6412,2024-01-10,2024-01-10,TC5,SPOT,WS,185.4100000000001,30,2024,0
6411,2024-01-11,2024-01-11,TC5,SPOT,WS,188.44,30,2024,0
6410,2024-01-12,2024-01-12,TC5,SPOT,WS,191.56,30,2024,0
6409,2024-01-15,2024-01-15,TC5,SPOT,WS,194.69,30,2024,0
6408,2024-01-16,2024-01-16,TC5,SPOT,WS,196.88,30,2024,0
6407,2024-01-17,2024-01-17,TC5,SPOT,WS,209.38,30,2024,0
6406,2024-01-18,2024-01-18,TC5,SPOT,WS,254.38,30,2024,0
6405,2024-01-19,2024-01-19,TC5,SPOT,WS,265.6300000000001,30,2024,0
6404,2024-01-22,2024-01-22,TC5,SPOT,WS,281.8800000000001,30,2024,0
6403,2024-01-23,2024-01-23,TC5,SPOT,WS,316.25,30,2024,0
6402,2024-01-24,2024-01-24,TC5,SPOT,WS,370.0000000000001,30,2024,0
6401,2024-01-25,2024-01-25,TC5,SPOT,WS,379.38,30,2024,0
6400,2024-01-26,2024-01-26,TC5,SPOT,WS,377.8100000000001,30,2024,0
6399,2024-01-29,2024-01-29,TC5,SPOT,WS,373.13,30,2024,0
6398,2024-01-30,2024-01-30,TC5,SPOT,WS,366.88,30,2024,0
6397,2024-01-31,2024-01-31,TC5,SPOT,WS,361.25,30,2024,0
6396,2024-02-01,2024-02-01,TC5,SPOT,WS,356.1300000000001,28,2024,0
6395,2024-02-02,2024-02-02,TC5,SPOT,WS,349.38,28,2024,0
6394,2024-02-05,2024-02-05,TC5,SPOT,WS,346.25,28,2024,0
6393,2024-02-06,2024-02-06,TC5,SPOT,WS,318.4400000000001,28,2024,0
6392,2024-02-07,2024-02-07,TC5,SPOT,WS,304.44,28,2024,0
6391,2024-02-08,2024-02-08,TC5,SPOT,WS,295.6300000000001,28,2024,0
6390,2024-02-09,2024-02-09,TC5,SPOT,WS,293.13,28,2024,0
6389,2024-02-12,2024-02-12,TC5,SPOT,WS,285.25,28,2024,0
6388,2024-02-13,2024-02-13,TC5,SPOT,WS,264.3800000000001,28,2024,0
6387,2024-02-14,2024-02-14,TC5,SPOT,WS,250.0,28,2024,0
6386,2024-02-15,2024-02-15,TC5,SPOT,WS,246.25,28,2024,0
6385,2024-02-16,2024-02-16,TC5,SPOT,WS,243.13,28,2024,0
6384,2024-02-19,2024-02-19,TC5,SPOT,WS,236.25,28,2024,0
6383,2024-02-20,2024-02-20,TC5,SPOT,WS,221.25,28,2024,0
6382,2024-02-21,2024-02-21,TC5,SPOT,WS,213.13,28,2024,0
6381,2024-02-22,2024-02-22,TC5,SPOT,WS,208.1300000000001,28,2024,0
6380,2024-02-23,2024-02-23,TC5,SPOT,WS,208.75,28,2024,0
6379,2024-02-26,2024-02-26,TC5,SPOT,WS,186.88,28,2024,0
6378,2024-02-27,2024-02-27,TC5,SPOT,WS,180.63,28,2024,0
6377,2024-02-28,2024-02-28,TC5,SPOT,WS,177.5,28,2024,0
6376,2024-02-29,2024-02-29,TC5,SPOT,WS,174.38,28,2024,0
6375,2024-03-01,2024-03-01,TC5,SPOT,WS,171.88,30,2024,0
6374,2024-03-04,2024-03-04,TC5,SPOT,WS,167.81,30,2024,0
6373,2024-03-05,2024-03-05,TC5,SPOT,WS,166.88,30,2024,0
6372,2024-03-06,2024-03-06,TC5,SPOT,WS,169.69,30,2024,0
6371,2024-03-07,2024-03-07,TC5,SPOT,WS,173.38,30,2024,0
6370,2024-03-08,2024-03-08,TC5,SPOT,WS,177.81,30,2024,0
6369,2024-03-11,2024-03-11,TC5,SPOT,WS,181.25,30,2024,0
6368,2024-03-12,2024-03-12,TC5,SPOT,WS,216.25,30,2024,0
6367,2024-03-13,2024-03-13,TC5,SPOT,WS,263.7500000000001,30,2024,0
6366,2024-03-14,2024-03-14,TC5,SPOT,WS,283.13,30,2024,0
6365,2024-03-15,2024-03-15,TC5,SPOT,WS,285.63,30,2024,0
6364,2024-03-18,2024-03-18,TC5,SPOT,WS,307.5000000000001,30,2024,0
6363,2024-03-19,2024-03-19,TC5,SPOT,WS,317.8100000000001,30,2024,0
6362,2024-03-20,2024-03-20,TC5,SPOT,WS,318.4400000000001,30,2024,0
6361,2024-03-21,2024-03-21,TC5,SPOT,WS,311.88,30,2024,0
6360,2024-03-22,2024-03-22,TC5,SPOT,WS,308.7500000000001,30,2024,0
6359,2024-03-25,2024-03-25,TC5,SPOT,WS,297.5000000000001,30,2024,0
6358,2024-03-26,2024-03-26,TC5,SPOT,WS,291.88,30,2024,0
6357,2024-03-27,2024-03-27,TC5,SPOT,WS,278.13,30,2024,0
6356,2024-03-28,2024-03-28,TC5,SPOT,WS,269.38,30,2024,0
6355,2024-04-02,2024-04-02,TC5,SPOT,WS,258.1300000000001,29,2024,0
6354,2024-04-03,2024-04-03,TC5,SPOT,WS,246.88,29,2024,0
6353,2024-04-04,2024-04-04,TC5,SPOT,WS,232.5000000000001,29,2024,0
6352,2024-04-05,2024-04-05,TC5,SPOT,WS,224.38,29,2024,0
6351,2024-04-08,2024-04-08,TC5,SPOT,WS,209.38,29,2024,0
6350,2024-04-09,2024-04-09,TC5,SPOT,WS,199.38,29,2024,0
6349,2024-04-10,2024-04-10,TC5,SPOT,WS,191.88,29,2024,0
6348,2024-04-11,2024-04-11,TC5,SPOT,WS,188.75,29,2024,0
6347,2024-04-12,2024-04-12,TC5,SPOT,WS,193.44,29,2024,0
6346,2024-04-15,2024-04-15,TC5,SPOT,WS,200.31,29,2024,0
6345,2024-04-16,2024-04-16,TC5,SPOT,WS,214.3800000000001,29,2024,0
6344,2024-04-17,2024-04-17,TC5,SPOT,WS,228.75,29,2024,0
6343,2024-04-18,2024-04-18,TC5,SPOT,WS,230.94,29,2024,0
6342,2024-04-19,2024-04-19,TC5,SPOT,WS,233.1300000000001,29,2024,0
6341,2024-04-22,2024-04-22,TC5,SPOT,WS,234.69,29,2024,0
6340,2024-04-23,2024-04-23,TC5,SPOT,WS,236.25,29,2024,0
6339,2024-04-24,2024-04-24,TC5,SPOT,WS,238.13,29,2024,0
6338,2024-04-25,2024-04-25,TC5,SPOT,WS,238.13,29,2024,0
6337,2024-04-26,2024-04-26,TC5,SPOT,WS,238.7500000000001,29,2024,0
6336,2024-04-29,2024-04-29,TC5,SPOT,WS,233.1300000000001,29,2024,0
6335,2024-04-30,2024-04-30,TC5,SPOT,WS,225.63,29,2024,0
6334,2024-05-01,2024-05-01,TC5,SPOT,WS,225.63,30,2024,0
6333,2024-05-02,2024-05-02,TC5,SPOT,WS,223.75,30,2024,0
6332,2024-05-03,2024-05-03,TC5,SPOT,WS,222.5000000000001,30,2024,0
6331,2024-05-07,2024-05-07,TC5,SPOT,WS,218.7500000000001,30,2024,0
6330,2024-05-08,2024-05-08,TC5,SPOT,WS,226.2500000000001,30,2024,0
6329,2024-05-09,2024-05-09,TC5,SPOT,WS,230.63,30,2024,0
6328,2024-05-10,2024-05-10,TC5,SPOT,WS,233.44,30,2024,0
6327,2024-05-13,2024-05-13,TC5,SPOT,WS,233.1300000000001,30,2024,0
6326,2024-05-14,2024-05-14,TC5,SPOT,WS,233.75,30,2024,0
6325,2024-05-15,2024-05-15,TC5,SPOT,WS,264.3800000000001,30,2024,0
6324,2024-05-16,2024-05-16,TC5,SPOT,WS,268.7500000000001,30,2024,0
6323,2024-05-17,2024-05-17,TC5,SPOT,WS,273.1300000000001,30,2024,0
6322,2024-05-20,2024-05-20,TC5,SPOT,WS,273.1300000000001,30,2024,0
6321,2024-05-21,2024-05-21,TC5,SPOT,WS,276.2500000000001,30,2024,0
6320,2024-05-22,2024-05-22,TC5,SPOT,WS,276.4300000000001,30,2024,0
6319,2024-05-23,2024-05-23,TC5,SPOT,WS,293.13,30,2024,0
6318,2024-05-24,2024-05-24,TC5,SPOT,WS,293.75,30,2024,0
6317,2024-05-28,2024-05-28,TC5,SPOT,WS,284.38,30,2024,0
6316,2024-05-29,2024-05-29,TC5,SPOT,WS,277.19,30,2024,0
6315,2024-05-30,2024-05-30,TC5,SPOT,WS,265.0,30,2024,0
6314,2024-05-31,2024-05-31,TC5,SPOT,WS,251.8800000000001,30,2024,0
6313,2024-06-03,2024-06-03,TC5,SPOT,WS,253.13,29,2024,0
6312,2024-06-04,2024-06-04,TC5,SPOT,WS,250.0,29,2024,0
6311,2024-06-05,2024-06-05,TC5,SPOT,WS,243.44,29,2024,0
6310,2024-06-06,2024-06-06,TC5,SPOT,WS,244.69,29,2024,0
6309,2024-06-07,2024-06-07,TC5,SPOT,WS,240.94,29,2024,0
6308,2024-06-10,2024-06-10,TC5,SPOT,WS,236.25,29,2024,0
6307,2024-06-11,2024-06-11,TC5,SPOT,WS,228.75,29,2024,0
6306,2024-06-12,2024-06-12,TC5,SPOT,WS,226.8800000000001,29,2024,0
6305,2024-06-13,2024-06-13,TC5,SPOT,WS,229.38,29,2024,0
6304,2024-06-14,2024-06-14,TC5,SPOT,WS,235.6300000000001,29,2024,0
6303,2024-06-17,2024-06-17,TC5,SPOT,WS,238.13,29,2024,0
6302,2024-06-18,2024-06-18,TC5,SPOT,WS,239.3800000000001,29,2024,0
6301,2024-06-19,2024-06-19,TC5,SPOT,WS,240.0,29,2024,0
6300,2024-06-20,2024-06-20,TC5,SPOT,WS,240.0,29,2024,0
6299,2024-06-21,2024-06-21,TC5,SPOT,WS,239.3800000000001,29,2024,0
6298,2024-06-24,2024-06-24,TC5,SPOT,WS,235.31,29,2024,0
6297,2024-06-25,2024-06-25,TC5,SPOT,WS,234.06,29,2024,0
6296,2024-06-26,2024-06-26,TC5,SPOT,WS,234.69,29,2024,0
6295,2024-06-27,2024-06-27,TC5,SPOT,WS,231.88,29,2024,0
6294,2024-06-28,2024-06-28,TC5,SPOT,WS,231.88,29,2024,0
6293,2024-07-01,2024-07-01,TC5,SPOT,WS,229.06,30,2024,0
6292,2024-07-02,2024-07-02,TC5,SPOT,WS,230.0,30,2024,0
6291,2024-07-03,2024-07-03,TC5,SPOT,WS,229.06,30,2024,0
6290,2024-07-04,2024-07-04,TC5,SPOT,WS,227.19,30,2024,0
6289,2024-07-05,2024-07-05,TC5,SPOT,WS,224.38,30,2024,0
6288,2024-07-08,2024-07-08,TC5,SPOT,WS,224.69,30,2024,0
6287,2024-07-09,2024-07-09,TC5,SPOT,WS,220.31,30,2024,0
6286,2024-07-10,2024-07-10,TC5,SPOT,WS,218.7500000000001,30,2024,0
6285,2024-07-11,2024-07-11,TC5,SPOT,WS,215.94,30,2024,0
6284,2024-07-12,2024-07-12,TC5,SPOT,WS,215.94,30,2024,0
6283,2024-07-15,2024-07-15,TC5,SPOT,WS,214.69,30,2024,0
6282,2024-07-16,2024-07-16,TC5,SPOT,WS,201.8800000000001,30,2024,0
6281,2024-07-17,2024-07-17,TC5,SPOT,WS,197.81,30,2024,0
6280,2024-07-18,2024-07-18,TC5,SPOT,WS,188.75,30,2024,0
6279,2024-07-19,2024-07-19,TC5,SPOT,WS,176.88,30,2024,0
6278,2024-07-22,2024-07-22,TC5,SPOT,WS,172.5000000000001,30,2024,0
6277,2024-07-23,2024-07-23,TC5,SPOT,WS,167.5,30,2024,0
6276,2024-07-24,2024-07-24,TC5,SPOT,WS,157.19,30,2024,0
6275,2024-07-25,2024-07-25,TC5,SPOT,WS,156.25,30,2024,0
6274,2024-07-26,2024-07-26,TC5,SPOT,WS,156.88,30,2024,0
6273,2024-07-29,2024-07-29,TC5,SPOT,WS,156.25,30,2024,0
6272,2024-07-30,2024-07-30,TC5,SPOT,WS,155.63,30,2024,0
6271,2024-07-31,2024-07-31,TC5,SPOT,WS,156.56,30,2024,0
6270,2024-08-01,2024-08-01,TC5,SPOT,WS,155.31,30,2024,0
6269,2024-08-02,2024-08-02,TC5,SPOT,WS,155.31,30,2024,0
6268,2024-08-05,2024-08-05,TC5,SPOT,WS,155.31,30,2024,0
6267,2024-08-06,2024-08-06,TC5,SPOT,WS,150.0,30,2024,0
6266,2024-08-07,2024-08-07,TC5,SPOT,WS,142.5,30,2024,0
6265,2024-08-08,2024-08-08,TC5,SPOT,WS,138.13,30,2024,0
6264,2024-08-09,2024-08-09,TC5,SPOT,WS,133.93,30,2024,0
6263,2024-08-12,2024-08-12,TC5,SPOT,WS,134.69,30,2024,0
6262,2024-08-13,2024-08-13,TC5,SPOT,WS,128.44,30,2024,0
6261,2024-08-14,2024-08-14,TC5,SPOT,WS,125.63,30,2024,0
6260,2024-08-15,2024-08-15,TC5,SPOT,WS,124.38,30,2024,0
6259,2024-08-16,2024-08-16,TC5,SPOT,WS,124.38,30,2024,0
6258,2024-08-19,2024-08-19,TC5,SPOT,WS,122.5,30,2024,0
6257,2024-08-20,2024-08-20,TC5,SPOT,WS,124.5,30,2024,0
6256,2024-08-21,2024-08-21,TC5,SPOT,WS,124.5,30,2024,0
6255,2024-08-22,2024-08-22,TC5,SPOT,WS,126.19,30,2024,0
6254,2024-08-23,2024-08-23,TC5,SPOT,WS,138.75,30,2024,0
6253,2024-08-27,2024-08-27,TC5,SPOT,WS,141.88,30,2024,0
6252,2024-08-28,2024-08-28,TC5,SPOT,WS,141.88,30,2024,0
6251,2024-08-29,2024-08-29,TC5,SPOT,WS,138.75,30,2024,0
6250,2024-08-30,2024-08-30,TC5,SPOT,WS,137.81,30,2024,0
6249,2024-09-02,2024-09-02,TC5,SPOT,WS,138.75,29,2024,0
6248,2024-09-03,2024-09-03,TC5,SPOT,WS,136.88,29,2024,0
6247,2024-09-04,2024-09-04,TC5,SPOT,WS,139.38,29,2024,0
6246,2024-09-05,2024-09-05,TC5,SPOT,WS,140.63,29,2024,0
6245,2024-09-06,2024-09-06,TC5,SPOT,WS,140.63,29,2024,0
6244,2024-09-09,2024-09-09,TC5,SPOT,WS,141.88,29,2024,0
6243,2024-09-10,2024-09-10,TC5,SPOT,WS,144.06,29,2024,0
6242,2024-09-11,2024-09-11,TC5,SPOT,WS,148.44,29,2024,0
6241,2024-09-12,2024-09-12,TC5,SPOT,WS,149.06,29,2024,0
6240,2024-09-13,2024-09-13,TC5,SPOT,WS,155.63,29,2024,0
6239,2024-09-16,2024-09-16,TC5,SPOT,WS,158.13,29,2024,0
6238,2024-09-17,2024-09-17,TC5,SPOT,WS,159.38,29,2024,0
6237,2024-09-18,2024-09-18,TC5,SPOT,WS,161.88,29,2024,0
6236,2024-09-19,2024-09-19,TC5,SPOT,WS,162.5,29,2024,0
6235,2024-09-20,2024-09-20,TC5,SPOT,WS,162.5,29,2024,0
6234,2024-09-23,2024-09-23,TC5,SPOT,WS,163.44,29,2024,0
6233,2024-09-24,2024-09-24,TC5,SPOT,WS,167.81,29,2024,0
6232,2024-09-25,2024-09-25,TC5,SPOT,WS,170.0,29,2024,0
6231,2024-09-26,2024-09-26,TC5,SPOT,WS,170.0,29,2024,0
6230,2024-09-27,2024-09-27,TC5,SPOT,WS,170.0,29,2024,0
6229,2024-09-30,2024-09-30,TC5,SPOT,WS,166.88,29,2024,0
6228,2024-10-01,2024-10-01,TC5,SPOT,WS,160.94,30,2024,0
6227,2024-10-02,2024-10-02,TC5,SPOT,WS,154.06,30,2024,0
6226,2024-10-03,2024-10-03,TC5,SPOT,WS,146.56,30,2024,0
6225,2024-10-04,2024-10-04,TC5,SPOT,WS,135.94,30,2024,0
6224,2024-10-07,2024-10-07,TC5,SPOT,WS,125.63,30,2024,0
6223,2024-10-08,2024-10-08,TC5,SPOT,WS,125.0,30,2024,0
6222,2024-10-09,2024-10-09,TC5,SPOT,WS,125.0,30,2024,0
6221,2024-10-10,2024-10-10,TC5,SPOT,WS,125.0,30,2024,0
6220,2024-10-11,2024-10-11,TC5,SPOT,WS,125.63,30,2024,0
6219,2024-10-14,2024-10-14,TC5,SPOT,WS,124.38,30,2024,0
6218,2024-10-15,2024-10-15,TC5,SPOT,WS,127.5,30,2024,0
6217,2024-10-16,2024-10-16,TC5,SPOT,WS,129.38,30,2024,0
6216,2024-10-17,2024-10-17,TC5,SPOT,WS,136.88,30,2024,0
6215,2024-10-18,2024-10-18,TC5,SPOT,WS,138.13,30,2024,0
6214,2024-10-21,2024-10-21,TC5,SPOT,WS,137.19,30,2024,0
6213,2024-10-22,2024-10-22,TC5,SPOT,WS,134.38,30,2024,0
6212,2024-10-23,2024-10-23,TC5,SPOT,WS,129.38,30,2024,0
6211,2024-10-24,2024-10-24,TC5,SPOT,WS,128.13,30,2024,0
6210,2024-10-25,2024-10-25,TC5,SPOT,WS,127.5,30,2024,0
6209,2024-10-28,2024-10-28,TC5,SPOT,WS,123.13,30,2024,0
6208,2024-10-29,2024-10-29,TC5,SPOT,WS,122.5,30,2024,0
6207,2024-10-30,2024-10-30,TC5,SPOT,WS,123.44,30,2024,0
6206,2024-10-31,2024-10-31,TC5,SPOT,WS,121.79,30,2024,0
6205,2024-11-01,2024-11-01,TC5,SPOT,WS,121.56,29,2024,0
6204,2024-11-04,2024-11-04,TC5,SPOT,WS,119.38,29,2024,0
6203,2024-11-05,2024-11-05,TC5,SPOT,WS,115.31,29,2024,0
6202,2024-11-06,2024-11-06,TC5,SPOT,WS,105.63,29,2024,0
6201,2024-11-07,2024-11-07,TC5,SPOT,WS,105.0,29,2024,0
6200,2024-11-08,2024-11-08,TC5,SPOT,WS,103.75,29,2024,0
6199,2024-11-11,2024-11-11,TC5,SPOT,WS,101.88,29,2024,0
6198,2024-11-12,2024-11-12,TC5,SPOT,WS,100.63,29,2024,0
6197,2024-11-13,2024-11-13,TC5,SPOT,WS,103.13,29,2024,0
6196,2024-11-14,2024-11-14,TC5,SPOT,WS,106.25,29,2024,0
6195,2024-11-15,2024-11-15,TC5,SPOT,WS,105.31,29,2024,0
6194,2024-11-18,2024-11-18,TC5,SPOT,WS,105.63,29,2024,0
6193,2024-11-19,2024-11-19,TC5,SPOT,WS,106.56,29,2024,0
6192,2024-11-20,2024-11-20,TC5,SPOT,WS,107.5,29,2024,0
6191,2024-11-21,2024-11-21,TC5,SPOT,WS,108.75,29,2024,0
6190,2024-11-22,2024-11-22,TC5,SPOT,WS,110.31,29,2024,0
6189,2024-11-25,2024-11-25,TC5,SPOT,WS,110.0,29,2024,0
6188,2024-11-26,2024-11-26,TC5,SPOT,WS,109.69,29,2024,0
6187,2024-11-27,2024-11-27,TC5,SPOT,WS,112.5,29,2024,0
6186,2024-11-28,2024-11-28,TC5,SPOT,WS,113.75,29,2024,0
6185,2024-11-29,2024-11-29,TC5,SPOT,WS,112.19,29,2024,0
6184,2024-12-02,2024-12-02,TC5,SPOT,WS,112.5,30,2024,0
6183,2024-12-03,2024-12-03,TC5,SPOT,WS,111.25,30,2024,0
6182,2024-12-04,2024-12-04,TC5,SPOT,WS,108.44,30,2024,0
6181,2024-12-05,2024-12-05,TC5,SPOT,WS,111.56,30,2024,0
6180,2024-12-06,2024-12-06,TC5,SPOT,WS,111.88,30,2024,0
6179,2024-12-09,2024-12-09,TC5,SPOT,WS,110.31,30,2024,0
6178,2024-12-10,2024-12-10,TC5,SPOT,WS,110.44,30,2024,0
6177,2024-12-11,2024-12-11,TC5,SPOT,WS,111.06,30,2024,0
6176,2024-12-12,2024-12-12,TC5,SPOT,WS,110.0,30,2024,0
6175,2024-12-13,2024-12-13,TC5,SPOT,WS,110.0,30,2024,0
6174,2024-12-16,2024-12-16,TC5,SPOT,WS,109.69,30,2024,0
6173,2024-12-17,2024-12-17,TC5,SPOT,WS,109.38,30,2024,0
6172,2024-12-18,2024-12-18,TC5,SPOT,WS,110.0,30,2024,0
6171,2024-12-19,2024-12-19,TC5,SPOT,WS,110.0,30,2024,0
6170,2024-12-20,2024-12-20,TC5,SPOT,WS,109.69,30,2024,0
6169,2024-12-23,2024-12-23,TC5,SPOT,WS,111.25,30,2024,0
6168,2024-12-24,2024-12-24,TC5,SPOT,WS,110.63,30,2024,0
6167,2025-01-02,2025-01-02,TC5,SPOT,WS,120.75,30,2025,0
6166,2025-01-03,2025-01-03,TC5,SPOT,WS,120.75,30,2025,0
6165,2025-01-06,2025-01-06,TC5,SPOT,WS,122.94,30,2025,0
6164,2025-01-07,2025-01-07,TC5,SPOT,WS,130.75,30,2025,0
6163,2025-01-08,2025-01-08,TC5,SPOT,WS,141.25,30,2025,0
6162,2025-01-09,2025-01-09,TC5,SPOT,WS,155.63,30,2025,0
6161,2025-01-10,2025-01-10,TC5,SPOT,WS,157.5,30,2025,0
6160,2025-01-13,2025-01-13,TC5,SPOT,WS,158.13,30,2025,0
6159,2025-01-14,2025-01-14,TC5,SPOT,WS,171.25,30,2025,0
6158,2025-01-15,2025-01-15,TC5,SPOT,WS,175.31,30,2025,0
6157,2025-01-16,2025-01-16,TC5,SPOT,WS,174.69,30,2025,0
6156,2025-01-17,2025-01-17,TC5,SPOT,WS,172.81,30,2025,0
6155,2025-01-20,2025-01-20,TC5,SPOT,WS,164.38,30,2025,0
6154,2025-01-21,2025-01-21,TC5,SPOT,WS,151.25,30,2025,0
6153,2025-01-22,2025-01-22,TC5,SPOT,WS,144.06,30,2025,0
6152,2025-01-23,2025-01-23,TC5,SPOT,WS,139.38,30,2025,0
6151,2025-01-24,2025-01-24,TC5,SPOT,WS,133.75,30,2025,0
6150,2025-01-27,2025-01-27,TC5,SPOT,WS,127.19,30,2025,0
6149,2025-01-28,2025-01-28,TC5,SPOT,WS,127.5,30,2025,0
6148,2025-01-29,2025-01-29,TC5,SPOT,WS,125.0,30,2025,0
6147,2025-01-30,2025-01-30,TC5,SPOT,WS,123.75,30,2025,0
6146,2025-01-31,2025-01-31,TC5,SPOT,WS,124.38,30,2025,0
6145,2025-02-03,2025-02-03,TC5,SPOT,WS,123.44,27,2025,0
6144,2025-02-04,2025-02-04,TC5,SPOT,WS,117.81,27,2025,0
6143,2025-02-05,2025-02-05,TC5,SPOT,WS,119.06,27,2025,0
6142,2025-02-06,2025-02-06,TC5,SPOT,WS,120.63,27,2025,0
6141,2025-02-07,2025-02-07,TC5,SPOT,WS,120.94,27,2025,0
6140,2025-02-10,2025-02-10,TC5,SPOT,WS,120.94,27,2025,0
6139,2025-02-11,2025-02-11,TC5,SPOT,WS,123.44,27,2025,0
6138,2025-02-12,2025-02-12,TC5,SPOT,WS,128.13,27,2025,0
6137,2025-02-13,2025-02-13,TC5,SPOT,WS,129.69,27,2025,0
6136,2025-02-14,2025-02-14,TC5,SPOT,WS,129.69,27,2025,0
6135,2025-02-17,2025-02-17,TC5,SPOT,WS,132.5,27,2025,0
6134,2025-02-18,2025-02-18,TC5,SPOT,WS,135.63,27,2025,0
6133,2025-02-19,2025-02-19,TC5,SPOT,WS,135.94,27,2025,0
6132,2025-02-20,2025-02-20,TC5,SPOT,WS,137.19,27,2025,0
6131,2025-02-21,2025-02-21,TC5,SPOT,WS,137.81,27,2025,0
6130,2025-02-24,2025-02-24,TC5,SPOT,WS,138.44,27,2025,0
6129,2025-02-25,2025-02-25,TC5,SPOT,WS,140.0,27,2025,0
6128,2025-02-26,2025-02-26,TC5,SPOT,WS,140.94,27,2025,0
6127,2025-02-27,2025-02-27,TC5,SPOT,WS,140.0,27,2025,0
6126,2025-02-28,2025-02-28,TC5,SPOT,WS,138.44,27,2025,0
6125,2025-03-03,2025-03-03,TC5,SPOT,WS,137.19,30,2025,0
6124,2025-03-04,2025-03-04,TC5,SPOT,WS,136.88,30,2025,0
6123,2025-03-05,2025-03-05,TC5,SPOT,WS,136.88,30,2025,0
6122,2025-03-06,2025-03-06,TC5,SPOT,WS,134.69,30,2025,0
6121,2025-03-07,2025-03-07,TC5,SPOT,WS,136.56,30,2025,0
6120,2025-03-10,2025-03-10,TC5,SPOT,WS,141.25,30,2025,0
6119,2025-03-11,2025-03-11,TC5,SPOT,WS,145.31,30,2025,0
6118,2025-03-12,2025-03-12,TC5,SPOT,WS,148.13,30,2025,0
6117,2025-03-13,2025-03-13,TC5,SPOT,WS,167.5,30,2025,0
6116,2025-03-14,2025-03-14,TC5,SPOT,WS,171.88,30,2025,0
6115,2025-03-17,2025-03-17,TC5,SPOT,WS,178.7500000000001,30,2025,0
6114,2025-03-18,2025-03-18,TC5,SPOT,WS,181.88,30,2025,0
6113,2025-03-19,2025-03-19,TC5,SPOT,WS,180.63,30,2025,0
6112,2025-03-20,2025-03-20,TC5,SPOT,WS,180.94,30,2025,0
6111,2025-03-21,2025-03-21,TC5,SPOT,WS,180.94,30,2025,0
6110,2025-03-24,2025-03-24,TC5,SPOT,WS,178.13,30,2025,0
6109,2025-03-25,2025-03-25,TC5,SPOT,WS,174.69,30,2025,0
6108,2025-03-26,2025-03-26,TC5,SPOT,WS,162.5,30,2025,0
6107,2025-03-27,2025-03-27,TC5,SPOT,WS,154.38,30,2025,0
6106,2025-03-28,2025-03-28,TC5,SPOT,WS,154.38,30,2025,0
6105,2025-03-31,2025-03-31,TC5,SPOT,WS,153.44,30,2025,0
6104,2025-04-01,2025-04-01,TC5,SPOT,WS,152.81,29,2025,0
6103,2025-04-02,2025-04-02,TC5,SPOT,WS,151.88,29,2025,0
6102,2025-04-03,2025-04-03,TC5,SPOT,WS,151.25,29,2025,0
6101,2025-04-04,2025-04-04,TC5,SPOT,WS,145.94,29,2025,0
6100,2025-04-07,2025-04-07,TC5,SPOT,WS,144.69,29,2025,0
6099,2025-04-08,2025-04-08,TC5,SPOT,WS,140.63,29,2025,0
6098,2025-04-09,2025-04-09,TC5,SPOT,WS,141.88,29,2025,0
6097,2025-04-10,2025-04-10,TC5,SPOT,WS,139.69,29,2025,0
6096,2025-04-11,2025-04-11,TC5,SPOT,WS,138.75,29,2025,0
6095,2025-04-14,2025-04-14,TC5,SPOT,WS,134.56,29,2025,0
6094,2025-04-15,2025-04-15,TC5,SPOT,WS,132.81,29,2025,0
6093,2025-04-16,2025-04-16,TC5,SPOT,WS,132.5,29,2025,0
6092,2025-04-17,2025-04-17,TC5,SPOT,WS,130.0,29,2025,0
6091,2025-04-22,2025-04-22,TC5,SPOT,WS,132.81,29,2025,0
6090,2025-04-23,2025-04-23,TC5,SPOT,WS,148.13,29,2025,0
6089,2025-04-24,2025-04-24,TC5,SPOT,WS,149.88,29,2025,0
6088,2025-04-25,2025-04-25,TC5,SPOT,WS,147.19,29,2025,0
6087,2025-04-28,2025-04-28,TC5,SPOT,WS,143.75,29,2025,0
6086,2025-04-29,2025-04-29,TC5,SPOT,WS,135.0,29,2025,0
6085,2025-04-30,2025-04-30,TC5,SPOT,WS,134.06,29,2025,0
6084,2025-05-01,2025-05-01,TC5,SPOT,WS,134.06,30,2025,0
6083,2025-05-02,2025-05-02,TC5,SPOT,WS,134.06,30,2025,0
6082,2025-05-06,2025-05-06,TC5,SPOT,WS,133.13,30,2025,0
6081,2025-05-07,2025-05-07,TC5,SPOT,WS,133.13,30,2025,0
6080,2025-05-08,2025-05-08,TC5,SPOT,WS,133.13,30,2025,0
6079,2025-05-09,2025-05-09,TC5,SPOT,WS,134.38,30,2025,0
6078,2025-05-12,2025-05-12,TC5,SPOT,WS,139.06,30,2025,0
6077,2025-05-13,2025-05-13,TC5,SPOT,WS,144.06,30,2025,0
6076,2025-05-14,2025-05-14,TC5,SPOT,WS,149.06,30,2025,0
6075,2025-05-15,2025-05-15,TC5,SPOT,WS,160.63,30,2025,0
6074,2025-05-16,2025-05-16,TC5,SPOT,WS,162.5,30,2025,0
6073,2025-05-19,2025-05-19,TC5,SPOT,WS,163.13,30,2025,0
6072,2025-05-20,2025-05-20,TC5,SPOT,WS,166.88,30,2025,0
6071,2025-05-21,2025-05-21,TC5,SPOT,WS,172.19,30,2025,0
6070,2025-05-22,2025-05-22,TC5,SPOT,WS,170.94,30,2025,0
6069,2025-05-23,2025-05-23,TC5,SPOT,WS,169.38,30,2025,0
6068,2025-05-27,2025-05-27,TC5,SPOT,WS,161.84,30,2025,0
6067,2025-05-28,2025-05-28,TC5,SPOT,WS,157.5,30,2025,0
6066,2025-05-29,2025-05-29,TC5,SPOT,WS,157.5,30,2025,0
6065,2025-05-30,2025-05-30,TC5,SPOT,WS,156.25,30,2025,0
6064,2025-06-02,2025-06-02,TC5,SPOT,WS,159.38,29,2025,0
6063,2025-06-03,2025-06-03,TC5,SPOT,WS,161.88,29,2025,0
6062,2025-06-04,2025-06-04,TC5,SPOT,WS,160.63,29,2025,0
6061,2025-06-05,2025-06-05,TC5,SPOT,WS,158.75,29,2025,0
6060,2025-06-06,2025-06-06,TC5,SPOT,WS,154.69,29,2025,0
6059,2025-06-09,2025-06-09,TC5,SPOT,WS,150.31,29,2025,0
6058,2025-06-10,2025-06-10,TC5,SPOT,WS,147.19,29,2025,0
6057,2025-06-11,2025-06-11,TC5,SPOT,WS,140.94,29,2025,0
6056,2025-06-12,2025-06-12,TC5,SPOT,WS,139.06,29,2025,0
6055,2025-06-13,2025-06-13,TC5,SPOT,WS,142.19,29,2025,0
6054,2025-06-16,2025-06-16,TC5,SPOT,WS,166.88,29,2025,0
6053,2025-06-17,2025-06-17,TC5,SPOT,WS,215.0,29,2025,0
6052,2025-06-18,2025-06-18,TC5,SPOT,WS,224.38,29,2025,0
6051,2025-06-19,2025-06-19,TC5,SPOT,WS,218.13,29,2025,0
6050,2025-06-20,2025-06-20,TC5,SPOT,WS,216.88,29,2025,0
6049,2025-06-23,2025-06-23,TC5,SPOT,WS,221.88,29,2025,0
6048,2025-06-24,2025-06-24,TC5,SPOT,WS,210.94,29,2025,0
6047,2025-06-25,2025-06-25,TC5,SPOT,WS,192.14,29,2025,0
6046,2025-06-26,2025-06-26,TC5,SPOT,WS,181.25,29,2025,0
6045,2025-06-27,2025-06-27,TC5,SPOT,WS,145.94,29,2025,0
6044,2025-06-30,2025-06-30,TC5,SPOT,WS,141.25,29,2025,0
6043,2025-07-01,2025-07-01,TC5,SPOT,WS,140.94,30,2025,0
6042,2025-07-02,2025-07-02,TC5,SPOT,WS,141.88,30,2025,0
6041,2025-07-03,2025-07-03,TC5,SPOT,WS,139.38,30,2025,0
6040,2025-07-04,2025-07-04,TC5,SPOT,WS,137.5,30,2025,0
6039,2025-07-07,2025-07-07,TC5,SPOT,WS,135.0,30,2025,0
6038,2025-07-08,2025-07-08,TC5,SPOT,WS,130.63,30,2025,0
6037,2025-07-09,2025-07-09,TC5,SPOT,WS,136.25,30,2025,0
6036,2025-07-10,2025-07-10,TC5,SPOT,WS,144.06,30,2025,0
6035,2025-07-11,2025-07-11,TC5,SPOT,WS,143.75,30,2025,0
6034,2025-07-14,2025-07-14,TC5,SPOT,WS,146.88,30,2025,0
6033,2025-07-15,2025-07-15,TC5,SPOT,WS,145.0,30,2025,0
6032,2025-07-16,2025-07-16,TC5,SPOT,WS,145.0,30,2025,0
6031,2025-07-17,2025-07-17,TC5,SPOT,WS,143.44,30,2025,0
6030,2025-07-18,2025-07-18,TC5,SPOT,WS,145.94,30,2025,0
6029,2025-07-21,2025-07-21,TC5,SPOT,WS,145.63,30,2025,0
6028,2025-07-22,2025-07-22,TC5,SPOT,WS,146.88,30,2025,0
6027,2025-07-23,2025-07-23,TC5,SPOT,WS,149.69,30,2025,0
6026,2025-07-24,2025-07-24,TC5,SPOT,WS,150.0,30,2025,0
6025,2025-07-25,2025-07-25,TC5,SPOT,WS,150.0,30,2025,0
6024,2025-07-28,2025-07-28,TC5,SPOT,WS,149.06,30,2025,0
6023,2025-07-29,2025-07-29,TC5,SPOT,WS,152.81,30,2025,0
6022,2025-07-30,2025-07-30,TC5,SPOT,WS,155.75,30,2025,0
6021,2025-07-31,2025-07-31,TC5,SPOT,WS,156.56,30,2025,0
6020,2025-08-01,2025-08-01,TC5,SPOT,WS,155.63,30,2025,0
6019,2025-08-04,2025-08-04,TC5,SPOT,WS,159.06,30,2025,0
6018,2025-08-05,2025-08-05,TC5,SPOT,WS,165.63,30,2025,0
6017,2025-08-06,2025-08-06,TC5,SPOT,WS,173.13,30,2025,0
6016,2025-08-07,2025-08-07,TC5,SPOT,WS,175.94,30,2025,0
6015,2025-08-08,2025-08-08,TC5,SPOT,WS,175.0,30,2025,0
6014,2025-08-11,2025-08-11,TC5,SPOT,WS,172.5000000000001,30,2025,0
6013,2025-08-12,2025-08-12,TC5,SPOT,WS,173.13,30,2025,0
6012,2025-08-13,2025-08-13,TC5,SPOT,WS,172.5000000000001,30,2025,0
6011,2025-08-14,2025-08-14,TC5,SPOT,WS,169.69,30,2025,0
6010,2025-08-15,2025-08-15,TC5,SPOT,WS,166.88,30,2025,0
6009,2025-08-18,2025-08-18,TC5,SPOT,WS,164.69,30,2025,0
6008,2025-08-19,2025-08-19,TC5,SPOT,WS,163.13,30,2025,0
6007,2025-08-20,2025-08-20,TC5,SPOT,WS,159.69,30,2025,0
6006,2025-08-21,2025-08-21,TC5,SPOT,WS,156.88,30,2025,0
6005,2025-08-22,2025-08-22,TC5,SPOT,WS,157.5,30,2025,0
6004,2025-08-26,2025-08-26,TC5,SPOT,WS,155.63,30,2025,0
6003,2025-08-27,2025-08-27,TC5,SPOT,WS,152.81,30,2025,0
6002,2025-08-28,2025-08-28,TC5,SPOT,WS,149.69,30,2025,0
6001,2025-08-29,2025-08-29,TC5,SPOT,WS,150.0,30,2025,0
6000,2025-09-01,2025-09-01,TC5,SPOT,WS,155.63,29,2025,0
5999,2025-09-02,2025-09-02,TC5,SPOT,WS,158.44,29,2025,0
5998,2025-09-03,2025-09-03,TC5,SPOT,WS,156.25,29,2025,0
5997,2025-09-04,2025-09-04,TC5,SPOT,WS,157.5,29,2025,0
5996,2025-09-05,2025-09-05,TC5,SPOT,WS,157.5,29,2025,0
5995,2025-09-08,2025-09-08,TC5,SPOT,WS,160.31,29,2025,0
5994,2025-09-09,2025-09-09,TC5,SPOT,WS,160.31,29,2025,0
5993,2025-09-10,2025-09-10,TC5,SPOT,WS,157.5,29,2025,0
5992,2025-09-11,2025-09-11,TC5,SPOT,WS,154.38,29,2025,0
5991,2025-09-12,2025-09-12,TC5,SPOT,WS,151.88,29,2025,0
5990,2025-09-15,2025-09-15,TC5,SPOT,WS,149.69,29,2025,0
5989,2025-09-16,2025-09-16,TC5,SPOT,WS,154.38,29,2025,0
5988,2025-09-17,2025-09-17,TC5,SPOT,WS,150.94,29,2025,0
5987,2025-09-18,2025-09-18,TC5,SPOT,WS,146.25,29,2025,0
5986,2025-09-19,2025-09-19,TC5,SPOT,WS,141.56,29,2025,0
5985,2025-09-22,2025-09-22,TC5,SPOT,WS,133.44,29,2025,0
5984,2025-09-23,2025-09-23,TC5,SPOT,WS,131.25,29,2025,0
5983,2025-09-24,2025-09-24,TC5,SPOT,WS,130.31,29,2025,0
5982,2025-09-25,2025-09-25,TC5,SPOT,WS,126.88,29,2025,0
5981,2025-09-26,2025-09-26,TC5,SPOT,WS,126.56,29,2025,0
5980,2025-09-29,2025-09-29,TC5,SPOT,WS,127.5,29,2025,0
5979,2025-09-30,2025-09-30,TC5,SPOT,WS,125.0,29,2025,0
5978,2025-10-01,2025-10-01,TC5,SPOT,WS,123.44,30,2025,0
5977,2025-10-02,2025-10-02,TC5,SPOT,WS,122.19,30,2025,0
5976,2025-10-03,2025-10-03,TC5,SPOT,WS,121.88,30,2025,0
5975,2025-10-06,2025-10-06,TC5,SPOT,WS,120.31,30,2025,0
5974,2025-10-07,2025-10-07,TC5,SPOT,WS,116.25,30,2025,0
5973,2025-10-08,2025-10-08,TC5,SPOT,WS,115.0,30,2025,0
5972,2025-10-09,2025-10-09,TC5,SPOT,WS,113.13,30,2025,0
5971,2025-10-10,2025-10-10,TC5,SPOT,WS,111.88,30,2025,0
5970,2025-10-13,2025-10-13,TC5,SPOT,WS,110.31,30,2025,0
5969,2025-10-14,2025-10-14,TC5,SPOT,WS,110.63,30,2025,0
5968,2025-10-15,2025-10-15,TC5,SPOT,WS,111.56,30,2025,0
5967,2025-10-16,2025-10-16,TC5,SPOT,WS,114.38,30,2025,0
5966,2025-10-17,2025-10-17,TC5,SPOT,WS,115.0,30,2025,0
5965,2025-10-20,2025-10-20,TC5,SPOT,WS,119.29,30,2025,0
5964,2025-10-21,2025-10-21,TC5,SPOT,WS,120.94,30,2025,0
5963,2025-10-22,2025-10-22,TC5,SPOT,WS,121.25,30,2025,0
5962,2025-10-23,2025-10-23,TC5,SPOT,WS,129.06,30,2025,0
5961,2025-10-24,2025-10-24,TC5,SPOT,WS,143.75,30,2025,0
5960,2025-10-27,2025-10-27,TC5,SPOT,WS,145.31,30,2025,0
5959,2025-10-28,2025-10-28,TC5,SPOT,WS,149.06,30,2025,0
5958,2025-10-29,2025-10-29,TC5,SPOT,WS,150.0,30,2025,0
5957,2025-10-30,2025-10-30,TC5,SPOT,WS,150.63,30,2025,0
5956,2025-10-31,2025-10-31,TC5,SPOT,WS,150.63,30,2025,0
5955,2025-11-03,2025-11-03,TC5,SPOT,WS,149.06,29,2025,0
5954,2025-11-04,2025-11-04,TC5,SPOT,WS,145.0,29,2025,0
5953,2025-11-05,2025-11-05,TC5,SPOT,WS,144.38,29,2025,0
5952,2025-11-06,2025-11-06,TC5,SPOT,WS,142.19,29,2025,0
5951,2025-11-07,2025-11-07,TC5,SPOT,WS,141.56,29,2025,0
5950,2025-11-10,2025-11-10,TC5,SPOT,WS,142.19,29,2025,0
5949,2025-11-11,2025-11-11,TC5,SPOT,WS,141.88,29,2025,0
5948,2025-11-12,2025-11-12,TC5,SPOT,WS,143.44,29,2025,0
5947,2025-11-13,2025-11-13,TC5,SPOT,WS,144.38,29,2025,0
5946,2025-11-14,2025-11-14,TC5,SPOT,WS,144.69,29,2025,0
5945,2025-11-17,2025-11-17,TC5,SPOT,WS,143.75,29,2025,0
5944,2025-11-18,2025-11-18,TC5,SPOT,WS,142.5,29,2025,0
5943,2025-11-19,2025-11-19,TC5,SPOT,WS,145.0,29,2025,0
5942,2025-11-20,2025-11-20,TC5,SPOT,WS,153.44,29,2025,0
5941,2025-11-21,2025-11-21,TC5,SPOT,WS,158.13,29,2025,0
5940,2025-11-24,2025-11-24,TC5,SPOT,WS,171.25,29,2025,0
5939,2025-11-25,2025-11-25,TC5,SPOT,WS,189.38,29,2025,0
5938,2025-11-26,2025-11-26,TC5,SPOT,WS,190.63,29,2025,0
5937,2025-11-27,2025-11-27,TC5,SPOT,WS,188.44,29,2025,0
5936,2025-11-28,2025-11-28,TC5,SPOT,WS,188.75,29,2025,0
5935,2025-12-01,2025-12-01,TC5,SPOT,WS,183.44,30,2025,0
5934,2025-12-02,2025-12-02,TC5,SPOT,WS,177.5,30,2025,0
5933,2025-12-03,2025-12-03,TC5,SPOT,WS,177.19,30,2025,0
5932,2025-12-04,2025-12-04,TC5,SPOT,WS,180.63,30,2025,0
5931,2025-12-05,2025-12-05,TC5,SPOT,WS,180.0,30,2025,0
5930,2025-12-08,2025-12-08,TC5,SPOT,WS,181.88,30,2025,0
5929,2025-12-09,2025-12-09,TC5,SPOT,WS,180.31,30,2025,0
5928,2025-12-10,2025-12-10,TC5,SPOT,WS,180.31,30,2025,0
5927,2025-12-11,2025-12-11,TC5,SPOT,WS,179.38,30,2025,0
5926,2025-12-12,2025-12-12,TC5,SPOT,WS,177.5,30,2025,0
5925,2025-12-15,2025-12-15,TC5,SPOT,WS,177.5,30,2025,0
5924,2025-12-16,2025-12-16,TC5,SPOT,WS,176.25,30,2025,0
5923,2025-12-17,2025-12-17,TC5,SPOT,WS,170.63,30,2025,0
5922,2025-12-18,2025-12-18,TC5,SPOT,WS,167.19,30,2025,0
5921,2025-12-19,2025-12-19,TC5,SPOT,WS,166.56,30,2025,0
5920,2025-12-22,2025-12-22,TC5,SPOT,WS,166.56,30,2025,0
5919,2025-12-23,2025-12-23,TC5,SPOT,WS,164.69,30,2025,0
5918,2025-12-24,2025-12-24,TC5,SPOT,WS,164.38,30,2025,0
