Unnamed: 0,Date,TENOR_DATE,CURVE_NAME,CURVE_TYPE,UOM,Value,DAYS_TO_EXPIRY,TENOR_YEAR,DAYS_TO_EXPIRY_MASK
2109,2018-01-02,2018-01-02,TC5,SPOT,USD_MT,17.37671,30,2018,0
2108,2018-01-03,2018-01-03,TC5,SPOT,USD_MT,17.231875,30,2018,0
2107,2018-01-04,2018-01-04,TC5,SPOT,USD_MT,16.792135,30,2018,0
2106,2018-01-05,2018-01-05,TC5,SPOT,USD_MT,16.60891,30,2018,0
2105,2018-01-08,2018-01-08,TC5,SPOT,USD_MT,16.403,30,2018,0
2104,2018-01-09,2018-01-09,TC5,SPOT,USD_MT,16.054,30,2018,0
2103,2018-01-10,2018-01-10,TC5,SPOT,USD_MT,15.811445,30,2018,0
2102,2018-01-11,2018-01-11,TC5,SPOT,USD_MT,15.500835,30,2018,0
2101,2018-01-12,2018-01-12,TC5,SPOT,USD_MT,15.500835,30,2018,0
2100,2018-01-15,2018-01-15,TC5,SPOT,USD_MT,15.57936,30,2018,0
2099,2018-01-16,2018-01-16,TC5,SPOT,USD_MT,15.66661,30,2018,0
2098,2018-01-17,2018-01-17,TC5,SPOT,USD_MT,15.549695,30,2018,0
2097,2018-01-18,2018-01-18,TC5,SPOT,USD_MT,15.413585,30,2018,0
2096,2018-01-19,2018-01-19,TC5,SPOT,USD_MT,15.287945,30,2018,0
2095,2018-01-22,2018-01-22,TC5,SPOT,USD_MT,15.86903,30,2018,0
2094,2018-01-23,2018-01-23,TC5,SPOT,USD_MT,15.675335,30,2018,0
2093,2018-01-24,2018-01-24,TC5,SPOT,USD_MT,15.80272,30,2018,0
2092,2018-01-25,2018-01-25,TC5,SPOT,USD_MT,15.80272,30,2018,0
2091,2018-01-26,2018-01-26,TC5,SPOT,USD_MT,15.898695,30,2018,0
2090,2018-01-29,2018-01-29,TC5,SPOT,USD_MT,16.23548,30,2018,0
2089,2018-01-30,2018-01-30,TC5,SPOT,USD_MT,16.62636,30,2018,0
2088,2018-01-31,2018-01-31,TC5,SPOT,USD_MT,16.732805,30,2018,0
2087,2018-02-01,2018-02-01,TC5,SPOT,USD_MT,16.868915,27,2018,0
2086,2018-02-02,2018-02-02,TC5,SPOT,USD_MT,17.245835,27,2018,0
2085,2018-02-05,2018-02-05,TC5,SPOT,USD_MT,17.28597,27,2018,0
2084,2018-02-06,2018-02-06,TC5,SPOT,USD_MT,17.430805,27,2018,0
2083,2018-02-07,2018-02-07,TC5,SPOT,USD_MT,17.915915,27,2018,0
2082,2018-02-08,2018-02-08,TC5,SPOT,USD_MT,18.352165,27,2018,0
2081,2018-02-09,2018-02-09,TC5,SPOT,USD_MT,18.3225,27,2018,0
2080,2018-02-12,2018-02-12,TC5,SPOT,USD_MT,18.37136,27,2018,0
2079,2018-02-13,2018-02-13,TC5,SPOT,USD_MT,18.27364,27,2018,0
2078,2018-02-14,2018-02-14,TC5,SPOT,USD_MT,18.565055,27,2018,0
2077,2018-02-15,2018-02-15,TC5,SPOT,USD_MT,18.75875,27,2018,0
2076,2018-02-16,2018-02-16,TC5,SPOT,USD_MT,18.903585,27,2018,0
2075,2018-02-19,2018-02-19,TC5,SPOT,USD_MT,18.875665,27,2018,0
2074,2018-02-20,2018-02-20,TC5,SPOT,USD_MT,19.050165,27,2018,0
2073,2018-02-21,2018-02-21,TC5,SPOT,USD_MT,19.29272,27,2018,0
2072,2018-02-22,2018-02-22,TC5,SPOT,USD_MT,20.01864,27,2018,0
2071,2018-02-23,2018-02-23,TC5,SPOT,USD_MT,20.0675,27,2018,0
2070,2018-02-26,2018-02-26,TC5,SPOT,USD_MT,19.96978,27,2018,0
2069,2018-02-27,2018-02-27,TC5,SPOT,USD_MT,20.16522,27,2018,0
2068,2018-02-28,2018-02-28,TC5,SPOT,USD_MT,20.0675,27,2018,0
2067,2018-03-01,2018-03-01,TC5,SPOT,USD_MT,20.16522,30,2018,0
2066,2018-03-02,2018-03-02,TC5,SPOT,USD_MT,20.29086,30,2018,0
2065,2018-03-05,2018-03-05,TC5,SPOT,USD_MT,20.11636,30,2018,0
2064,2018-03-06,2018-03-06,TC5,SPOT,USD_MT,20.01864,30,2018,0
2063,2018-03-07,2018-03-07,TC5,SPOT,USD_MT,20.0675,30,2018,0
2062,2018-03-08,2018-03-08,TC5,SPOT,USD_MT,20.0675,30,2018,0
2061,2018-03-09,2018-03-09,TC5,SPOT,USD_MT,20.11636,30,2018,0
2060,2018-03-12,2018-03-12,TC5,SPOT,USD_MT,20.01864,30,2018,0
2059,2018-03-13,2018-03-13,TC5,SPOT,USD_MT,19.96978,30,2018,0
2058,2018-03-14,2018-03-14,TC5,SPOT,USD_MT,19.776085,30,2018,0
2057,2018-03-15,2018-03-15,TC5,SPOT,USD_MT,19.68011,30,2018,0
2056,2018-03-16,2018-03-16,TC5,SPOT,USD_MT,19.486415,30,2018,0
2055,2018-03-19,2018-03-19,TC5,SPOT,USD_MT,19.29272,30,2018,0
2054,2018-03-20,2018-03-20,TC5,SPOT,USD_MT,19.50561,30,2018,0
2053,2018-03-21,2018-03-21,TC5,SPOT,USD_MT,19.786555,30,2018,0
2052,2018-03-22,2018-03-22,TC5,SPOT,USD_MT,19.99072,30,2018,0
2051,2018-03-23,2018-03-23,TC5,SPOT,USD_MT,20.358915,30,2018,0
2050,2018-03-26,2018-03-26,TC5,SPOT,USD_MT,20.75503,30,2018,0
2049,2018-03-27,2018-03-27,TC5,SPOT,USD_MT,20.94,30,2018,0
2048,2018-03-28,2018-03-28,TC5,SPOT,USD_MT,20.94,30,2018,0
2047,2018-03-29,2018-03-29,TC5,SPOT,USD_MT,20.885905,30,2018,0
2046,2018-04-03,2018-04-03,TC5,SPOT,USD_MT,20.795165,29,2018,0
2045,2018-04-04,2018-04-04,TC5,SPOT,USD_MT,20.11636,29,2018,0
2044,2018-04-05,2018-04-05,TC5,SPOT,USD_MT,19.64172,29,2018,0
2043,2018-04-06,2018-04-06,TC5,SPOT,USD_MT,19.224665,29,2018,0
2042,2018-04-09,2018-04-09,TC5,SPOT,USD_MT,19.03097,29,2018,0
2041,2018-04-10,2018-04-10,TC5,SPOT,USD_MT,19.126945,29,2018,0
2040,2018-04-11,2018-04-11,TC5,SPOT,USD_MT,19.14614,29,2018,0
2039,2018-04-12,2018-04-12,TC5,SPOT,USD_MT,19.05889,29,2018,0
2038,2018-04-13,2018-04-13,TC5,SPOT,USD_MT,19.20547,29,2018,0
2037,2018-04-16,2018-04-16,TC5,SPOT,USD_MT,19.63125,29,2018,0
2036,2018-04-17,2018-04-17,TC5,SPOT,USD_MT,19.29272,29,2018,0
2035,2018-04-18,2018-04-18,TC5,SPOT,USD_MT,19.195,29,2018,0
2034,2018-04-19,2018-04-19,TC5,SPOT,USD_MT,19.14614,29,2018,0
2033,2018-04-20,2018-04-20,TC5,SPOT,USD_MT,18.903585,29,2018,0
2032,2018-04-23,2018-04-23,TC5,SPOT,USD_MT,18.80761,29,2018,0
2031,2018-04-24,2018-04-24,TC5,SPOT,USD_MT,18.83553,29,2018,0
2030,2018-04-25,2018-04-25,TC5,SPOT,USD_MT,19.001305,29,2018,0
2029,2018-04-26,2018-04-26,TC5,SPOT,USD_MT,19.078085,29,2018,0
2028,2018-04-27,2018-04-27,TC5,SPOT,USD_MT,19.14614,29,2018,0
2027,2018-04-30,2018-04-30,TC5,SPOT,USD_MT,19.195,29,2018,0
2026,2018-05-01,2018-05-01,TC5,SPOT,USD_MT,19.2299,30,2018,0
2025,2018-05-02,2018-05-02,TC5,SPOT,USD_MT,19.195,30,2018,0
2024,2018-05-03,2018-05-03,TC5,SPOT,USD_MT,19.126945,30,2018,0
2023,2018-05-04,2018-05-04,TC5,SPOT,USD_MT,19.14614,30,2018,0
2022,2018-05-08,2018-05-08,TC5,SPOT,USD_MT,19.24386,30,2018,0
2021,2018-05-09,2018-05-09,TC5,SPOT,USD_MT,19.29272,30,2018,0
2020,2018-05-10,2018-05-10,TC5,SPOT,USD_MT,19.195,30,2018,0
2019,2018-05-11,2018-05-11,TC5,SPOT,USD_MT,19.24386,30,2018,0
2018,2018-05-14,2018-05-14,TC5,SPOT,USD_MT,19.28225,30,2018,0
2017,2018-05-15,2018-05-15,TC5,SPOT,USD_MT,19.339835,30,2018,0
2016,2018-05-16,2018-05-16,TC5,SPOT,USD_MT,19.388695,30,2018,0
2015,2018-05-17,2018-05-17,TC5,SPOT,USD_MT,19.52306,30,2018,0
2014,2018-05-18,2018-05-18,TC5,SPOT,USD_MT,19.58239,30,2018,0
2013,2018-05-21,2018-05-21,TC5,SPOT,USD_MT,19.510845,30,2018,0
2012,2018-05-22,2018-05-22,TC5,SPOT,USD_MT,19.824945,30,2018,0
2011,2018-05-23,2018-05-23,TC5,SPOT,USD_MT,19.96978,30,2018,0
2010,2018-05-24,2018-05-24,TC5,SPOT,USD_MT,20.01864,30,2018,0
2009,2018-05-25,2018-05-25,TC5,SPOT,USD_MT,20.013405,30,2018,0
2008,2018-05-29,2018-05-29,TC5,SPOT,USD_MT,20.13032,30,2018,0
2007,2018-05-30,2018-05-30,TC5,SPOT,USD_MT,20.50375,30,2018,0
2006,2018-05-31,2018-05-31,TC5,SPOT,USD_MT,20.648585,30,2018,0
2005,2018-06-01,2018-06-01,TC5,SPOT,USD_MT,20.55261,29,2018,0
2004,2018-06-04,2018-06-04,TC5,SPOT,USD_MT,20.60147,29,2018,0
2003,2018-06-05,2018-06-05,TC5,SPOT,USD_MT,20.648585,29,2018,0
2002,2018-06-06,2018-06-06,TC5,SPOT,USD_MT,20.212335,29,2018,0
2001,2018-06-07,2018-06-07,TC5,SPOT,USD_MT,20.0675,29,2018,0
2000,2018-06-08,2018-06-08,TC5,SPOT,USD_MT,19.96978,29,2018,0
1999,2018-06-11,2018-06-11,TC5,SPOT,USD_MT,19.96978,29,2018,0
1998,2018-06-12,2018-06-12,TC5,SPOT,USD_MT,19.922665,29,2018,0
1997,2018-06-13,2018-06-13,TC5,SPOT,USD_MT,19.873805,29,2018,0
1996,2018-06-14,2018-06-14,TC5,SPOT,USD_MT,19.70803,29,2018,0
1995,2018-06-15,2018-06-15,TC5,SPOT,USD_MT,19.63125,29,2018,0
1994,2018-06-18,2018-06-18,TC5,SPOT,USD_MT,19.72897,29,2018,0
1993,2018-06-19,2018-06-19,TC5,SPOT,USD_MT,20.01864,29,2018,0
1992,2018-06-20,2018-06-20,TC5,SPOT,USD_MT,20.45489,29,2018,0
1991,2018-06-21,2018-06-21,TC5,SPOT,USD_MT,20.89114,29,2018,0
1990,2018-06-22,2018-06-22,TC5,SPOT,USD_MT,20.94,29,2018,0
1989,2018-06-25,2018-06-25,TC5,SPOT,USD_MT,20.94,29,2018,0
1988,2018-06-26,2018-06-26,TC5,SPOT,USD_MT,20.871945,29,2018,0
1987,2018-06-27,2018-06-27,TC5,SPOT,USD_MT,20.89114,29,2018,0
1986,2018-06-28,2018-06-28,TC5,SPOT,USD_MT,20.85275,29,2018,0
1985,2018-06-29,2018-06-29,TC5,SPOT,USD_MT,20.80389,29,2018,0
1984,2018-07-02,2018-07-02,TC5,SPOT,USD_MT,20.84228,30,2018,0
1983,2018-07-03,2018-07-03,TC5,SPOT,USD_MT,20.94,30,2018,0
1982,2018-07-04,2018-07-04,TC5,SPOT,USD_MT,20.94,30,2018,0
1981,2018-07-05,2018-07-05,TC5,SPOT,USD_MT,20.94,30,2018,0
1980,2018-07-06,2018-07-06,TC5,SPOT,USD_MT,20.98886,30,2018,0
1979,2018-07-09,2018-07-09,TC5,SPOT,USD_MT,20.92953,30,2018,0
1978,2018-07-10,2018-07-10,TC5,SPOT,USD_MT,20.97839,30,2018,0
1977,2018-07-11,2018-07-11,TC5,SPOT,USD_MT,20.98886,30,2018,0
1976,2018-07-12,2018-07-12,TC5,SPOT,USD_MT,20.98886,30,2018,0
1975,2018-07-13,2018-07-13,TC5,SPOT,USD_MT,20.89114,30,2018,0
1974,2018-07-16,2018-07-16,TC5,SPOT,USD_MT,20.871945,30,2018,0
1973,2018-07-17,2018-07-17,TC5,SPOT,USD_MT,20.746305,30,2018,0
1972,2018-07-18,2018-07-18,TC5,SPOT,USD_MT,20.69221,30,2018,0
1971,2018-07-19,2018-07-19,TC5,SPOT,USD_MT,20.610195,30,2018,0
1970,2018-07-20,2018-07-20,TC5,SPOT,USD_MT,20.36764,30,2018,0
1969,2018-07-23,2018-07-23,TC5,SPOT,USD_MT,20.29086,30,2018,0
1968,2018-07-24,2018-07-24,TC5,SPOT,USD_MT,20.29086,30,2018,0
1967,2018-07-25,2018-07-25,TC5,SPOT,USD_MT,20.212335,30,2018,0
1966,2018-07-26,2018-07-26,TC5,SPOT,USD_MT,19.96978,30,2018,0
1965,2018-07-27,2018-07-27,TC5,SPOT,USD_MT,19.70803,30,2018,0
1964,2018-07-30,2018-07-30,TC5,SPOT,USD_MT,19.486415,30,2018,0
1963,2018-07-31,2018-07-31,TC5,SPOT,USD_MT,19.29272,30,2018,0
1962,2018-08-01,2018-08-01,TC5,SPOT,USD_MT,18.903585,30,2018,0
1961,2018-08-02,2018-08-02,TC5,SPOT,USD_MT,18.80761,30,2018,0
1960,2018-08-03,2018-08-03,TC5,SPOT,USD_MT,18.526665,30,2018,0
1959,2018-08-06,2018-08-06,TC5,SPOT,USD_MT,18.148,30,2018,0
1958,2018-08-07,2018-08-07,TC5,SPOT,USD_MT,17.6245,30,2018,0
1957,2018-08-08,2018-08-08,TC5,SPOT,USD_MT,17.01375,30,2018,0
1956,2018-08-09,2018-08-09,TC5,SPOT,USD_MT,16.722335,30,2018,0
1955,2018-08-10,2018-08-10,TC5,SPOT,USD_MT,16.67522,30,2018,0
1954,2018-08-13,2018-08-13,TC5,SPOT,USD_MT,16.62636,30,2018,0
1953,2018-08-14,2018-08-14,TC5,SPOT,USD_MT,16.74153,30,2018,0
1952,2018-08-15,2018-08-15,TC5,SPOT,USD_MT,16.67522,30,2018,0
1951,2018-08-16,2018-08-16,TC5,SPOT,USD_MT,17.09053,30,2018,0
1950,2018-08-17,2018-08-17,TC5,SPOT,USD_MT,17.49886,30,2018,0
1949,2018-08-20,2018-08-20,TC5,SPOT,USD_MT,17.54772,30,2018,0
1948,2018-08-21,2018-08-21,TC5,SPOT,USD_MT,17.643695,30,2018,0
1947,2018-08-22,2018-08-22,TC5,SPOT,USD_MT,17.55121,30,2018,0
1946,2018-08-23,2018-08-23,TC5,SPOT,USD_MT,17.49886,30,2018,0
1945,2018-08-24,2018-08-24,TC5,SPOT,USD_MT,17.35228,30,2018,0
1944,2018-08-28,2018-08-28,TC5,SPOT,USD_MT,16.91603,30,2018,0
1943,2018-08-29,2018-08-29,TC5,SPOT,USD_MT,17.158585,30,2018,0
1942,2018-08-30,2018-08-30,TC5,SPOT,USD_MT,18.177665,30,2018,0
1941,2018-08-31,2018-08-31,TC5,SPOT,USD_MT,18.66103,30,2018,0
1940,2018-09-03,2018-09-03,TC5,SPOT,USD_MT,18.68197,29,2018,0
1939,2018-09-04,2018-09-04,TC5,SPOT,USD_MT,18.613915,29,2018,0
1938,2018-09-05,2018-09-05,TC5,SPOT,USD_MT,18.613915,29,2018,0
1937,2018-09-06,2018-09-06,TC5,SPOT,USD_MT,18.516195,29,2018,0
1936,2018-09-07,2018-09-07,TC5,SPOT,USD_MT,18.432435,29,2018,0
1935,2018-09-10,2018-09-10,TC5,SPOT,USD_MT,18.3225,29,2018,0
1934,2018-09-11,2018-09-11,TC5,SPOT,USD_MT,17.88625,29,2018,0
1933,2018-09-12,2018-09-12,TC5,SPOT,USD_MT,17.93511,29,2018,0
1932,2018-09-13,2018-09-13,TC5,SPOT,USD_MT,17.96303,29,2018,0
1931,2018-09-14,2018-09-14,TC5,SPOT,USD_MT,18.613915,29,2018,0
1930,2018-09-17,2018-09-17,TC5,SPOT,USD_MT,19.078085,29,2018,0
1929,2018-09-18,2018-09-18,TC5,SPOT,USD_MT,19.63125,29,2018,0
1928,2018-09-19,2018-09-19,TC5,SPOT,USD_MT,19.96978,29,2018,0
1927,2018-09-20,2018-09-20,TC5,SPOT,USD_MT,20.0675,29,2018,0
1926,2018-09-21,2018-09-21,TC5,SPOT,USD_MT,20.0675,29,2018,0
1925,2018-09-24,2018-09-24,TC5,SPOT,USD_MT,20.11636,29,2018,0
1924,2018-09-25,2018-09-25,TC5,SPOT,USD_MT,20.25247,29,2018,0
1923,2018-09-26,2018-09-26,TC5,SPOT,USD_MT,20.746305,29,2018,0
1922,2018-09-27,2018-09-27,TC5,SPOT,USD_MT,20.98886,29,2018,0
1921,2018-09-28,2018-09-28,TC5,SPOT,USD_MT,20.94,29,2018,0
1920,2018-10-01,2018-10-01,TC5,SPOT,USD_MT,20.94,30,2018,0
1919,2018-10-02,2018-10-02,TC5,SPOT,USD_MT,21.03772,30,2018,0
1918,2018-10-03,2018-10-03,TC5,SPOT,USD_MT,21.182555,30,2018,0
1917,2018-10-04,2018-10-04,TC5,SPOT,USD_MT,21.06564,30,2018,0
1916,2018-10-05,2018-10-05,TC5,SPOT,USD_MT,21.27853,30,2018,0
1915,2018-10-08,2018-10-08,TC5,SPOT,USD_MT,21.37625,30,2018,0
1914,2018-10-09,2018-10-09,TC5,SPOT,USD_MT,21.54028,30,2018,0
1913,2018-10-10,2018-10-10,TC5,SPOT,USD_MT,21.521085,30,2018,0
1912,2018-10-11,2018-10-11,TC5,SPOT,USD_MT,21.37625,30,2018,0
1911,2018-10-12,2018-10-12,TC5,SPOT,USD_MT,21.47397,30,2018,0
1910,2018-10-15,2018-10-15,TC5,SPOT,USD_MT,21.21222,30,2018,0
1909,2018-10-16,2018-10-16,TC5,SPOT,USD_MT,21.91022,30,2018,0
1908,2018-10-17,2018-10-17,TC5,SPOT,USD_MT,22.29761,30,2018,0
1907,2018-10-18,2018-10-18,TC5,SPOT,USD_MT,22.442445,30,2018,0
1906,2018-10-19,2018-10-19,TC5,SPOT,USD_MT,22.393585,30,2018,0
1905,2018-10-22,2018-10-22,TC5,SPOT,USD_MT,22.219085,30,2018,0
1904,2018-10-23,2018-10-23,TC5,SPOT,USD_MT,22.306335,30,2018,0
1903,2018-10-24,2018-10-24,TC5,SPOT,USD_MT,22.306335,30,2018,0
1902,2018-10-25,2018-10-25,TC5,SPOT,USD_MT,22.355195,30,2018,0
1901,2018-10-26,2018-10-26,TC5,SPOT,USD_MT,22.52097,30,2018,0
1900,2018-10-29,2018-10-29,TC5,SPOT,USD_MT,22.34647,30,2018,0
1899,2018-10-30,2018-10-30,TC5,SPOT,USD_MT,22.37439,30,2018,0
1898,2018-10-31,2018-10-31,TC5,SPOT,USD_MT,22.491305,30,2018,0
1897,2018-11-01,2018-11-01,TC5,SPOT,USD_MT,22.58728,29,2018,0
1896,2018-11-02,2018-11-02,TC5,SPOT,USD_MT,22.73386,29,2018,0
1895,2018-11-05,2018-11-05,TC5,SPOT,USD_MT,22.63614,29,2018,0
1894,2018-11-06,2018-11-06,TC5,SPOT,USD_MT,22.54016499999999,29,2018,0
1893,2018-11-07,2018-11-07,TC5,SPOT,USD_MT,22.685,29,2018,0
1892,2018-11-08,2018-11-08,TC5,SPOT,USD_MT,22.54016499999999,29,2018,0
1891,2018-11-09,2018-11-09,TC5,SPOT,USD_MT,22.34647,29,2018,0
1890,2018-11-12,2018-11-12,TC5,SPOT,USD_MT,22.442445,29,2018,0
1889,2018-11-13,2018-11-13,TC5,SPOT,USD_MT,22.63614,29,2018,0
1888,2018-11-14,2018-11-14,TC5,SPOT,USD_MT,22.704195,29,2018,0
1887,2018-11-15,2018-11-15,TC5,SPOT,USD_MT,22.665805,29,2018,0
1886,2018-11-16,2018-11-16,TC5,SPOT,USD_MT,22.73386,29,2018,0
1885,2018-11-19,2018-11-19,TC5,SPOT,USD_MT,22.78272,29,2018,0
1884,2018-11-20,2018-11-20,TC5,SPOT,USD_MT,22.685,29,2018,0
1883,2018-11-21,2018-11-21,TC5,SPOT,USD_MT,22.63614,29,2018,0
1882,2018-11-22,2018-11-22,TC5,SPOT,USD_MT,22.568085,29,2018,0
1881,2018-11-23,2018-11-23,TC5,SPOT,USD_MT,22.568085,29,2018,0
1880,2018-11-26,2018-11-26,TC5,SPOT,USD_MT,22.568085,29,2018,0
1879,2018-11-27,2018-11-27,TC5,SPOT,USD_MT,23.07239,29,2018,0
1878,2018-11-28,2018-11-28,TC5,SPOT,USD_MT,23.412665,29,2018,0
1877,2018-11-29,2018-11-29,TC5,SPOT,USD_MT,24.81739,29,2018,0
1876,2018-11-30,2018-11-30,TC5,SPOT,USD_MT,25.64103,29,2018,0
1875,2018-12-03,2018-12-03,TC5,SPOT,USD_MT,29.76272,30,2018,0
1874,2018-12-04,2018-12-04,TC5,SPOT,USD_MT,31.118585,30,2018,0
1873,2018-12-05,2018-12-05,TC5,SPOT,USD_MT,32.2825,30,2018,0
1872,2018-12-06,2018-12-06,TC5,SPOT,USD_MT,31.701415,30,2018,0
1871,2018-12-07,2018-12-07,TC5,SPOT,USD_MT,31.49725,30,2018,0
1870,2018-12-10,2018-12-10,TC5,SPOT,USD_MT,31.45886,30,2018,0
1869,2018-12-11,2018-12-11,TC5,SPOT,USD_MT,30.87603,30,2018,0
1868,2018-12-12,2018-12-12,TC5,SPOT,USD_MT,30.780055,30,2018,0
1867,2018-12-13,2018-12-13,TC5,SPOT,USD_MT,30.46072,30,2018,0
1866,2018-12-14,2018-12-14,TC5,SPOT,USD_MT,30.58636,30,2018,0
1865,2018-12-17,2018-12-17,TC5,SPOT,USD_MT,31.37161,30,2018,0
1864,2018-12-18,2018-12-18,TC5,SPOT,USD_MT,31.94397,30,2018,0
1863,2018-12-19,2018-12-19,TC5,SPOT,USD_MT,32.54425,30,2018,0
1862,2018-12-20,2018-12-20,TC5,SPOT,USD_MT,32.922915,30,2018,0
1861,2018-12-21,2018-12-21,TC5,SPOT,USD_MT,33.10614,30,2018,0
1860,2018-12-24,2018-12-24,TC5,SPOT,USD_MT,32.99097,30,2018,0
1859,2019-01-02,2019-01-02,TC5,SPOT,USD_MT,33.261968,30,2019,0
1858,2019-01-03,2019-01-03,TC5,SPOT,USD_MT,33.128328,30,2019,0
1857,2019-01-04,2019-01-04,TC5,SPOT,USD_MT,33.22701600000001,30,2019,0
1856,2019-01-07,2019-01-07,TC5,SPOT,USD_MT,33.62793600000001,30,2019,0
1855,2019-01-08,2019-01-08,TC5,SPOT,USD_MT,33.621768,30,2019,0
1854,2019-01-09,2019-01-09,TC5,SPOT,USD_MT,33.41,30,2019,0
1853,2019-01-10,2019-01-10,TC5,SPOT,USD_MT,31.752864,30,2019,0
1852,2019-01-11,2019-01-11,TC5,SPOT,USD_MT,31.06821600000001,30,2019,0
1851,2019-01-14,2019-01-14,TC5,SPOT,USD_MT,30.897568,30,2019,0
1850,2019-01-15,2019-01-15,TC5,SPOT,USD_MT,30.955136,30,2019,0
1849,2019-01-16,2019-01-16,TC5,SPOT,USD_MT,30.794768,30,2019,0
1848,2019-01-17,2019-01-17,TC5,SPOT,USD_MT,30.65701600000001,30,2019,0
1847,2019-01-18,2019-01-18,TC5,SPOT,USD_MT,30.65701600000001,30,2019,0
1846,2019-01-21,2019-01-21,TC5,SPOT,USD_MT,30.406184,30,2019,0
1845,2019-01-22,2019-01-22,TC5,SPOT,USD_MT,30.040216,30,2019,0
1844,2019-01-23,2019-01-23,TC5,SPOT,USD_MT,29.812,30,2019,0
1843,2019-01-24,2019-01-24,TC5,SPOT,USD_MT,28.84156800000001,30,2019,0
1842,2019-01-25,2019-01-25,TC5,SPOT,USD_MT,27.756,30,2019,0
1841,2019-01-28,2019-01-28,TC5,SPOT,USD_MT,26.214,30,2019,0
1840,2019-01-29,2019-01-29,TC5,SPOT,USD_MT,25.368984,30,2019,0
1839,2019-01-30,2019-01-30,TC5,SPOT,USD_MT,25.243568,30,2019,0
1838,2019-01-31,2019-01-31,TC5,SPOT,USD_MT,25.23123200000001,30,2019,0
1837,2019-02-01,2019-02-01,TC5,SPOT,USD_MT,25.186,27,2019,0
1836,2019-02-04,2019-02-04,TC5,SPOT,USD_MT,25.070864,27,2019,0
1835,2019-02-05,2019-02-05,TC5,SPOT,USD_MT,24.916664,27,2019,0
1834,2019-02-06,2019-02-06,TC5,SPOT,USD_MT,24.787136,27,2019,0
1833,2019-02-07,2019-02-07,TC5,SPOT,USD_MT,24.556864,27,2019,0
1832,2019-02-08,2019-02-08,TC5,SPOT,USD_MT,24.511632,27,2019,0
1831,2019-02-11,2019-02-11,TC5,SPOT,USD_MT,24.534248,27,2019,0
1830,2019-02-12,2019-02-12,TC5,SPOT,USD_MT,24.340984,27,2019,0
1829,2019-02-13,2019-02-13,TC5,SPOT,USD_MT,23.586432,27,2019,0
1828,2019-02-14,2019-02-14,TC5,SPOT,USD_MT,23.245136,27,2019,0
1827,2019-02-15,2019-02-15,TC5,SPOT,USD_MT,23.187568,27,2019,0
1826,2019-02-18,2019-02-18,TC5,SPOT,USD_MT,22.90178400000001,27,2019,0
1825,2019-02-19,2019-02-19,TC5,SPOT,USD_MT,22.616,27,2019,0
1824,2019-02-20,2019-02-20,TC5,SPOT,USD_MT,22.558432,27,2019,0
1823,2019-02-21,2019-02-21,TC5,SPOT,USD_MT,22.387784,27,2019,0
1822,2019-02-22,2019-02-22,TC5,SPOT,USD_MT,22.558432,27,2019,0
1821,2019-02-25,2019-02-25,TC5,SPOT,USD_MT,22.558432,27,2019,0
1820,2019-02-27,2019-02-27,TC5,SPOT,USD_MT,22.616,27,2019,0
1819,2019-02-28,2019-02-28,TC5,SPOT,USD_MT,22.593384,27,2019,0
1818,2019-03-01,2019-03-01,TC5,SPOT,USD_MT,22.593384,30,2019,0
1817,2019-03-04,2019-03-04,TC5,SPOT,USD_MT,22.535816,30,2019,0
1816,2019-03-05,2019-03-05,TC5,SPOT,USD_MT,22.217136,30,2019,0
1815,2019-03-06,2019-03-06,TC5,SPOT,USD_MT,22.217136,30,2019,0
1814,2019-03-07,2019-03-07,TC5,SPOT,USD_MT,22.272648,30,2019,0
1813,2019-03-08,2019-03-08,TC5,SPOT,USD_MT,22.445352,30,2019,0
1812,2019-03-11,2019-03-11,TC5,SPOT,USD_MT,22.616,30,2019,0
1811,2019-03-12,2019-03-12,TC5,SPOT,USD_MT,22.616,30,2019,0
1810,2019-03-13,2019-03-13,TC5,SPOT,USD_MT,22.616,30,2019,0
1809,2019-03-14,2019-03-14,TC5,SPOT,USD_MT,22.731136,30,2019,0
1808,2019-03-15,2019-03-15,TC5,SPOT,USD_MT,22.731136,30,2019,0
1807,2019-03-18,2019-03-18,TC5,SPOT,USD_MT,23.13,30,2019,0
1806,2019-03-19,2019-03-19,TC5,SPOT,USD_MT,23.415784,30,2019,0
1805,2019-03-20,2019-03-20,TC5,SPOT,USD_MT,23.5926,30,2019,0
1804,2019-03-21,2019-03-21,TC5,SPOT,USD_MT,23.644,30,2019,0
1803,2019-03-22,2019-03-22,TC5,SPOT,USD_MT,23.724184,30,2019,0
1802,2019-03-25,2019-03-25,TC5,SPOT,USD_MT,23.656336,30,2019,0
1801,2019-03-26,2019-03-26,TC5,SPOT,USD_MT,23.473352,30,2019,0
1800,2019-03-27,2019-03-27,TC5,SPOT,USD_MT,23.300648,30,2019,0
1799,2019-03-28,2019-03-28,TC5,SPOT,USD_MT,23.014864,30,2019,0
1798,2019-03-29,2019-03-29,TC5,SPOT,USD_MT,22.673568,30,2019,0
1797,2019-04-01,2019-04-01,TC5,SPOT,USD_MT,22.673568,29,2019,0
1796,2019-04-02,2019-04-02,TC5,SPOT,USD_MT,22.500864,29,2019,0
1795,2019-04-03,2019-04-03,TC5,SPOT,USD_MT,22.330216,29,2019,0
1794,2019-04-04,2019-04-04,TC5,SPOT,USD_MT,21.2796,29,2019,0
1793,2019-04-05,2019-04-05,TC5,SPOT,USD_MT,20.697752,29,2019,0
1792,2019-04-08,2019-04-08,TC5,SPOT,USD_MT,20.444864,29,2019,0
1791,2019-04-09,2019-04-09,TC5,SPOT,USD_MT,19.647136,29,2019,0
1790,2019-04-10,2019-04-10,TC5,SPOT,USD_MT,19.554616,29,2019,0
1789,2019-04-11,2019-04-11,TC5,SPOT,USD_MT,19.246216,29,2019,0
1788,2019-04-12,2019-04-12,TC5,SPOT,USD_MT,19.018,29,2019,0
1787,2019-04-15,2019-04-15,TC5,SPOT,USD_MT,18.619136,29,2019,0
1786,2019-04-16,2019-04-16,TC5,SPOT,USD_MT,18.561568,29,2019,0
1785,2019-04-17,2019-04-17,TC5,SPOT,USD_MT,18.504,29,2019,0
1784,2019-04-18,2019-04-18,TC5,SPOT,USD_MT,18.504,29,2019,0
1783,2019-04-23,2019-04-23,TC5,SPOT,USD_MT,18.504,29,2019,0
1782,2019-04-24,2019-04-24,TC5,SPOT,USD_MT,18.584184,29,2019,0
1781,2019-04-25,2019-04-25,TC5,SPOT,USD_MT,18.902864,29,2019,0
1780,2019-04-26,2019-04-26,TC5,SPOT,USD_MT,19.714984,29,2019,0
1779,2019-04-29,2019-04-29,TC5,SPOT,USD_MT,20.331784,29,2019,0
1778,2019-04-30,2019-04-30,TC5,SPOT,USD_MT,21.450248,29,2019,0
1777,2019-05-01,2019-05-01,TC5,SPOT,USD_MT,21.588,30,2019,0
1776,2019-05-02,2019-05-02,TC5,SPOT,USD_MT,21.588,30,2019,0
1775,2019-05-03,2019-05-03,TC5,SPOT,USD_MT,21.873784,30,2019,0
1774,2019-05-07,2019-05-07,TC5,SPOT,USD_MT,23.586432,30,2019,0
1773,2019-05-08,2019-05-08,TC5,SPOT,USD_MT,24.100432,30,2019,0
1772,2019-05-09,2019-05-09,TC5,SPOT,USD_MT,24.328648,30,2019,0
1771,2019-05-10,2019-05-10,TC5,SPOT,USD_MT,24.273136,30,2019,0
1770,2019-05-13,2019-05-13,TC5,SPOT,USD_MT,24.273136,30,2019,0
1769,2019-05-14,2019-05-14,TC5,SPOT,USD_MT,24.170336,30,2019,0
1768,2019-05-15,2019-05-15,TC5,SPOT,USD_MT,24.170336,30,2019,0
1767,2019-05-16,2019-05-16,TC5,SPOT,USD_MT,24.39855200000001,30,2019,0
1766,2019-05-17,2019-05-17,TC5,SPOT,USD_MT,24.427336,30,2019,0
1765,2019-05-20,2019-05-20,TC5,SPOT,USD_MT,24.328648,30,2019,0
1764,2019-05-21,2019-05-21,TC5,SPOT,USD_MT,24.180616,30,2019,0
1763,2019-05-22,2019-05-22,TC5,SPOT,USD_MT,23.940064,30,2019,0
1762,2019-05-23,2019-05-23,TC5,SPOT,USD_MT,24.042864,30,2019,0
1761,2019-05-24,2019-05-24,TC5,SPOT,USD_MT,24.100432,30,2019,0
1760,2019-05-28,2019-05-28,TC5,SPOT,USD_MT,24.100432,30,2019,0
1759,2019-05-29,2019-05-29,TC5,SPOT,USD_MT,24.077816,30,2019,0
1758,2019-05-30,2019-05-30,TC5,SPOT,USD_MT,24.123048,30,2019,0
1757,2019-05-31,2019-05-31,TC5,SPOT,USD_MT,24.090152,30,2019,0
1756,2019-06-03,2019-06-03,TC5,SPOT,USD_MT,24.009968,29,2019,0
1755,2019-06-04,2019-06-04,TC5,SPOT,USD_MT,24.090152,29,2019,0
1754,2019-06-05,2019-06-05,TC5,SPOT,USD_MT,24.0552,29,2019,0
1753,2019-06-06,2019-06-06,TC5,SPOT,USD_MT,23.997632,29,2019,0
1752,2019-06-07,2019-06-07,TC5,SPOT,USD_MT,23.997632,29,2019,0
1751,2019-06-10,2019-06-10,TC5,SPOT,USD_MT,23.884552,29,2019,0
1750,2019-06-11,2019-06-11,TC5,SPOT,USD_MT,23.70156800000001,29,2019,0
1749,2019-06-12,2019-06-12,TC5,SPOT,USD_MT,23.586432,29,2019,0
1748,2019-06-13,2019-06-13,TC5,SPOT,USD_MT,23.220464,29,2019,0
1747,2019-06-14,2019-06-14,TC5,SPOT,USD_MT,23.084768,29,2019,0
1746,2019-06-17,2019-06-17,TC5,SPOT,USD_MT,23.290368,29,2019,0
1745,2019-06-18,2019-06-18,TC5,SPOT,USD_MT,23.52886400000001,29,2019,0
1744,2019-06-19,2019-06-19,TC5,SPOT,USD_MT,23.644,29,2019,0
1743,2019-06-20,2019-06-20,TC5,SPOT,USD_MT,23.358216,29,2019,0
1742,2019-06-21,2019-06-21,TC5,SPOT,USD_MT,23.15261600000001,29,2019,0
1741,2019-06-24,2019-06-24,TC5,SPOT,USD_MT,23.187568,29,2019,0
1740,2019-06-25,2019-06-25,TC5,SPOT,USD_MT,22.959352,29,2019,0
1739,2019-06-26,2019-06-26,TC5,SPOT,USD_MT,22.959352,29,2019,0
1738,2019-06-27,2019-06-27,TC5,SPOT,USD_MT,22.616,29,2019,0
1737,2019-06-28,2019-06-28,TC5,SPOT,USD_MT,22.731136,29,2019,0
1736,2019-07-01,2019-07-01,TC5,SPOT,USD_MT,21.931352,30,2019,0
1735,2019-07-02,2019-07-02,TC5,SPOT,USD_MT,20.675136,30,2019,0
1734,2019-07-03,2019-07-03,TC5,SPOT,USD_MT,20.502432,30,2019,0
1733,2019-07-04,2019-07-04,TC5,SPOT,USD_MT,20.023384,30,2019,0
1732,2019-07-05,2019-07-05,TC5,SPOT,USD_MT,19.3264,30,2019,0
1731,2019-07-08,2019-07-08,TC5,SPOT,USD_MT,18.902864,30,2019,0
1730,2019-07-09,2019-07-09,TC5,SPOT,USD_MT,18.6068,30,2019,0
1729,2019-07-10,2019-07-10,TC5,SPOT,USD_MT,19.075568,30,2019,0
1728,2019-07-11,2019-07-11,TC5,SPOT,USD_MT,20.046,30,2019,0
1727,2019-07-12,2019-07-12,TC5,SPOT,USD_MT,20.091232,30,2019,0
1726,2019-07-15,2019-07-15,TC5,SPOT,USD_MT,19.988432,30,2019,0
1725,2019-07-16,2019-07-16,TC5,SPOT,USD_MT,19.725264,30,2019,0
1724,2019-07-17,2019-07-17,TC5,SPOT,USD_MT,19.464152,30,2019,0
1723,2019-07-18,2019-07-18,TC5,SPOT,USD_MT,19.566952,30,2019,0
1722,2019-07-19,2019-07-19,TC5,SPOT,USD_MT,19.7376,30,2019,0
1721,2019-07-22,2019-07-22,TC5,SPOT,USD_MT,19.8404,30,2019,0
1720,2019-07-23,2019-07-23,TC5,SPOT,USD_MT,20.068616,30,2019,0
1719,2019-07-24,2019-07-24,TC5,SPOT,USD_MT,19.875352,30,2019,0
1718,2019-07-25,2019-07-25,TC5,SPOT,USD_MT,19.817784,30,2019,0
1717,2019-07-26,2019-07-26,TC5,SPOT,USD_MT,19.647136,30,2019,0
1716,2019-07-29,2019-07-29,TC5,SPOT,USD_MT,19.669752,30,2019,0
1715,2019-07-30,2019-07-30,TC5,SPOT,USD_MT,19.474432,30,2019,0
1714,2019-07-31,2019-07-31,TC5,SPOT,USD_MT,19.416864,30,2019,0
1713,2019-08-01,2019-08-01,TC5,SPOT,USD_MT,19.474432,30,2019,0
1712,2019-08-02,2019-08-02,TC5,SPOT,USD_MT,19.680032,30,2019,0
1711,2019-08-05,2019-08-05,TC5,SPOT,USD_MT,20.274216,30,2019,0
1710,2019-08-06,2019-08-06,TC5,SPOT,USD_MT,23.014864,30,2019,0
1709,2019-08-07,2019-08-07,TC5,SPOT,USD_MT,23.894832,30,2019,0
1708,2019-08-08,2019-08-08,TC5,SPOT,USD_MT,23.929784,30,2019,0
1707,2019-08-09,2019-08-09,TC5,SPOT,USD_MT,23.730352,30,2019,0
1706,2019-08-12,2019-08-12,TC5,SPOT,USD_MT,23.644,30,2019,0
1705,2019-08-13,2019-08-13,TC5,SPOT,USD_MT,23.52886400000001,30,2019,0
1704,2019-08-14,2019-08-14,TC5,SPOT,USD_MT,22.044432,30,2019,0
1703,2019-08-15,2019-08-15,TC5,SPOT,USD_MT,21.703136,30,2019,0
1702,2019-08-16,2019-08-16,TC5,SPOT,USD_MT,21.302216,30,2019,0
1701,2019-08-19,2019-08-19,TC5,SPOT,USD_MT,21.7936,30,2019,0
1700,2019-08-20,2019-08-20,TC5,SPOT,USD_MT,22.558432,30,2019,0
1699,2019-08-21,2019-08-21,TC5,SPOT,USD_MT,22.764032,30,2019,0
1698,2019-08-22,2019-08-22,TC5,SPOT,USD_MT,23.072432,30,2019,0
1697,2019-08-23,2019-08-23,TC5,SPOT,USD_MT,24.591816,30,2019,0
1696,2019-08-27,2019-08-27,TC5,SPOT,USD_MT,25.47178400000001,30,2019,0
1695,2019-08-28,2019-08-28,TC5,SPOT,USD_MT,25.584864,30,2019,0
1694,2019-08-29,2019-08-29,TC5,SPOT,USD_MT,25.642432,30,2019,0
1693,2019-08-30,2019-08-30,TC5,SPOT,USD_MT,25.584864,30,2019,0
1692,2019-09-02,2019-09-02,TC5,SPOT,USD_MT,25.47178400000001,29,2019,0
1691,2019-09-03,2019-09-03,TC5,SPOT,USD_MT,24.842648,29,2019,0
1690,2019-09-04,2019-09-04,TC5,SPOT,USD_MT,24.614432,29,2019,0
1689,2019-09-05,2019-09-05,TC5,SPOT,USD_MT,24.100432,29,2019,0
1688,2019-09-06,2019-09-06,TC5,SPOT,USD_MT,23.759136,29,2019,0
1687,2019-09-09,2019-09-09,TC5,SPOT,USD_MT,23.415784,29,2019,0
1686,2019-09-10,2019-09-10,TC5,SPOT,USD_MT,23.245136,29,2019,0
1685,2019-09-11,2019-09-11,TC5,SPOT,USD_MT,23.164952,29,2019,0
1684,2019-09-12,2019-09-12,TC5,SPOT,USD_MT,23.072432,29,2019,0
1683,2019-09-13,2019-09-13,TC5,SPOT,USD_MT,23.014864,29,2019,0
1682,2019-09-16,2019-09-16,TC5,SPOT,USD_MT,22.959352,29,2019,0
1681,2019-09-17,2019-09-17,TC5,SPOT,USD_MT,22.731136,29,2019,0
1680,2019-09-18,2019-09-18,TC5,SPOT,USD_MT,21.359784,29,2019,0
1679,2019-09-19,2019-09-19,TC5,SPOT,USD_MT,19.863016,29,2019,0
1678,2019-09-20,2019-09-20,TC5,SPOT,USD_MT,19.566952,29,2019,0
1677,2019-09-23,2019-09-23,TC5,SPOT,USD_MT,19.599848,29,2019,0
1676,2019-09-24,2019-09-24,TC5,SPOT,USD_MT,19.349016,29,2019,0
1675,2019-09-25,2019-09-25,TC5,SPOT,USD_MT,19.532,29,2019,0
1674,2019-09-26,2019-09-26,TC5,SPOT,USD_MT,20.854008,29,2019,0
1673,2019-09-27,2019-09-27,TC5,SPOT,USD_MT,21.189136,29,2019,0
1672,2019-09-30,2019-09-30,TC5,SPOT,USD_MT,21.302216,29,2019,0
1671,2019-10-01,2019-10-01,TC5,SPOT,USD_MT,21.359784,30,2019,0
1670,2019-10-02,2019-10-02,TC5,SPOT,USD_MT,21.565384,30,2019,0
1669,2019-10-03,2019-10-03,TC5,SPOT,USD_MT,22.786648,30,2019,0
1668,2019-10-04,2019-10-04,TC5,SPOT,USD_MT,23.52886400000001,30,2019,0
1667,2019-10-07,2019-10-07,TC5,SPOT,USD_MT,24.501352,30,2019,0
1666,2019-10-08,2019-10-08,TC5,SPOT,USD_MT,25.301136,30,2019,0
1665,2019-10-09,2019-10-09,TC5,SPOT,USD_MT,26.09886400000001,30,2019,0
1664,2019-10-10,2019-10-10,TC5,SPOT,USD_MT,26.956216,30,2019,0
1663,2019-10-11,2019-10-11,TC5,SPOT,USD_MT,30.210864,30,2019,0
1662,2019-10-14,2019-10-14,TC5,SPOT,USD_MT,42.719568,30,2019,0
1661,2019-10-15,2019-10-15,TC5,SPOT,USD_MT,58.480864,30,2019,0
1660,2019-10-16,2019-10-16,TC5,SPOT,USD_MT,58.93935200000001,30,2019,0
1659,2019-10-17,2019-10-17,TC5,SPOT,USD_MT,52.65621600000001,30,2019,0
1658,2019-10-18,2019-10-18,TC5,SPOT,USD_MT,47.859568,30,2019,0
1657,2019-10-21,2019-10-21,TC5,SPOT,USD_MT,44.547352,30,2019,0
1656,2019-10-22,2019-10-22,TC5,SPOT,USD_MT,41.235136,30,2019,0
1655,2019-10-23,2019-10-23,TC5,SPOT,USD_MT,38.379352,30,2019,0
1654,2019-10-24,2019-10-24,TC5,SPOT,USD_MT,33.981568,30,2019,0
1653,2019-10-25,2019-10-25,TC5,SPOT,USD_MT,32.89600000000001,30,2019,0
1652,2019-10-28,2019-10-28,TC5,SPOT,USD_MT,32.38200000000001,30,2019,0
1651,2019-10-29,2019-10-29,TC5,SPOT,USD_MT,32.153784,30,2019,0
1650,2019-10-30,2019-10-30,TC5,SPOT,USD_MT,31.697352,30,2019,0
1649,2019-10-31,2019-10-31,TC5,SPOT,USD_MT,31.469136,30,2019,0
1648,2019-11-01,2019-11-01,TC5,SPOT,USD_MT,31.354,29,2019,0
1647,2019-11-04,2019-11-04,TC5,SPOT,USD_MT,31.23886400000001,29,2019,0
1646,2019-11-05,2019-11-05,TC5,SPOT,USD_MT,30.782432,29,2019,0
1645,2019-11-06,2019-11-06,TC5,SPOT,USD_MT,29.812,29,2019,0
1644,2019-11-07,2019-11-07,TC5,SPOT,USD_MT,29.641352,29,2019,0
1643,2019-11-08,2019-11-08,TC5,SPOT,USD_MT,29.46864800000001,29,2019,0
1642,2019-11-11,2019-11-11,TC5,SPOT,USD_MT,28.327568,29,2019,0
1641,2019-11-12,2019-11-12,TC5,SPOT,USD_MT,26.791736,29,2019,0
1640,2019-11-13,2019-11-13,TC5,SPOT,USD_MT,26.72800000000001,29,2019,0
1639,2019-11-14,2019-11-14,TC5,SPOT,USD_MT,27.242,29,2019,0
1638,2019-11-15,2019-11-15,TC5,SPOT,USD_MT,29.98264800000001,29,2019,0
1637,2019-11-18,2019-11-18,TC5,SPOT,USD_MT,30.210864,29,2019,0
1636,2019-11-19,2019-11-19,TC5,SPOT,USD_MT,30.955136,29,2019,0
1635,2019-11-20,2019-11-20,TC5,SPOT,USD_MT,31.752864,29,2019,0
1634,2019-11-21,2019-11-21,TC5,SPOT,USD_MT,32.21135200000001,29,2019,0
1633,2019-11-22,2019-11-22,TC5,SPOT,USD_MT,32.038648,29,2019,0
1632,2019-11-25,2019-11-25,TC5,SPOT,USD_MT,32.09621600000001,29,2019,0
1631,2019-11-26,2019-11-26,TC5,SPOT,USD_MT,32.266864,29,2019,0
1630,2019-11-27,2019-11-27,TC5,SPOT,USD_MT,32.324432,29,2019,0
1629,2019-11-28,2019-11-28,TC5,SPOT,USD_MT,32.153784,29,2019,0
1628,2019-11-29,2019-11-29,TC5,SPOT,USD_MT,31.125784,29,2019,0
1627,2019-12-02,2019-12-02,TC5,SPOT,USD_MT,30.955136,30,2019,0
1626,2019-12-03,2019-12-03,TC5,SPOT,USD_MT,31.125784,30,2019,0
1625,2019-12-04,2019-12-04,TC5,SPOT,USD_MT,30.969528,30,2019,0
1624,2019-12-05,2019-12-05,TC5,SPOT,USD_MT,30.782432,30,2019,0
1623,2019-12-06,2019-12-06,TC5,SPOT,USD_MT,30.782432,30,2019,0
1622,2019-12-09,2019-12-09,TC5,SPOT,USD_MT,30.782432,30,2019,0
1621,2019-12-10,2019-12-10,TC5,SPOT,USD_MT,31.296432,30,2019,0
1620,2019-12-11,2019-12-11,TC5,SPOT,USD_MT,32.005752,30,2019,0
1619,2019-12-12,2019-12-12,TC5,SPOT,USD_MT,32.21135200000001,30,2019,0
1618,2019-12-13,2019-12-13,TC5,SPOT,USD_MT,32.09621600000001,30,2019,0
1617,2019-12-16,2019-12-16,TC5,SPOT,USD_MT,31.98313600000001,30,2019,0
1616,2019-12-17,2019-12-17,TC5,SPOT,USD_MT,31.925568,30,2019,0
1615,2019-12-18,2019-12-18,TC5,SPOT,USD_MT,32.038648,30,2019,0
1614,2019-12-19,2019-12-19,TC5,SPOT,USD_MT,32.780864,30,2019,0
1613,2019-12-20,2019-12-20,TC5,SPOT,USD_MT,34.723784,30,2019,0
1612,2019-12-23,2019-12-23,TC5,SPOT,USD_MT,36.66464800000001,30,2019,0
1611,2019-12-24,2019-12-24,TC5,SPOT,USD_MT,37.35135200000001,30,2019,0
1610,2020-01-02,2020-01-02,TC5,SPOT,USD_MT,38.53270800000001,30,2020,0
1609,2020-01-03,2020-01-03,TC5,SPOT,USD_MT,38.47381200000001,30,2020,0
1608,2020-01-06,2020-01-06,TC5,SPOT,USD_MT,37.968288,30,2020,0
1607,2020-01-07,2020-01-07,TC5,SPOT,USD_MT,36.89098200000001,30,2020,0
1606,2020-01-08,2020-01-08,TC5,SPOT,USD_MT,36.30447600000001,30,2020,0
1605,2020-01-09,2020-01-09,TC5,SPOT,USD_MT,35.78668200000001,30,2020,0
1604,2020-01-10,2020-01-10,TC5,SPOT,USD_MT,35.51428800000001,30,2020,0
1603,2020-01-13,2020-01-13,TC5,SPOT,USD_MT,35.310606,30,2020,0
1602,2020-01-14,2020-01-14,TC5,SPOT,USD_MT,35.173182,30,2020,0
1601,2020-01-15,2020-01-15,TC5,SPOT,USD_MT,34.69710600000001,30,2020,0
1600,2020-01-16,2020-01-16,TC5,SPOT,USD_MT,34.083606,30,2020,0
1599,2020-01-17,2020-01-17,TC5,SPOT,USD_MT,32.856606,30,2020,0
1598,2020-01-20,2020-01-20,TC5,SPOT,USD_MT,31.698318,30,2020,0
1597,2020-01-21,2020-01-21,TC5,SPOT,USD_MT,30.812424,30,2020,0
1596,2020-01-22,2020-01-22,TC5,SPOT,USD_MT,29.85781800000001,30,2020,0
1595,2020-01-23,2020-01-23,TC5,SPOT,USD_MT,23.420976,30,2020,0
1594,2020-01-24,2020-01-24,TC5,SPOT,USD_MT,23.327724,30,2020,0
1593,2020-01-27,2020-01-27,TC5,SPOT,USD_MT,23.224656,30,2020,0
1592,2020-01-28,2020-01-28,TC5,SPOT,USD_MT,22.562076,30,2020,0
1591,2020-01-29,2020-01-29,TC5,SPOT,USD_MT,22.495818,30,2020,0
1590,2020-01-30,2020-01-30,TC5,SPOT,USD_MT,22.495818,30,2020,0
1589,2020-01-31,2020-01-31,TC5,SPOT,USD_MT,22.726494,30,2020,0
1588,2020-02-03,2020-02-03,TC5,SPOT,USD_MT,22.591524,28,2020,0
1587,2020-02-04,2020-02-04,TC5,SPOT,USD_MT,22.836924,28,2020,0
1586,2020-02-05,2020-02-05,TC5,SPOT,USD_MT,22.630788,28,2020,0
1585,2020-02-06,2020-02-06,TC5,SPOT,USD_MT,22.562076,28,2020,0
1584,2020-02-07,2020-02-07,TC5,SPOT,USD_MT,22.630788,28,2020,0
1583,2020-02-10,2020-02-10,TC5,SPOT,USD_MT,22.562076,28,2020,0
1582,2020-02-11,2020-02-11,TC5,SPOT,USD_MT,22.562076,28,2020,0
1581,2020-02-12,2020-02-12,TC5,SPOT,USD_MT,22.768212,28,2020,0
1580,2020-02-13,2020-02-13,TC5,SPOT,USD_MT,22.768212,28,2020,0
1579,2020-02-14,2020-02-14,TC5,SPOT,USD_MT,23.109318,28,2020,0
1578,2020-02-17,2020-02-17,TC5,SPOT,USD_MT,26.652894,28,2020,0
1577,2020-02-18,2020-02-18,TC5,SPOT,USD_MT,27.94860600000001,28,2020,0
1576,2020-02-19,2020-02-19,TC5,SPOT,USD_MT,28.083576,28,2020,0
1575,2020-02-20,2020-02-20,TC5,SPOT,USD_MT,27.94860600000001,28,2020,0
1574,2020-02-21,2020-02-21,TC5,SPOT,USD_MT,27.744924,28,2020,0
1573,2020-02-24,2020-02-24,TC5,SPOT,USD_MT,27.197682,28,2020,0
1572,2020-02-25,2020-02-25,TC5,SPOT,USD_MT,25.1535,28,2020,0
1571,2020-02-26,2020-02-26,TC5,SPOT,USD_MT,24.647976,28,2020,0
1570,2020-02-27,2020-02-27,TC5,SPOT,USD_MT,24.54,28,2020,0
1569,2020-02-28,2020-02-28,TC5,SPOT,USD_MT,24.54,28,2020,0
1568,2020-03-02,2020-03-02,TC5,SPOT,USD_MT,24.608712,30,2020,0
1567,2020-03-03,2020-03-03,TC5,SPOT,USD_MT,25.629576,30,2020,0
1566,2020-03-04,2020-03-04,TC5,SPOT,USD_MT,29.106894,30,2020,0
1565,2020-03-05,2020-03-05,TC5,SPOT,USD_MT,30.471318,30,2020,0
1564,2020-03-06,2020-03-06,TC5,SPOT,USD_MT,30.60628800000001,30,2020,0
1563,2020-03-09,2020-03-09,TC5,SPOT,USD_MT,32.991576,30,2020,0
1562,2020-03-10,2020-03-10,TC5,SPOT,USD_MT,36.94742400000001,30,2020,0
1561,2020-03-11,2020-03-11,TC5,SPOT,USD_MT,37.899576,30,2020,0
1560,2020-03-12,2020-03-12,TC5,SPOT,USD_MT,39.19528800000001,30,2020,0
1559,2020-03-13,2020-03-13,TC5,SPOT,USD_MT,39.605106,30,2020,0
1558,2020-03-16,2020-03-16,TC5,SPOT,USD_MT,40.01492400000001,30,2020,0
1557,2020-03-17,2020-03-17,TC5,SPOT,USD_MT,42.262788,30,2020,0
1556,2020-03-18,2020-03-18,TC5,SPOT,USD_MT,42.807576,30,2020,0
1555,2020-03-19,2020-03-19,TC5,SPOT,USD_MT,42.33150000000001,30,2020,0
1554,2020-03-20,2020-03-20,TC5,SPOT,USD_MT,41.10450000000001,30,2020,0
1553,2020-03-23,2020-03-23,TC5,SPOT,USD_MT,41.008794,30,2020,0
1552,2020-03-24,2020-03-24,TC5,SPOT,USD_MT,41.241924,30,2020,0
1551,2020-03-25,2020-03-25,TC5,SPOT,USD_MT,40.353576,30,2020,0
1550,2020-03-26,2020-03-26,TC5,SPOT,USD_MT,40.28731800000001,30,2020,0
1549,2020-03-27,2020-03-27,TC5,SPOT,USD_MT,41.035788,30,2020,0
1548,2020-03-30,2020-03-30,TC5,SPOT,USD_MT,42.53518200000001,30,2020,0
1547,2020-03-31,2020-03-31,TC5,SPOT,USD_MT,45.67139400000001,30,2020,0
1546,2020-04-01,2020-04-01,TC5,SPOT,USD_MT,47.853,29,2020,0
1545,2020-04-02,2020-04-02,TC5,SPOT,USD_MT,50.44442400000001,29,2020,0
1544,2020-04-03,2020-04-03,TC5,SPOT,USD_MT,50.44442400000001,29,2020,0
1543,2020-04-06,2020-04-06,TC5,SPOT,USD_MT,50.57939400000001,29,2020,0
1542,2020-04-07,2020-04-07,TC5,SPOT,USD_MT,46.76342400000001,29,2020,0
1541,2020-04-08,2020-04-08,TC5,SPOT,USD_MT,49.76221200000001,29,2020,0
1540,2020-04-09,2020-04-09,TC5,SPOT,USD_MT,52.680018,29,2020,0
1539,2020-04-14,2020-04-14,TC5,SPOT,USD_MT,53.64689400000001,29,2020,0
1538,2020-04-15,2020-04-15,TC5,SPOT,USD_MT,53.51192400000001,29,2020,0
1537,2020-04-16,2020-04-16,TC5,SPOT,USD_MT,55.89721200000001,29,2020,0
1536,2020-04-17,2020-04-17,TC5,SPOT,USD_MT,58.28250000000001,29,2020,0
1535,2020-04-20,2020-04-20,TC5,SPOT,USD_MT,64.89357600000001,29,2020,0
1534,2020-04-21,2020-04-21,TC5,SPOT,USD_MT,82.34642400000001,29,2020,0
1533,2020-04-22,2020-04-22,TC5,SPOT,USD_MT,102.523212,29,2020,0
1532,2020-04-23,2020-04-23,TC5,SPOT,USD_MT,112.339212,29,2020,0
1531,2020-04-24,2020-04-24,TC5,SPOT,USD_MT,114.111,29,2020,0
1530,2020-04-27,2020-04-27,TC5,SPOT,USD_MT,113.021424,29,2020,0
1529,2020-04-28,2020-04-28,TC5,SPOT,USD_MT,113.701182,29,2020,0
1528,2020-04-29,2020-04-29,TC5,SPOT,USD_MT,111.384606,29,2020,0
1527,2020-04-30,2020-04-30,TC5,SPOT,USD_MT,109.747788,29,2020,0
1526,2020-05-01,2020-05-01,TC5,SPOT,USD_MT,110.940432,30,2020,0
1525,2020-05-04,2020-05-04,TC5,SPOT,USD_MT,107.976,30,2020,0
1524,2020-05-05,2020-05-05,TC5,SPOT,USD_MT,103.340394,30,2020,0
1523,2020-05-06,2020-05-06,TC5,SPOT,USD_MT,100.204182,30,2020,0
1522,2020-05-07,2020-05-07,TC5,SPOT,USD_MT,99.03607800000002,30,2020,0
1521,2020-05-11,2020-05-11,TC5,SPOT,USD_MT,94.069182,30,2020,0
1520,2020-05-12,2020-05-12,TC5,SPOT,USD_MT,81.936606,30,2020,0
1519,2020-05-13,2020-05-13,TC5,SPOT,USD_MT,73.347606,30,2020,0
1518,2020-05-14,2020-05-14,TC5,SPOT,USD_MT,51.671424,30,2020,0
1517,2020-05-15,2020-05-15,TC5,SPOT,USD_MT,43.89960600000001,30,2020,0
1516,2020-05-18,2020-05-18,TC5,SPOT,USD_MT,43.082424,30,2020,0
1515,2020-05-19,2020-05-19,TC5,SPOT,USD_MT,40.08118200000001,30,2020,0
1514,2020-05-20,2020-05-20,TC5,SPOT,USD_MT,38.991606,30,2020,0
1513,2020-05-21,2020-05-21,TC5,SPOT,USD_MT,35.310606,30,2020,0
1512,2020-05-22,2020-05-22,TC5,SPOT,USD_MT,34.083606,30,2020,0
1511,2020-05-26,2020-05-26,TC5,SPOT,USD_MT,33.470106,30,2020,0
1510,2020-05-27,2020-05-27,TC5,SPOT,USD_MT,32.324088,30,2020,0
1509,2020-05-28,2020-05-28,TC5,SPOT,USD_MT,31.833288,30,2020,0
1508,2020-05-29,2020-05-29,TC5,SPOT,USD_MT,30.812424,30,2020,0
1507,2020-06-01,2020-06-01,TC5,SPOT,USD_MT,29.448,29,2020,0
1506,2020-06-02,2020-06-02,TC5,SPOT,USD_MT,27.6075,29,2020,0
1505,2020-06-03,2020-06-03,TC5,SPOT,USD_MT,25.357182,29,2020,0
1504,2020-06-04,2020-06-04,TC5,SPOT,USD_MT,21.212376,29,2020,0
1503,2020-06-05,2020-06-05,TC5,SPOT,USD_MT,20.108076,29,2020,0
1502,2020-06-08,2020-06-08,TC5,SPOT,USD_MT,19.428318,29,2020,0
1501,2020-06-09,2020-06-09,TC5,SPOT,USD_MT,18.063894,29,2020,0
1500,2020-06-10,2020-06-10,TC5,SPOT,USD_MT,17.178,29,2020,0
1499,2020-06-11,2020-06-11,TC5,SPOT,USD_MT,16.836894,29,2020,0
1498,2020-06-12,2020-06-12,TC5,SPOT,USD_MT,16.905606,29,2020,0
1497,2020-06-15,2020-06-15,TC5,SPOT,USD_MT,18.105612,29,2020,0
1496,2020-06-16,2020-06-16,TC5,SPOT,USD_MT,18.336288,29,2020,0
1495,2020-06-17,2020-06-17,TC5,SPOT,USD_MT,18.814818,29,2020,0
1494,2020-06-18,2020-06-18,TC5,SPOT,USD_MT,18.677394,29,2020,0
1493,2020-06-19,2020-06-19,TC5,SPOT,USD_MT,18.677394,29,2020,0
1492,2020-06-22,2020-06-22,TC5,SPOT,USD_MT,18.677394,29,2020,0
1491,2020-06-23,2020-06-23,TC5,SPOT,USD_MT,19.700712,29,2020,0
1490,2020-06-24,2020-06-24,TC5,SPOT,USD_MT,19.63200000000001,29,2020,0
1489,2020-06-25,2020-06-25,TC5,SPOT,USD_MT,19.63200000000001,29,2020,0
1488,2020-06-26,2020-06-26,TC5,SPOT,USD_MT,19.63200000000001,29,2020,0
1487,2020-06-29,2020-06-29,TC5,SPOT,USD_MT,19.563288,29,2020,0
1486,2020-06-30,2020-06-30,TC5,SPOT,USD_MT,19.494576,29,2020,0
1485,2020-07-01,2020-07-01,TC5,SPOT,USD_MT,19.563288,30,2020,0
1484,2020-07-02,2020-07-02,TC5,SPOT,USD_MT,19.428318,30,2020,0
1483,2020-07-03,2020-07-03,TC5,SPOT,USD_MT,18.063894,30,2020,0
1482,2020-07-06,2020-07-06,TC5,SPOT,USD_MT,17.178,30,2020,0
1481,2020-07-07,2020-07-07,TC5,SPOT,USD_MT,16.905606,30,2020,0
1480,2020-07-08,2020-07-08,TC5,SPOT,USD_MT,16.265112,30,2020,0
1479,2020-07-09,2020-07-09,TC5,SPOT,USD_MT,15.065106,30,2020,0
1478,2020-07-10,2020-07-10,TC5,SPOT,USD_MT,14.41725,30,2020,0
1477,2020-07-13,2020-07-13,TC5,SPOT,USD_MT,14.424612,30,2020,0
1476,2020-07-14,2020-07-14,TC5,SPOT,USD_MT,14.218476,30,2020,0
1475,2020-07-15,2020-07-15,TC5,SPOT,USD_MT,12.473682,30,2020,0
1474,2020-07-16,2020-07-16,TC5,SPOT,USD_MT,12.407424,30,2020,0
1473,2020-07-17,2020-07-17,TC5,SPOT,USD_MT,12.338712,30,2020,0
1472,2020-07-20,2020-07-20,TC5,SPOT,USD_MT,13.428288,30,2020,0
1471,2020-07-21,2020-07-21,TC5,SPOT,USD_MT,14.316636,30,2020,0
1470,2020-07-22,2020-07-22,TC5,SPOT,USD_MT,14.247924,30,2020,0
1469,2020-07-23,2020-07-23,TC5,SPOT,USD_MT,14.179212,30,2020,0
1468,2020-07-24,2020-07-24,TC5,SPOT,USD_MT,14.191482,30,2020,0
1467,2020-07-27,2020-07-27,TC5,SPOT,USD_MT,14.206206,30,2020,0
1466,2020-07-28,2020-07-28,TC5,SPOT,USD_MT,14.559582,30,2020,0
1465,2020-07-29,2020-07-29,TC5,SPOT,USD_MT,14.724,30,2020,0
1464,2020-07-30,2020-07-30,TC5,SPOT,USD_MT,14.670012,30,2020,0
1463,2020-07-31,2020-07-31,TC5,SPOT,USD_MT,14.62584,30,2020,0
1462,2020-08-03,2020-08-03,TC5,SPOT,USD_MT,14.792712,30,2020,0
1461,2020-08-04,2020-08-04,TC5,SPOT,USD_MT,14.655288,30,2020,0
1460,2020-08-05,2020-08-05,TC5,SPOT,USD_MT,14.655288,30,2020,0
1459,2020-08-06,2020-08-06,TC5,SPOT,USD_MT,14.586576,30,2020,0
1458,2020-08-07,2020-08-07,TC5,SPOT,USD_MT,14.792712,30,2020,0
1457,2020-08-10,2020-08-10,TC5,SPOT,USD_MT,15.133818,30,2020,0
1456,2020-08-11,2020-08-11,TC5,SPOT,USD_MT,15.541182,30,2020,0
1455,2020-08-12,2020-08-12,TC5,SPOT,USD_MT,19.985376,30,2020,0
1454,2020-08-13,2020-08-13,TC5,SPOT,USD_MT,21.948576,30,2020,0
1453,2020-08-14,2020-08-14,TC5,SPOT,USD_MT,22.630788,30,2020,0
1452,2020-08-17,2020-08-17,TC5,SPOT,USD_MT,22.775574,30,2020,0
1451,2020-08-18,2020-08-18,TC5,SPOT,USD_MT,23.160852,30,2020,0
1450,2020-08-19,2020-08-19,TC5,SPOT,USD_MT,23.695824,30,2020,0
1449,2020-08-20,2020-08-20,TC5,SPOT,USD_MT,24.002574,30,2020,0
1448,2020-08-21,2020-08-21,TC5,SPOT,USD_MT,24.081102,30,2020,0
1447,2020-08-24,2020-08-24,TC5,SPOT,USD_MT,24.157176,30,2020,0
1446,2020-08-25,2020-08-25,TC5,SPOT,USD_MT,24.23325000000001,30,2020,0
1445,2020-08-26,2020-08-26,TC5,SPOT,USD_MT,24.387852,30,2020,0
1444,2020-08-27,2020-08-27,TC5,SPOT,USD_MT,24.387852,30,2020,0
1443,2020-08-28,2020-08-28,TC5,SPOT,USD_MT,24.157176,30,2020,0
1442,2020-09-01,2020-09-01,TC5,SPOT,USD_MT,21.548574,29,2020,0
1441,2020-09-02,2020-09-02,TC5,SPOT,USD_MT,19.93875,29,2020,0
1440,2020-09-03,2020-09-03,TC5,SPOT,USD_MT,18.405,29,2020,0
1439,2020-09-04,2020-09-04,TC5,SPOT,USD_MT,18.405,29,2020,0
1438,2020-09-07,2020-09-07,TC5,SPOT,USD_MT,18.559602,29,2020,0
1437,2020-09-08,2020-09-08,TC5,SPOT,USD_MT,18.022176,29,2020,0
1436,2020-09-09,2020-09-09,TC5,SPOT,USD_MT,18.405,29,2020,0
1435,2020-09-10,2020-09-10,TC5,SPOT,USD_MT,18.405,29,2020,0
1434,2020-09-11,2020-09-11,TC5,SPOT,USD_MT,18.328926,29,2020,0
1433,2020-09-14,2020-09-14,TC5,SPOT,USD_MT,17.838126,29,2020,0
1432,2020-09-15,2020-09-15,TC5,SPOT,USD_MT,17.254074,29,2020,0
1431,2020-09-16,2020-09-16,TC5,SPOT,USD_MT,16.795176,29,2020,0
1430,2020-09-17,2020-09-17,TC5,SPOT,USD_MT,15.997626,29,2020,0
1429,2020-09-18,2020-09-18,TC5,SPOT,USD_MT,16.181676,29,2020,0
1428,2020-09-21,2020-09-21,TC5,SPOT,USD_MT,16.964502,29,2020,0
1427,2020-09-22,2020-09-22,TC5,SPOT,USD_MT,16.8099,29,2020,0
1426,2020-09-23,2020-09-23,TC5,SPOT,USD_MT,16.488426,29,2020,0
1425,2020-09-24,2020-09-24,TC5,SPOT,USD_MT,16.795176,29,2020,0
1424,2020-09-25,2020-09-25,TC5,SPOT,USD_MT,17.178,29,2020,0
1423,2020-09-28,2020-09-28,TC5,SPOT,USD_MT,16.87125,29,2020,0
1422,2020-09-29,2020-09-29,TC5,SPOT,USD_MT,16.8099,29,2020,0
1421,2020-09-30,2020-09-30,TC5,SPOT,USD_MT,16.87125,29,2020,0
1420,2020-10-01,2020-10-01,TC5,SPOT,USD_MT,16.917876,30,2020,0
1419,2020-10-02,2020-10-02,TC5,SPOT,USD_MT,17.101926,30,2020,0
1418,2020-10-05,2020-10-05,TC5,SPOT,USD_MT,17.408676,30,2020,0
1417,2020-10-06,2020-10-06,TC5,SPOT,USD_MT,17.639352,30,2020,0
1416,2020-10-07,2020-10-07,TC5,SPOT,USD_MT,17.639352,30,2020,0
1415,2020-10-08,2020-10-08,TC5,SPOT,USD_MT,17.867574,30,2020,0
1414,2020-10-09,2020-10-09,TC5,SPOT,USD_MT,17.639352,30,2020,0
1413,2020-10-12,2020-10-12,TC5,SPOT,USD_MT,17.178,30,2020,0
1412,2020-10-13,2020-10-13,TC5,SPOT,USD_MT,16.947324,30,2020,0
1411,2020-10-14,2020-10-14,TC5,SPOT,USD_MT,16.947324,30,2020,0
1410,2020-10-15,2020-10-15,TC5,SPOT,USD_MT,16.719102,30,2020,0
1409,2020-10-16,2020-10-16,TC5,SPOT,USD_MT,16.640574,30,2020,0
1408,2020-10-19,2020-10-19,TC5,SPOT,USD_MT,16.640574,30,2020,0
1407,2020-10-20,2020-10-20,TC5,SPOT,USD_MT,16.412352,30,2020,0
1406,2020-10-21,2020-10-21,TC5,SPOT,USD_MT,16.412352,30,2020,0
1405,2020-10-22,2020-10-22,TC5,SPOT,USD_MT,16.105602,30,2020,0
1404,2020-10-23,2020-10-23,TC5,SPOT,USD_MT,16.027074,30,2020,0
1403,2020-10-26,2020-10-26,TC5,SPOT,USD_MT,15.077376,30,2020,0
1402,2020-10-27,2020-10-27,TC5,SPOT,USD_MT,14.738724,30,2020,0
1401,2020-10-28,2020-10-28,TC5,SPOT,USD_MT,14.449152,30,2020,0
1400,2020-10-29,2020-10-29,TC5,SPOT,USD_MT,14.4786,30,2020,0
1399,2020-10-30,2020-10-30,TC5,SPOT,USD_MT,14.954676,30,2020,0
1398,2020-11-02,2020-11-02,TC5,SPOT,USD_MT,15.106824,29,2020,0
1397,2020-11-03,2020-11-03,TC5,SPOT,USD_MT,15.492102,29,2020,0
1396,2020-11-04,2020-11-04,TC5,SPOT,USD_MT,15.492102,29,2020,0
1395,2020-11-05,2020-11-05,TC5,SPOT,USD_MT,15.874926,29,2020,0
1394,2020-11-06,2020-11-06,TC5,SPOT,USD_MT,16.027074,29,2020,0
1393,2020-11-09,2020-11-09,TC5,SPOT,USD_MT,16.412352,29,2020,0
1392,2020-11-10,2020-11-10,TC5,SPOT,USD_MT,16.795176,29,2020,0
1391,2020-11-11,2020-11-11,TC5,SPOT,USD_MT,16.917876,29,2020,0
1390,2020-11-12,2020-11-12,TC5,SPOT,USD_MT,18.054078,29,2020,0
1389,2020-11-13,2020-11-13,TC5,SPOT,USD_MT,18.667578,29,2020,0
1388,2020-11-16,2020-11-16,TC5,SPOT,USD_MT,19.106844,29,2020,0
1387,2020-11-17,2020-11-17,TC5,SPOT,USD_MT,19.806234,29,2020,0
1386,2020-11-18,2020-11-18,TC5,SPOT,USD_MT,19.894578,29,2020,0
1385,2020-11-19,2020-11-19,TC5,SPOT,USD_MT,20.071266,29,2020,0
1384,2020-11-20,2020-11-20,TC5,SPOT,USD_MT,19.982922,29,2020,0
1383,2020-11-23,2020-11-23,TC5,SPOT,USD_MT,19.806234,29,2020,0
1382,2020-11-24,2020-11-24,TC5,SPOT,USD_MT,19.457766,29,2020,0
1381,2020-11-25,2020-11-25,TC5,SPOT,USD_MT,19.369422,29,2020,0
1380,2020-11-26,2020-11-26,TC5,SPOT,USD_MT,19.070034,29,2020,0
1379,2020-11-27,2020-11-27,TC5,SPOT,USD_MT,18.844266,29,2020,0
1378,2020-11-30,2020-11-30,TC5,SPOT,USD_MT,18.493344,29,2020,0
1377,2020-12-01,2020-12-01,TC5,SPOT,USD_MT,18.667578,30,2020,0
1376,2020-12-02,2020-12-02,TC5,SPOT,USD_MT,20.333844,30,2020,0
1375,2020-12-03,2020-12-03,TC5,SPOT,USD_MT,20.508078,30,2020,0
1374,2020-12-04,2020-12-04,TC5,SPOT,USD_MT,20.596422,30,2020,0
1373,2020-12-07,2020-12-07,TC5,SPOT,USD_MT,21.033234,30,2020,0
1372,2020-12-08,2020-12-08,TC5,SPOT,USD_MT,22.260234,30,2020,0
1371,2020-12-09,2020-12-09,TC5,SPOT,USD_MT,26.292156,30,2020,0
1370,2020-12-10,2020-12-10,TC5,SPOT,USD_MT,27.168234,30,2020,0
1369,2020-12-11,2020-12-11,TC5,SPOT,USD_MT,27.695844,30,2020,0
1368,2020-12-14,2020-12-14,TC5,SPOT,USD_MT,27.168234,30,2020,0
1367,2020-12-15,2020-12-15,TC5,SPOT,USD_MT,29.097078,30,2020,0
1366,2020-12-16,2020-12-16,TC5,SPOT,USD_MT,29.27376600000001,30,2020,0
1365,2020-12-17,2020-12-17,TC5,SPOT,USD_MT,29.27376600000001,30,2020,0
1364,2020-12-18,2020-12-18,TC5,SPOT,USD_MT,28.746156,30,2020,0
1363,2020-12-21,2020-12-21,TC5,SPOT,USD_MT,28.221,30,2020,0
1362,2020-12-22,2020-12-22,TC5,SPOT,USD_MT,26.292156,30,2020,0
1361,2020-12-23,2020-12-23,TC5,SPOT,USD_MT,24.277422,30,2020,0
1360,2020-12-24,2020-12-24,TC5,SPOT,USD_MT,23.487234,30,2020,0
1359,2021-01-04,2021-01-04,TC5,SPOT,USD_MT,20.488644,30,2021,0
1358,2021-01-05,2021-01-05,TC5,SPOT,USD_MT,19.349022,30,2021,0
1357,2021-01-06,2021-01-06,TC5,SPOT,USD_MT,18.414,30,2021,0
1356,2021-01-07,2021-01-07,TC5,SPOT,USD_MT,17.916822,30,2021,0
1355,2021-01-08,2021-01-08,TC5,SPOT,USD_MT,16.294344,30,2021,0
1354,2021-01-11,2021-01-11,TC5,SPOT,USD_MT,15.8565,30,2021,0
1353,2021-01-12,2021-01-12,TC5,SPOT,USD_MT,15.711234,30,2021,0
1352,2021-01-13,2021-01-13,TC5,SPOT,USD_MT,16.294344,30,2021,0
1351,2021-01-14,2021-01-14,TC5,SPOT,USD_MT,16.734234,30,2021,0
1350,2021-01-15,2021-01-15,TC5,SPOT,USD_MT,16.8795,30,2021,0
1349,2021-01-18,2021-01-18,TC5,SPOT,USD_MT,16.734234,30,2021,0
1348,2021-01-19,2021-01-19,TC5,SPOT,USD_MT,16.001766,30,2021,0
1347,2021-01-20,2021-01-20,TC5,SPOT,USD_MT,15.563922,30,2021,0
1346,2021-01-21,2021-01-21,TC5,SPOT,USD_MT,15.418656,30,2021,0
1345,2021-01-22,2021-01-22,TC5,SPOT,USD_MT,15.345,30,2021,0
1344,2021-01-25,2021-01-25,TC5,SPOT,USD_MT,15.097434,30,2021,0
1343,2021-01-26,2021-01-26,TC5,SPOT,USD_MT,15.097434,30,2021,0
1342,2021-01-27,2021-01-27,TC5,SPOT,USD_MT,15.097434,30,2021,0
1341,2021-01-28,2021-01-28,TC5,SPOT,USD_MT,15.097434,30,2021,0
1340,2021-01-29,2021-01-29,TC5,SPOT,USD_MT,15.2427,30,2021,0
1339,2021-02-01,2021-02-01,TC5,SPOT,USD_MT,15.199734,27,2021,0
1338,2021-02-02,2021-02-02,TC5,SPOT,USD_MT,15.081066,27,2021,0
1337,2021-02-03,2021-02-03,TC5,SPOT,USD_MT,15.345,27,2021,0
1336,2021-02-04,2021-02-04,TC5,SPOT,USD_MT,15.637578,27,2021,0
1335,2021-02-05,2021-02-05,TC5,SPOT,USD_MT,16.734234,27,2021,0
1334,2021-02-08,2021-02-08,TC5,SPOT,USD_MT,16.922466,27,2021,0
1333,2021-02-09,2021-02-09,TC5,SPOT,USD_MT,16.8795,27,2021,0
1332,2021-02-10,2021-02-10,TC5,SPOT,USD_MT,16.805844,27,2021,0
1331,2021-02-11,2021-02-11,TC5,SPOT,USD_MT,16.791522,27,2021,0
1330,2021-02-12,2021-02-12,TC5,SPOT,USD_MT,16.709682,27,2021,0
1329,2021-02-15,2021-02-15,TC5,SPOT,USD_MT,16.762878,27,2021,0
1328,2021-02-16,2021-02-16,TC5,SPOT,USD_MT,16.762878,27,2021,0
1327,2021-02-17,2021-02-17,TC5,SPOT,USD_MT,16.689222,27,2021,0
1326,2021-02-18,2021-02-18,TC5,SPOT,USD_MT,16.805844,27,2021,0
1325,2021-02-19,2021-02-19,TC5,SPOT,USD_MT,16.8795,27,2021,0
1324,2021-02-22,2021-02-22,TC5,SPOT,USD_MT,17.609922,27,2021,0
1323,2021-02-23,2021-02-23,TC5,SPOT,USD_MT,17.785878,27,2021,0
1322,2021-02-24,2021-02-24,TC5,SPOT,USD_MT,18.487656,27,2021,0
1321,2021-02-25,2021-02-25,TC5,SPOT,USD_MT,18.559266,27,2021,0
1320,2021-02-26,2021-02-26,TC5,SPOT,USD_MT,18.559266,27,2021,0
1319,2021-03-01,2021-03-01,TC5,SPOT,USD_MT,18.632922,30,2021,0
1318,2021-03-02,2021-03-02,TC5,SPOT,USD_MT,18.8232,30,2021,0
1317,2021-03-03,2021-03-03,TC5,SPOT,USD_MT,18.677934,30,2021,0
1316,2021-03-04,2021-03-04,TC5,SPOT,USD_MT,18.851844,30,2021,0
1315,2021-03-05,2021-03-05,TC5,SPOT,USD_MT,18.999156,30,2021,0
1314,2021-03-08,2021-03-08,TC5,SPOT,USD_MT,19.582266,30,2021,0
1313,2021-03-09,2021-03-09,TC5,SPOT,USD_MT,21.190422,30,2021,0
1312,2021-03-10,2021-03-10,TC5,SPOT,USD_MT,21.775578,30,2021,0
1311,2021-03-11,2021-03-11,TC5,SPOT,USD_MT,22.287078,30,2021,0
1310,2021-03-12,2021-03-12,TC5,SPOT,USD_MT,22.506,30,2021,0
1309,2021-03-15,2021-03-15,TC5,SPOT,USD_MT,22.651266,30,2021,0
1308,2021-03-16,2021-03-16,TC5,SPOT,USD_MT,22.872234,30,2021,0
1307,2021-03-17,2021-03-17,TC5,SPOT,USD_MT,23.89523400000001,30,2021,0
1306,2021-03-18,2021-03-18,TC5,SPOT,USD_MT,24.918234,30,2021,0
1305,2021-03-19,2021-03-19,TC5,SPOT,USD_MT,24.552,30,2021,0
1304,2021-03-22,2021-03-22,TC5,SPOT,USD_MT,25.137156,30,2021,0
1303,2021-03-23,2021-03-23,TC5,SPOT,USD_MT,26.452734,30,2021,0
1302,2021-03-24,2021-03-24,TC5,SPOT,USD_MT,26.598,30,2021,0
1301,2021-03-25,2021-03-25,TC5,SPOT,USD_MT,26.598,30,2021,0
1300,2021-03-26,2021-03-26,TC5,SPOT,USD_MT,26.74326600000001,30,2021,0
1299,2021-03-29,2021-03-29,TC5,SPOT,USD_MT,27.328422,30,2021,0
1298,2021-03-30,2021-03-30,TC5,SPOT,USD_MT,28.1325,30,2021,0
1297,2021-03-31,2021-03-31,TC5,SPOT,USD_MT,28.425078,30,2021,0
1296,2021-04-01,2021-04-01,TC5,SPOT,USD_MT,28.206156,29,2021,0
1295,2021-04-06,2021-04-06,TC5,SPOT,USD_MT,27.839922,29,2021,0
1294,2021-04-07,2021-04-07,TC5,SPOT,USD_MT,27.254766,29,2021,0
1293,2021-04-08,2021-04-08,TC5,SPOT,USD_MT,27.18315600000001,29,2021,0
1292,2021-04-09,2021-04-09,TC5,SPOT,USD_MT,27.080856,29,2021,0
1291,2021-04-12,2021-04-12,TC5,SPOT,USD_MT,26.510022,29,2021,0
1290,2021-04-13,2021-04-13,TC5,SPOT,USD_MT,26.379078,29,2021,0
1289,2021-04-14,2021-04-14,TC5,SPOT,USD_MT,25.867578,29,2021,0
1288,2021-04-15,2021-04-15,TC5,SPOT,USD_MT,25.0635,29,2021,0
1287,2021-04-16,2021-04-16,TC5,SPOT,USD_MT,23.966844,29,2021,0
1286,2021-04-19,2021-04-19,TC5,SPOT,USD_MT,23.310078,29,2021,0
1285,2021-04-20,2021-04-20,TC5,SPOT,USD_MT,22.724922,29,2021,0
1284,2021-04-21,2021-04-21,TC5,SPOT,USD_MT,22.068156,29,2021,0
1283,2021-04-22,2021-04-22,TC5,SPOT,USD_MT,21.775578,29,2021,0
1282,2021-04-23,2021-04-23,TC5,SPOT,USD_MT,21.701922,29,2021,0
1281,2021-04-26,2021-04-26,TC5,SPOT,USD_MT,21.556656,29,2021,0
1280,2021-04-27,2021-04-27,TC5,SPOT,USD_MT,21.337734,29,2021,0
1279,2021-04-28,2021-04-28,TC5,SPOT,USD_MT,21.045156,29,2021,0
1278,2021-04-29,2021-04-29,TC5,SPOT,USD_MT,21.337734,29,2021,0
1277,2021-04-30,2021-04-30,TC5,SPOT,USD_MT,20.897844,29,2021,0
1276,2021-05-04,2021-05-04,TC5,SPOT,USD_MT,19.729578,30,2021,0
1275,2021-05-05,2021-05-05,TC5,SPOT,USD_MT,19.510656,30,2021,0
1274,2021-05-06,2021-05-06,TC5,SPOT,USD_MT,19.363344,30,2021,0
1273,2021-05-07,2021-05-07,TC5,SPOT,USD_MT,19.363344,30,2021,0
1272,2021-05-10,2021-05-10,TC5,SPOT,USD_MT,19.567944,30,2021,0
1271,2021-05-11,2021-05-11,TC5,SPOT,USD_MT,19.437,30,2021,0
1270,2021-05-12,2021-05-12,TC5,SPOT,USD_MT,19.218078,30,2021,0
1269,2021-05-13,2021-05-13,TC5,SPOT,USD_MT,18.9255,30,2021,0
1268,2021-05-14,2021-05-14,TC5,SPOT,USD_MT,19.070766,30,2021,0
1267,2021-05-17,2021-05-17,TC5,SPOT,USD_MT,18.632922,30,2021,0
1266,2021-05-18,2021-05-18,TC5,SPOT,USD_MT,18.559266,30,2021,0
1265,2021-05-19,2021-05-19,TC5,SPOT,USD_MT,18.047766,30,2021,0
1264,2021-05-20,2021-05-20,TC5,SPOT,USD_MT,18.195078,30,2021,0
1263,2021-05-21,2021-05-21,TC5,SPOT,USD_MT,18.9255,30,2021,0
1262,2021-05-24,2021-05-24,TC5,SPOT,USD_MT,19.874844,30,2021,0
1261,2021-05-25,2021-05-25,TC5,SPOT,USD_MT,20.022156,30,2021,0
1260,2021-05-26,2021-05-26,TC5,SPOT,USD_MT,19.522932,30,2021,0
1259,2021-05-27,2021-05-27,TC5,SPOT,USD_MT,19.582266,30,2021,0
1258,2021-05-28,2021-05-28,TC5,SPOT,USD_MT,19.437,30,2021,0
1257,2021-06-01,2021-06-01,TC5,SPOT,USD_MT,19.218078,29,2021,0
1256,2021-06-02,2021-06-02,TC5,SPOT,USD_MT,18.632922,29,2021,0
1255,2021-06-03,2021-06-03,TC5,SPOT,USD_MT,17.976156,29,2021,0
1254,2021-06-04,2021-06-04,TC5,SPOT,USD_MT,17.683578,29,2021,0
1253,2021-06-07,2021-06-07,TC5,SPOT,USD_MT,18.019122,29,2021,0
1252,2021-06-08,2021-06-08,TC5,SPOT,USD_MT,17.888178,29,2021,0
1251,2021-06-09,2021-06-09,TC5,SPOT,USD_MT,17.654934,29,2021,0
1250,2021-06-10,2021-06-10,TC5,SPOT,USD_MT,18.487656,29,2021,0
1249,2021-06-11,2021-06-11,TC5,SPOT,USD_MT,18.559266,29,2021,0
1248,2021-06-14,2021-06-14,TC5,SPOT,USD_MT,18.195078,29,2021,0
1247,2021-06-15,2021-06-15,TC5,SPOT,USD_MT,18.195078,29,2021,0
1246,2021-06-16,2021-06-16,TC5,SPOT,USD_MT,18.195078,29,2021,0
1245,2021-06-17,2021-06-17,TC5,SPOT,USD_MT,18.047766,29,2021,0
1244,2021-06-18,2021-06-18,TC5,SPOT,USD_MT,17.976156,29,2021,0
1243,2021-06-21,2021-06-21,TC5,SPOT,USD_MT,18.047766,29,2021,0
1242,2021-06-22,2021-06-22,TC5,SPOT,USD_MT,18.047766,29,2021,0
1241,2021-06-23,2021-06-23,TC5,SPOT,USD_MT,17.976156,29,2021,0
1240,2021-06-24,2021-06-24,TC5,SPOT,USD_MT,17.9025,29,2021,0
1239,2021-06-25,2021-06-25,TC5,SPOT,USD_MT,17.609922,29,2021,0
1238,2021-06-28,2021-06-28,TC5,SPOT,USD_MT,17.536266,29,2021,0
1237,2021-06-29,2021-06-29,TC5,SPOT,USD_MT,16.8795,29,2021,0
1236,2021-06-30,2021-06-30,TC5,SPOT,USD_MT,16.734234,29,2021,0
1235,2021-07-01,2021-07-01,TC5,SPOT,USD_MT,16.586922,30,2021,0
1234,2021-07-02,2021-07-02,TC5,SPOT,USD_MT,16.222734,30,2021,0
1233,2021-07-05,2021-07-05,TC5,SPOT,USD_MT,16.149078,30,2021,0
1232,2021-07-06,2021-07-06,TC5,SPOT,USD_MT,16.075422,30,2021,0
1231,2021-07-07,2021-07-07,TC5,SPOT,USD_MT,16.018134,30,2021,0
1230,2021-07-08,2021-07-08,TC5,SPOT,USD_MT,16.089744,30,2021,0
1229,2021-07-09,2021-07-09,TC5,SPOT,USD_MT,16.1634,30,2021,0
1228,2021-07-12,2021-07-12,TC5,SPOT,USD_MT,16.529634,30,2021,0
1227,2021-07-13,2021-07-13,TC5,SPOT,USD_MT,18.195078,30,2021,0
1226,2021-07-14,2021-07-14,TC5,SPOT,USD_MT,18.268734,30,2021,0
1225,2021-07-15,2021-07-15,TC5,SPOT,USD_MT,18.414,30,2021,0
1224,2021-07-16,2021-07-16,TC5,SPOT,USD_MT,18.414,30,2021,0
1223,2021-07-19,2021-07-19,TC5,SPOT,USD_MT,18.487656,30,2021,0
1222,2021-07-20,2021-07-20,TC5,SPOT,USD_MT,18.414,30,2021,0
1221,2021-07-21,2021-07-21,TC5,SPOT,USD_MT,17.976156,30,2021,0
1220,2021-07-22,2021-07-22,TC5,SPOT,USD_MT,17.683578,30,2021,0
1219,2021-07-23,2021-07-23,TC5,SPOT,USD_MT,17.464656,30,2021,0
1218,2021-07-26,2021-07-26,TC5,SPOT,USD_MT,17.391,30,2021,0
1217,2021-07-27,2021-07-27,TC5,SPOT,USD_MT,18.121422,30,2021,0
1216,2021-07-28,2021-07-28,TC5,SPOT,USD_MT,18.268734,30,2021,0
1215,2021-07-29,2021-07-29,TC5,SPOT,USD_MT,18.121422,30,2021,0
1214,2021-07-30,2021-07-30,TC5,SPOT,USD_MT,18.047766,30,2021,0
1213,2021-08-02,2021-08-02,TC5,SPOT,USD_MT,18.047766,30,2021,0
1212,2021-08-03,2021-08-03,TC5,SPOT,USD_MT,18.195078,30,2021,0
1211,2021-08-04,2021-08-04,TC5,SPOT,USD_MT,18.999156,30,2021,0
1210,2021-08-05,2021-08-05,TC5,SPOT,USD_MT,21.337734,30,2021,0
1209,2021-08-06,2021-08-06,TC5,SPOT,USD_MT,22.287078,30,2021,0
1208,2021-08-09,2021-08-09,TC5,SPOT,USD_MT,22.287078,30,2021,0
1207,2021-08-10,2021-08-10,TC5,SPOT,USD_MT,23.091156,30,2021,0
1206,2021-08-11,2021-08-11,TC5,SPOT,USD_MT,25.0635,30,2021,0
1205,2021-08-12,2021-08-12,TC5,SPOT,USD_MT,28.71765600000001,30,2021,0
1204,2021-08-13,2021-08-13,TC5,SPOT,USD_MT,28.789266,30,2021,0
1203,2021-08-16,2021-08-16,TC5,SPOT,USD_MT,28.789266,30,2021,0
1202,2021-08-17,2021-08-17,TC5,SPOT,USD_MT,28.862922,30,2021,0
1201,2021-08-18,2021-08-18,TC5,SPOT,USD_MT,28.570344,30,2021,0
1200,2021-08-19,2021-08-19,TC5,SPOT,USD_MT,28.277766,30,2021,0
1199,2021-08-20,2021-08-20,TC5,SPOT,USD_MT,27.69465600000001,30,2021,0
1198,2021-08-23,2021-08-23,TC5,SPOT,USD_MT,27.254766,30,2021,0
1197,2021-08-24,2021-08-24,TC5,SPOT,USD_MT,27.18315600000001,30,2021,0
1196,2021-08-25,2021-08-25,TC5,SPOT,USD_MT,26.74326600000001,30,2021,0
1195,2021-08-26,2021-08-26,TC5,SPOT,USD_MT,26.74326600000001,30,2021,0
1194,2021-08-27,2021-08-27,TC5,SPOT,USD_MT,26.816922,30,2021,0
1193,2021-08-31,2021-08-31,TC5,SPOT,USD_MT,26.452734,30,2021,0
1192,2021-09-01,2021-09-01,TC5,SPOT,USD_MT,26.012844,29,2021,0
1191,2021-09-02,2021-09-02,TC5,SPOT,USD_MT,25.793922,29,2021,0
1190,2021-09-03,2021-09-03,TC5,SPOT,USD_MT,25.720266,29,2021,0
1189,2021-09-06,2021-09-06,TC5,SPOT,USD_MT,25.282422,29,2021,0
1188,2021-09-07,2021-09-07,TC5,SPOT,USD_MT,24.625656,29,2021,0
1187,2021-09-08,2021-09-08,TC5,SPOT,USD_MT,23.529,29,2021,0
1186,2021-09-09,2021-09-09,TC5,SPOT,USD_MT,23.310078,29,2021,0
1185,2021-09-10,2021-09-10,TC5,SPOT,USD_MT,23.091156,29,2021,0
1184,2021-09-13,2021-09-13,TC5,SPOT,USD_MT,22.798578,29,2021,0
1183,2021-09-14,2021-09-14,TC5,SPOT,USD_MT,22.506,29,2021,0
1182,2021-09-15,2021-09-15,TC5,SPOT,USD_MT,22.432344,29,2021,0
1181,2021-09-16,2021-09-16,TC5,SPOT,USD_MT,22.943844,29,2021,0
1180,2021-09-17,2021-09-17,TC5,SPOT,USD_MT,23.0175,29,2021,0
1179,2021-09-20,2021-09-20,TC5,SPOT,USD_MT,23.0175,29,2021,0
1178,2021-09-21,2021-09-21,TC5,SPOT,USD_MT,23.455344,29,2021,0
1177,2021-09-22,2021-09-22,TC5,SPOT,USD_MT,23.1198,29,2021,0
1176,2021-09-23,2021-09-23,TC5,SPOT,USD_MT,22.974534,29,2021,0
1175,2021-09-24,2021-09-24,TC5,SPOT,USD_MT,22.798578,29,2021,0
1174,2021-09-27,2021-09-27,TC5,SPOT,USD_MT,22.139766,29,2021,0
1173,2021-09-28,2021-09-28,TC5,SPOT,USD_MT,21.775578,29,2021,0
1172,2021-09-29,2021-09-29,TC5,SPOT,USD_MT,21.116766,29,2021,0
1171,2021-09-30,2021-09-30,TC5,SPOT,USD_MT,21.190422,29,2021,0
1170,2021-10-01,2021-10-01,TC5,SPOT,USD_MT,21.483,30,2021,0
1169,2021-10-04,2021-10-04,TC5,SPOT,USD_MT,21.264078,30,2021,0
1168,2021-10-05,2021-10-05,TC5,SPOT,USD_MT,21.190422,30,2021,0
1167,2021-10-06,2021-10-06,TC5,SPOT,USD_MT,21.102444,30,2021,0
1166,2021-10-07,2021-10-07,TC5,SPOT,USD_MT,21.045156,30,2021,0
1165,2021-10-08,2021-10-08,TC5,SPOT,USD_MT,20.46,30,2021,0
1164,2021-10-11,2021-10-11,TC5,SPOT,USD_MT,20.678922,30,2021,0
1163,2021-10-12,2021-10-12,TC5,SPOT,USD_MT,21.337734,30,2021,0
1162,2021-10-13,2021-10-13,TC5,SPOT,USD_MT,21.849234,30,2021,0
1161,2021-10-14,2021-10-14,TC5,SPOT,USD_MT,25.282422,30,2021,0
1160,2021-10-15,2021-10-15,TC5,SPOT,USD_MT,25.575,30,2021,0
1159,2021-10-18,2021-10-18,TC5,SPOT,USD_MT,25.501344,30,2021,0
1158,2021-10-19,2021-10-19,TC5,SPOT,USD_MT,25.356078,30,2021,0
1157,2021-10-20,2021-10-20,TC5,SPOT,USD_MT,25.501344,30,2021,0
1156,2021-10-21,2021-10-21,TC5,SPOT,USD_MT,25.575,30,2021,0
1155,2021-10-22,2021-10-22,TC5,SPOT,USD_MT,25.429734,30,2021,0
1154,2021-10-25,2021-10-25,TC5,SPOT,USD_MT,25.501344,30,2021,0
1153,2021-10-26,2021-10-26,TC5,SPOT,USD_MT,25.429734,30,2021,0
1152,2021-10-27,2021-10-27,TC5,SPOT,USD_MT,25.634334,30,2021,0
1151,2021-10-28,2021-10-28,TC5,SPOT,USD_MT,26.1888,30,2021,0
1150,2021-10-29,2021-10-29,TC5,SPOT,USD_MT,26.1888,30,2021,0
1149,2021-11-01,2021-11-01,TC5,SPOT,USD_MT,26.231766,29,2021,0
1148,2021-11-02,2021-11-02,TC5,SPOT,USD_MT,26.0865,29,2021,0
1147,2021-11-03,2021-11-03,TC5,SPOT,USD_MT,25.822566,29,2021,0
1146,2021-11-04,2021-11-04,TC5,SPOT,USD_MT,25.501344,29,2021,0
1145,2021-11-05,2021-11-05,TC5,SPOT,USD_MT,25.720266,29,2021,0
1144,2021-11-08,2021-11-08,TC5,SPOT,USD_MT,25.575,29,2021,0
1143,2021-11-09,2021-11-09,TC5,SPOT,USD_MT,25.137156,29,2021,0
1142,2021-11-10,2021-11-10,TC5,SPOT,USD_MT,24.697266,29,2021,0
1141,2021-11-11,2021-11-11,TC5,SPOT,USD_MT,24.318756,29,2021,0
1140,2021-11-12,2021-11-12,TC5,SPOT,USD_MT,24.099834,29,2021,0
1139,2021-11-15,2021-11-15,TC5,SPOT,USD_MT,23.850222,29,2021,0
1138,2021-11-16,2021-11-16,TC5,SPOT,USD_MT,23.776566,29,2021,0
1137,2021-11-17,2021-11-17,TC5,SPOT,USD_MT,23.003178,29,2021,0
1136,2021-11-18,2021-11-18,TC5,SPOT,USD_MT,22.798578,29,2021,0
1135,2021-11-19,2021-11-19,TC5,SPOT,USD_MT,22.798578,29,2021,0
1134,2021-11-22,2021-11-22,TC5,SPOT,USD_MT,22.724922,29,2021,0
1133,2021-11-23,2021-11-23,TC5,SPOT,USD_MT,22.651266,29,2021,0
1132,2021-11-24,2021-11-24,TC5,SPOT,USD_MT,22.579656,29,2021,0
1131,2021-11-25,2021-11-25,TC5,SPOT,USD_MT,22.579656,29,2021,0
1130,2021-11-26,2021-11-26,TC5,SPOT,USD_MT,22.724922,29,2021,0
1129,2021-11-29,2021-11-29,TC5,SPOT,USD_MT,22.798578,29,2021,0
1128,2021-11-30,2021-11-30,TC5,SPOT,USD_MT,23.383734,29,2021,0
1127,2021-12-01,2021-12-01,TC5,SPOT,USD_MT,23.674266,30,2021,0
1126,2021-12-02,2021-12-02,TC5,SPOT,USD_MT,23.674266,30,2021,0
1125,2021-12-03,2021-12-03,TC5,SPOT,USD_MT,24.989844,30,2021,0
1124,2021-12-06,2021-12-06,TC5,SPOT,USD_MT,25.648656,30,2021,0
1123,2021-12-07,2021-12-07,TC5,SPOT,USD_MT,25.501344,30,2021,0
1122,2021-12-08,2021-12-08,TC5,SPOT,USD_MT,25.356078,30,2021,0
1121,2021-12-09,2021-12-09,TC5,SPOT,USD_MT,26.555034,30,2021,0
1120,2021-12-10,2021-12-10,TC5,SPOT,USD_MT,27.547344,30,2021,0
1119,2021-12-13,2021-12-13,TC5,SPOT,USD_MT,28.103856,30,2021,0
1118,2021-12-14,2021-12-14,TC5,SPOT,USD_MT,28.058844,30,2021,0
1117,2021-12-15,2021-12-15,TC5,SPOT,USD_MT,28.206156,30,2021,0
1116,2021-12-16,2021-12-16,TC5,SPOT,USD_MT,28.058844,30,2021,0
1115,2021-12-17,2021-12-17,TC5,SPOT,USD_MT,27.839922,30,2021,0
1114,2021-12-20,2021-12-20,TC5,SPOT,USD_MT,27.547344,30,2021,0
1113,2021-12-21,2021-12-21,TC5,SPOT,USD_MT,27.475734,30,2021,0
1112,2021-12-22,2021-12-22,TC5,SPOT,USD_MT,27.547344,30,2021,0
1111,2021-12-23,2021-12-23,TC5,SPOT,USD_MT,27.547344,30,2021,0
1110,2021-12-24,2021-12-24,TC5,SPOT,USD_MT,27.328422,30,2021,0
1109,2022-01-04,2022-01-04,TC5,SPOT,USD_MT,25.360181,30,2022,0
1108,2022-01-05,2022-01-05,TC5,SPOT,USD_MT,23.127181,30,2022,0
1107,2022-01-06,2022-01-06,TC5,SPOT,USD_MT,22.122331,30,2022,0
1106,2022-01-07,2022-01-07,TC5,SPOT,USD_MT,21.8834,30,2022,0
1105,2022-01-10,2022-01-10,TC5,SPOT,USD_MT,21.77175,30,2022,0
1104,2022-01-11,2022-01-11,TC5,SPOT,USD_MT,21.77175,30,2022,0
1103,2022-01-12,2022-01-12,TC5,SPOT,USD_MT,21.691362,30,2022,0
1102,2022-01-13,2022-01-13,TC5,SPOT,USD_MT,21.803012,30,2022,0
1101,2022-01-14,2022-01-14,TC5,SPOT,USD_MT,21.756119,30,2022,0
1100,2022-01-17,2022-01-17,TC5,SPOT,USD_MT,21.675731,30,2022,0
1099,2022-01-18,2022-01-18,TC5,SPOT,USD_MT,21.77175,30,2022,0
1098,2022-01-19,2022-01-19,TC5,SPOT,USD_MT,21.930293,30,2022,0
1097,2022-01-20,2022-01-20,TC5,SPOT,USD_MT,21.852138,30,2022,0
1096,2022-01-21,2022-01-21,TC5,SPOT,USD_MT,21.691362,30,2022,0
1095,2022-01-24,2022-01-24,TC5,SPOT,USD_MT,21.691362,30,2022,0
1094,2022-01-25,2022-01-25,TC5,SPOT,USD_MT,21.613207,30,2022,0
1093,2022-01-26,2022-01-26,TC5,SPOT,USD_MT,21.532819,30,2022,0
1092,2022-01-27,2022-01-27,TC5,SPOT,USD_MT,21.532819,30,2022,0
1091,2022-01-28,2022-01-28,TC5,SPOT,USD_MT,21.405538,30,2022,0
1090,2022-01-31,2022-01-31,TC5,SPOT,USD_MT,21.32515,30,2022,0
1089,2022-02-01,2022-02-01,TC5,SPOT,USD_MT,21.4368,27,2022,0
1088,2022-02-02,2022-02-02,TC5,SPOT,USD_MT,21.343014,27,2022,0
1087,2022-02-03,2022-02-03,TC5,SPOT,USD_MT,21.405538,27,2022,0
1086,2022-02-04,2022-02-04,TC5,SPOT,USD_MT,21.532819,27,2022,0
1085,2022-02-07,2022-02-07,TC5,SPOT,USD_MT,21.691362,27,2022,0
1084,2022-02-08,2022-02-08,TC5,SPOT,USD_MT,21.724857,27,2022,0
1083,2022-02-09,2022-02-09,TC5,SPOT,USD_MT,21.706993,27,2022,0
1082,2022-02-10,2022-02-10,TC5,SPOT,USD_MT,21.628838,27,2022,0
1081,2022-02-11,2022-02-11,TC5,SPOT,USD_MT,21.675731,27,2022,0
1080,2022-02-14,2022-02-14,TC5,SPOT,USD_MT,21.452431,27,2022,0
1079,2022-02-15,2022-02-15,TC5,SPOT,USD_MT,21.579712,27,2022,0
1078,2022-02-16,2022-02-16,TC5,SPOT,USD_MT,21.532819,27,2022,0
1077,2022-02-17,2022-02-17,TC5,SPOT,USD_MT,21.50155700000001,27,2022,0
1076,2022-02-18,2022-02-18,TC5,SPOT,USD_MT,21.421169,27,2022,0
1075,2022-02-21,2022-02-21,TC5,SPOT,USD_MT,21.356412,27,2022,0
1074,2022-02-22,2022-02-22,TC5,SPOT,USD_MT,21.532819,27,2022,0
1073,2022-02-23,2022-02-23,TC5,SPOT,USD_MT,22.010681,27,2022,0
1072,2022-02-24,2022-02-24,TC5,SPOT,USD_MT,22.807862,27,2022,0
1071,2022-02-25,2022-02-25,TC5,SPOT,USD_MT,23.366112,27,2022,0
1070,2022-02-28,2022-02-28,TC5,SPOT,USD_MT,28.231819,27,2022,0
1069,2022-03-01,2022-03-01,TC5,SPOT,USD_MT,29.348319,30,2022,0
1068,2022-03-02,2022-03-02,TC5,SPOT,USD_MT,33.017138,30,2022,0
1067,2022-03-03,2022-03-03,TC5,SPOT,USD_MT,39.63575,30,2022,0
1066,2022-03-04,2022-03-04,TC5,SPOT,USD_MT,40.113612,30,2022,0
1065,2022-03-07,2022-03-07,TC5,SPOT,USD_MT,42.107681,30,2022,0
1064,2022-03-08,2022-03-08,TC5,SPOT,USD_MT,44.501457,30,2022,0
1063,2022-03-09,2022-03-09,TC5,SPOT,USD_MT,44.66,30,2022,0
1062,2022-03-10,2022-03-10,TC5,SPOT,USD_MT,45.137862,30,2022,0
1061,2022-03-11,2022-03-11,TC5,SPOT,USD_MT,46.25436199999999,30,2022,0
1060,2022-03-14,2022-03-14,TC5,SPOT,USD_MT,46.41513800000001,30,2022,0
1059,2022-03-15,2022-03-15,TC5,SPOT,USD_MT,45.059707,30,2022,0
1058,2022-03-16,2022-03-16,TC5,SPOT,USD_MT,44.18213800000001,30,2022,0
1057,2022-03-17,2022-03-17,TC5,SPOT,USD_MT,43.06563800000001,30,2022,0
1056,2022-03-18,2022-03-18,TC5,SPOT,USD_MT,41.86875000000001,30,2022,0
1055,2022-03-21,2022-03-21,TC5,SPOT,USD_MT,41.629819,30,2022,0
1054,2022-03-22,2022-03-22,TC5,SPOT,USD_MT,41.629819,30,2022,0
1053,2022-03-23,2022-03-23,TC5,SPOT,USD_MT,41.3105,30,2022,0
1052,2022-03-24,2022-03-24,TC5,SPOT,USD_MT,41.46904300000001,30,2022,0
1051,2022-03-25,2022-03-25,TC5,SPOT,USD_MT,41.629819,30,2022,0
1050,2022-03-28,2022-03-28,TC5,SPOT,USD_MT,41.788362,30,2022,0
1049,2022-03-29,2022-03-29,TC5,SPOT,USD_MT,41.3105,30,2022,0
1048,2022-03-30,2022-03-30,TC5,SPOT,USD_MT,41.151957,30,2022,0
1047,2022-03-31,2022-03-31,TC5,SPOT,USD_MT,40.75225,30,2022,0
1046,2022-04-01,2022-04-01,TC5,SPOT,USD_MT,40.295036,29,2022,0
1045,2022-04-04,2022-04-04,TC5,SPOT,USD_MT,39.89192799999999,29,2022,0
1044,2022-04-05,2022-04-05,TC5,SPOT,USD_MT,38.443892,29,2022,0
1043,2022-04-06,2022-04-06,TC5,SPOT,USD_MT,37.480036,29,2022,0
1042,2022-04-07,2022-04-07,TC5,SPOT,USD_MT,35.228036,29,2022,0
1041,2022-04-08,2022-04-08,TC5,SPOT,USD_MT,35.30910799999999,29,2022,0
1040,2022-04-11,2022-04-11,TC5,SPOT,USD_MT,34.987072,29,2022,0
1039,2022-04-12,2022-04-12,TC5,SPOT,USD_MT,35.06589200000001,29,2022,0
1038,2022-04-13,2022-04-13,TC5,SPOT,USD_MT,36.272964,29,2022,0
1037,2022-04-14,2022-04-14,TC5,SPOT,USD_MT,36.595,29,2022,0
1036,2022-04-19,2022-04-19,TC5,SPOT,USD_MT,36.917036,29,2022,0
1035,2022-04-20,2022-04-20,TC5,SPOT,USD_MT,38.043036,29,2022,0
1034,2022-04-21,2022-04-21,TC5,SPOT,USD_MT,43.591964,29,2022,0
1033,2022-04-22,2022-04-22,TC5,SPOT,USD_MT,47.614036,29,2022,0
1032,2022-04-25,2022-04-25,TC5,SPOT,USD_MT,50.347964,29,2022,0
1031,2022-04-26,2022-04-26,TC5,SPOT,USD_MT,52.440072,29,2022,0
1030,2022-04-27,2022-04-27,TC5,SPOT,USD_MT,59.196072,29,2022,0
1029,2022-04-28,2022-04-28,TC5,SPOT,USD_MT,64.663928,29,2022,0
1028,2022-04-29,2022-04-29,TC5,SPOT,USD_MT,67.400108,29,2022,0
1027,2022-05-03,2022-05-03,TC5,SPOT,USD_MT,66.997,30,2022,0
1026,2022-05-04,2022-05-04,TC5,SPOT,USD_MT,66.593892,30,2022,0
1025,2022-05-05,2022-05-05,TC5,SPOT,USD_MT,69.16792799999999,30,2022,0
1024,2022-05-06,2022-05-06,TC5,SPOT,USD_MT,71.260036,30,2022,0
1023,2022-05-09,2022-05-09,TC5,SPOT,USD_MT,70.61596399999999,30,2022,0
1022,2022-05-10,2022-05-10,TC5,SPOT,USD_MT,72.06400000000001,30,2022,0
1021,2022-05-11,2022-05-11,TC5,SPOT,USD_MT,71.58207200000001,30,2022,0
1020,2022-05-12,2022-05-12,TC5,SPOT,USD_MT,70.778108,30,2022,0
1019,2022-05-13,2022-05-13,TC5,SPOT,USD_MT,69.971892,30,2022,0
1018,2022-05-16,2022-05-16,TC5,SPOT,USD_MT,69.625084,30,2022,0
1017,2022-05-17,2022-05-17,TC5,SPOT,USD_MT,69.008036,30,2022,0
1016,2022-05-18,2022-05-18,TC5,SPOT,USD_MT,68.84589199999999,30,2022,0
1015,2022-05-19,2022-05-19,TC5,SPOT,USD_MT,68.204072,30,2022,0
1014,2022-05-20,2022-05-20,TC5,SPOT,USD_MT,67.963108,30,2022,0
1013,2022-05-23,2022-05-23,TC5,SPOT,USD_MT,67.963108,30,2022,0
1012,2022-05-24,2022-05-24,TC5,SPOT,USD_MT,66.434,30,2022,0
1011,2022-05-25,2022-05-25,TC5,SPOT,USD_MT,64.182,30,2022,0
1010,2022-05-26,2022-05-26,TC5,SPOT,USD_MT,61.607964,30,2022,0
1009,2022-05-27,2022-05-27,TC5,SPOT,USD_MT,58.392108,30,2022,0
1008,2022-05-30,2022-05-30,TC5,SPOT,USD_MT,57.90792799999999,30,2022,0
1007,2022-05-31,2022-05-31,TC5,SPOT,USD_MT,56.622036,30,2022,0
1006,2022-06-01,2022-06-01,TC5,SPOT,USD_MT,56.459892,29,2022,0
1005,2022-06-06,2022-06-06,TC5,SPOT,USD_MT,51.95589200000001,29,2022,0
1004,2022-06-07,2022-06-07,TC5,SPOT,USD_MT,51.95589200000001,29,2022,0
1003,2022-06-08,2022-06-08,TC5,SPOT,USD_MT,52.922,29,2022,0
1002,2022-06-09,2022-06-09,TC5,SPOT,USD_MT,58.229964,29,2022,0
1001,2022-06-10,2022-06-10,TC5,SPOT,USD_MT,62.411928,29,2022,0
1000,2022-06-13,2022-06-13,TC5,SPOT,USD_MT,71.58207200000001,29,2022,0
999,2022-06-14,2022-06-14,TC5,SPOT,USD_MT,77.85389199999999,29,2022,0
998,2022-06-15,2022-06-15,TC5,SPOT,USD_MT,84.45,29,2022,0
997,2022-06-16,2022-06-16,TC5,SPOT,USD_MT,85.094072,29,2022,0
996,2022-06-17,2022-06-17,TC5,SPOT,USD_MT,85.41610800000001,29,2022,0
995,2022-06-20,2022-06-20,TC5,SPOT,USD_MT,84.931928,29,2022,0
994,2022-06-21,2022-06-21,TC5,SPOT,USD_MT,84.209036,29,2022,0
993,2022-06-22,2022-06-22,TC5,SPOT,USD_MT,80.831036,29,2022,0
992,2022-06-23,2022-06-23,TC5,SPOT,USD_MT,79.30192799999999,29,2022,0
991,2022-06-24,2022-06-24,TC5,SPOT,USD_MT,78.497964,29,2022,0
990,2022-06-27,2022-06-27,TC5,SPOT,USD_MT,76.086072,29,2022,0
989,2022-06-28,2022-06-28,TC5,SPOT,USD_MT,72.386036,29,2022,0
988,2022-06-29,2022-06-29,TC5,SPOT,USD_MT,70.293928,29,2022,0
987,2022-06-30,2022-06-30,TC5,SPOT,USD_MT,66.75603600000001,29,2022,0
986,2022-07-01,2022-07-01,TC5,SPOT,USD_MT,65.952072,30,2022,0
985,2022-07-04,2022-07-04,TC5,SPOT,USD_MT,65.148108,30,2022,0
984,2022-07-05,2022-07-05,TC5,SPOT,USD_MT,64.182,30,2022,0
983,2022-07-06,2022-07-06,TC5,SPOT,USD_MT,64.182,30,2022,0
982,2022-07-07,2022-07-07,TC5,SPOT,USD_MT,64.826072,30,2022,0
981,2022-07-08,2022-07-08,TC5,SPOT,USD_MT,64.182,30,2022,0
980,2022-07-11,2022-07-11,TC5,SPOT,USD_MT,64.783284,30,2022,0
979,2022-07-12,2022-07-12,TC5,SPOT,USD_MT,64.182,30,2022,0
978,2022-07-13,2022-07-13,TC5,SPOT,USD_MT,64.504036,30,2022,0
977,2022-07-14,2022-07-14,TC5,SPOT,USD_MT,65.46789199999999,30,2022,0
976,2022-07-15,2022-07-15,TC5,SPOT,USD_MT,66.11196399999999,30,2022,0
975,2022-07-18,2022-07-18,TC5,SPOT,USD_MT,65.952072,30,2022,0
974,2022-07-19,2022-07-19,TC5,SPOT,USD_MT,65.952072,30,2022,0
973,2022-07-20,2022-07-20,TC5,SPOT,USD_MT,65.63003599999999,30,2022,0
972,2022-07-21,2022-07-21,TC5,SPOT,USD_MT,65.30799999999999,30,2022,0
971,2022-07-22,2022-07-22,TC5,SPOT,USD_MT,64.341892,30,2022,0
970,2022-07-25,2022-07-25,TC5,SPOT,USD_MT,63.859964,30,2022,0
969,2022-07-26,2022-07-26,TC5,SPOT,USD_MT,63.296964,30,2022,0
968,2022-07-27,2022-07-27,TC5,SPOT,USD_MT,60.000036,30,2022,0
967,2022-07-28,2022-07-28,TC5,SPOT,USD_MT,57.82910800000001,30,2022,0
966,2022-07-29,2022-07-29,TC5,SPOT,USD_MT,58.229964,30,2022,0
965,2022-08-01,2022-08-01,TC5,SPOT,USD_MT,57.585892,30,2022,0
964,2022-08-02,2022-08-02,TC5,SPOT,USD_MT,57.66696399999999,30,2022,0
963,2022-08-03,2022-08-03,TC5,SPOT,USD_MT,58.1016,30,2022,0
962,2022-08-04,2022-08-04,TC5,SPOT,USD_MT,59.774836,30,2022,0
961,2022-08-05,2022-08-05,TC5,SPOT,USD_MT,60.32207200000001,30,2022,0
960,2022-08-08,2022-08-08,TC5,SPOT,USD_MT,59.437036,30,2022,0
959,2022-08-09,2022-08-09,TC5,SPOT,USD_MT,59.864916,30,2022,0
958,2022-08-10,2022-08-10,TC5,SPOT,USD_MT,59.918964,30,2022,0
957,2022-08-11,2022-08-11,TC5,SPOT,USD_MT,59.759072,30,2022,0
956,2022-08-12,2022-08-12,TC5,SPOT,USD_MT,59.274892,30,2022,0
955,2022-08-15,2022-08-15,TC5,SPOT,USD_MT,59.518108,30,2022,0
954,2022-08-16,2022-08-16,TC5,SPOT,USD_MT,59.274892,30,2022,0
953,2022-08-17,2022-08-17,TC5,SPOT,USD_MT,59.033928,30,2022,0
952,2022-08-18,2022-08-18,TC5,SPOT,USD_MT,59.837892,30,2022,0
951,2022-08-19,2022-08-19,TC5,SPOT,USD_MT,60.159928,30,2022,0
950,2022-08-22,2022-08-22,TC5,SPOT,USD_MT,60.644108,30,2022,0
949,2022-08-23,2022-08-23,TC5,SPOT,USD_MT,61.448072,30,2022,0
948,2022-08-24,2022-08-24,TC5,SPOT,USD_MT,63.21589199999999,30,2022,0
947,2022-08-25,2022-08-25,TC5,SPOT,USD_MT,64.985964,30,2022,0
946,2022-08-26,2022-08-26,TC5,SPOT,USD_MT,67.400108,30,2022,0
945,2022-08-30,2022-08-30,TC5,SPOT,USD_MT,68.12299999999999,30,2022,0
944,2022-08-31,2022-08-31,TC5,SPOT,USD_MT,68.28289199999999,30,2022,0
943,2022-09-01,2022-09-01,TC5,SPOT,USD_MT,68.68599999999999,29,2022,0
942,2022-09-02,2022-09-02,TC5,SPOT,USD_MT,68.68599999999999,29,2022,0
941,2022-09-05,2022-09-05,TC5,SPOT,USD_MT,69.971892,29,2022,0
940,2022-09-06,2022-09-06,TC5,SPOT,USD_MT,69.971892,29,2022,0
939,2022-09-07,2022-09-07,TC5,SPOT,USD_MT,73.030108,29,2022,0
938,2022-09-08,2022-09-08,TC5,SPOT,USD_MT,74.47589199999999,29,2022,0
937,2022-09-09,2022-09-09,TC5,SPOT,USD_MT,74.79792799999998,29,2022,0
936,2022-09-12,2022-09-12,TC5,SPOT,USD_MT,76.164892,29,2022,0
935,2022-09-13,2022-09-13,TC5,SPOT,USD_MT,76.568,29,2022,0
934,2022-09-14,2022-09-14,TC5,SPOT,USD_MT,76.80896399999999,29,2022,0
933,2022-09-15,2022-09-15,TC5,SPOT,USD_MT,76.086072,29,2022,0
932,2022-09-16,2022-09-16,TC5,SPOT,USD_MT,75.44200000000001,29,2022,0
931,2022-09-20,2022-09-20,TC5,SPOT,USD_MT,71.90410800000001,29,2022,0
930,2022-09-21,2022-09-21,TC5,SPOT,USD_MT,68.204072,29,2022,0
929,2022-09-22,2022-09-22,TC5,SPOT,USD_MT,64.985964,29,2022,0
928,2022-09-23,2022-09-23,TC5,SPOT,USD_MT,64.022108,29,2022,0
927,2022-09-26,2022-09-26,TC5,SPOT,USD_MT,62.252036,29,2022,0
926,2022-09-27,2022-09-27,TC5,SPOT,USD_MT,59.678,29,2022,0
925,2022-09-28,2022-09-28,TC5,SPOT,USD_MT,50.992036,29,2022,0
924,2022-09-29,2022-09-29,TC5,SPOT,USD_MT,48.740036,29,2022,0
923,2022-09-30,2022-09-30,TC5,SPOT,USD_MT,42.947892,29,2022,0
922,2022-10-03,2022-10-03,TC5,SPOT,USD_MT,40.213964,30,2022,0
921,2022-10-04,2022-10-04,TC5,SPOT,USD_MT,38.928072,30,2022,0
920,2022-10-05,2022-10-05,TC5,SPOT,USD_MT,37.961964,30,2022,0
919,2022-10-06,2022-10-06,TC5,SPOT,USD_MT,38.606036,30,2022,0
918,2022-10-07,2022-10-07,TC5,SPOT,USD_MT,38.606036,30,2022,0
917,2022-10-10,2022-10-10,TC5,SPOT,USD_MT,40.05407200000001,30,2022,0
916,2022-10-11,2022-10-11,TC5,SPOT,USD_MT,41.502108,30,2022,0
915,2022-10-12,2022-10-12,TC5,SPOT,USD_MT,42.788,30,2022,0
914,2022-10-13,2022-10-13,TC5,SPOT,USD_MT,43.110036,30,2022,0
913,2022-10-14,2022-10-14,TC5,SPOT,USD_MT,43.432072,30,2022,0
912,2022-10-17,2022-10-17,TC5,SPOT,USD_MT,43.432072,30,2022,0
911,2022-10-18,2022-10-18,TC5,SPOT,USD_MT,44.717964,30,2022,0
910,2022-10-19,2022-10-19,TC5,SPOT,USD_MT,44.880108,30,2022,0
909,2022-10-20,2022-10-20,TC5,SPOT,USD_MT,44.880108,30,2022,0
908,2022-10-21,2022-10-21,TC5,SPOT,USD_MT,44.799036,30,2022,0
907,2022-10-24,2022-10-24,TC5,SPOT,USD_MT,44.7585,30,2022,0
906,2022-10-25,2022-10-25,TC5,SPOT,USD_MT,45.04,30,2022,0
905,2022-10-26,2022-10-26,TC5,SPOT,USD_MT,46.325892,30,2022,0
904,2022-10-27,2022-10-27,TC5,SPOT,USD_MT,47.210928,30,2022,0
903,2022-10-28,2022-10-28,TC5,SPOT,USD_MT,47.373072,30,2022,0
902,2022-10-31,2022-10-31,TC5,SPOT,USD_MT,48.014892,30,2022,0
901,2022-11-01,2022-11-01,TC5,SPOT,USD_MT,48.177036,29,2022,0
900,2022-11-02,2022-11-02,TC5,SPOT,USD_MT,48.258108,29,2022,0
899,2022-11-03,2022-11-03,TC5,SPOT,USD_MT,48.499072,29,2022,0
898,2022-11-04,2022-11-04,TC5,SPOT,USD_MT,48.418,29,2022,0
897,2022-11-07,2022-11-07,TC5,SPOT,USD_MT,48.418,29,2022,0
896,2022-11-08,2022-11-08,TC5,SPOT,USD_MT,48.499072,29,2022,0
895,2022-11-09,2022-11-09,TC5,SPOT,USD_MT,47.936072,29,2022,0
894,2022-11-10,2022-11-10,TC5,SPOT,USD_MT,47.773928,29,2022,0
893,2022-11-11,2022-11-11,TC5,SPOT,USD_MT,48.014892,29,2022,0
892,2022-11-14,2022-11-14,TC5,SPOT,USD_MT,47.773928,29,2022,0
891,2022-11-15,2022-11-15,TC5,SPOT,USD_MT,47.773928,29,2022,0
890,2022-11-16,2022-11-16,TC5,SPOT,USD_MT,47.773928,29,2022,0
889,2022-11-17,2022-11-17,TC5,SPOT,USD_MT,47.773928,29,2022,0
888,2022-11-18,2022-11-18,TC5,SPOT,USD_MT,48.095964,29,2022,0
887,2022-11-21,2022-11-21,TC5,SPOT,USD_MT,49.544,29,2022,0
886,2022-11-22,2022-11-22,TC5,SPOT,USD_MT,59.837892,29,2022,0
885,2022-11-23,2022-11-23,TC5,SPOT,USD_MT,65.78992799999999,29,2022,0
884,2022-11-24,2022-11-24,TC5,SPOT,USD_MT,68.84589199999999,29,2022,0
883,2022-11-25,2022-11-25,TC5,SPOT,USD_MT,70.456072,29,2022,0
882,2022-11-28,2022-11-28,TC5,SPOT,USD_MT,72.22389199999999,29,2022,0
881,2022-11-29,2022-11-29,TC5,SPOT,USD_MT,72.386036,29,2022,0
880,2022-11-30,2022-11-30,TC5,SPOT,USD_MT,72.545928,29,2022,0
879,2022-12-01,2022-12-01,TC5,SPOT,USD_MT,72.627,30,2022,0
878,2022-12-02,2022-12-02,TC5,SPOT,USD_MT,72.627,30,2022,0
877,2022-12-05,2022-12-05,TC5,SPOT,USD_MT,72.46710800000001,30,2022,0
876,2022-12-06,2022-12-06,TC5,SPOT,USD_MT,72.867964,30,2022,0
875,2022-12-07,2022-12-07,TC5,SPOT,USD_MT,74.79792799999998,30,2022,0
874,2022-12-08,2022-12-08,TC5,SPOT,USD_MT,77.85389199999999,30,2022,0
873,2022-12-09,2022-12-09,TC5,SPOT,USD_MT,78.497964,30,2022,0
872,2022-12-12,2022-12-12,TC5,SPOT,USD_MT,79.946,30,2022,0
871,2022-12-13,2022-12-13,TC5,SPOT,USD_MT,80.590072,30,2022,0
870,2022-12-14,2022-12-14,TC5,SPOT,USD_MT,83.48389199999998,30,2022,0
869,2022-12-15,2022-12-15,TC5,SPOT,USD_MT,83.968072,30,2022,0
868,2022-12-16,2022-12-16,TC5,SPOT,USD_MT,84.127964,30,2022,0
867,2022-12-19,2022-12-19,TC5,SPOT,USD_MT,84.772036,30,2022,0
866,2022-12-20,2022-12-20,TC5,SPOT,USD_MT,84.609892,30,2022,0
865,2022-12-21,2022-12-21,TC5,SPOT,USD_MT,84.772036,30,2022,0
864,2022-12-22,2022-12-22,TC5,SPOT,USD_MT,84.609892,30,2022,0
863,2022-12-23,2022-12-23,TC5,SPOT,USD_MT,85.094072,30,2022,0
862,2023-01-03,2023-01-03,TC5,SPOT,USD_MT,85.550616,30,2023,0
861,2023-01-04,2023-01-04,TC5,SPOT,USD_MT,84.055166,30,2023,0
860,2023-01-05,2023-01-05,TC5,SPOT,USD_MT,82.502617,30,2023,0
859,2023-01-06,2023-01-06,TC5,SPOT,USD_MT,77.140749,30,2023,0
858,2023-01-09,2023-01-09,TC5,SPOT,USD_MT,76.44196600000001,30,2023,0
857,2023-01-10,2023-01-10,TC5,SPOT,USD_MT,74.617517,30,2023,0
856,2023-01-11,2023-01-11,TC5,SPOT,USD_MT,67.004317,30,2023,0
855,2023-01-12,2023-01-12,TC5,SPOT,USD_MT,59.23613400000001,30,2023,0
854,2023-01-13,2023-01-13,TC5,SPOT,USD_MT,57.48781700000001,30,2023,0
853,2023-01-16,2023-01-16,TC5,SPOT,USD_MT,50.494549,30,2023,0
852,2023-01-17,2023-01-17,TC5,SPOT,USD_MT,47.00063400000001,30,2023,0
851,2023-01-18,2023-01-18,TC5,SPOT,USD_MT,41.56263400000001,30,2023,0
850,2023-01-19,2023-01-19,TC5,SPOT,USD_MT,40.494067,30,2023,0
849,2023-01-20,2023-01-20,TC5,SPOT,USD_MT,37.484134,30,2023,0
848,2023-01-23,2023-01-23,TC5,SPOT,USD_MT,36.480823,30,2023,0
847,2023-01-24,2023-01-24,TC5,SPOT,USD_MT,36.252427,30,2023,0
846,2023-01-25,2023-01-25,TC5,SPOT,USD_MT,36.317683,30,2023,0
845,2023-01-26,2023-01-26,TC5,SPOT,USD_MT,35.735817,30,2023,0
844,2023-01-27,2023-01-27,TC5,SPOT,USD_MT,36.317683,30,2023,0
843,2023-01-30,2023-01-30,TC5,SPOT,USD_MT,35.928866,30,2023,0
842,2023-01-31,2023-01-31,TC5,SPOT,USD_MT,35.24911599999999,30,2023,0
841,2023-02-01,2023-02-01,TC5,SPOT,USD_MT,34.180549,27,2023,0
840,2023-02-02,2023-02-02,TC5,SPOT,USD_MT,34.376317,27,2023,0
839,2023-02-03,2023-02-03,TC5,SPOT,USD_MT,35.153951,27,2023,0
838,2023-02-06,2023-02-06,TC5,SPOT,USD_MT,35.833701,27,2023,0
837,2023-02-07,2023-02-07,TC5,SPOT,USD_MT,36.997433,27,2023,0
836,2023-02-08,2023-02-08,TC5,SPOT,USD_MT,38.259049,27,2023,0
835,2023-02-09,2023-02-09,TC5,SPOT,USD_MT,38.74575,27,2023,0
834,2023-02-10,2023-02-10,TC5,SPOT,USD_MT,38.938799,27,2023,0
833,2023-02-13,2023-02-13,TC5,SPOT,USD_MT,39.716433,27,2023,0
832,2023-02-14,2023-02-14,TC5,SPOT,USD_MT,41.56263400000001,27,2023,0
831,2023-02-15,2023-02-15,TC5,SPOT,USD_MT,45.64113400000001,27,2023,0
830,2023-02-16,2023-02-16,TC5,SPOT,USD_MT,58.360616,27,2023,0
829,2023-02-17,2023-02-17,TC5,SPOT,USD_MT,59.040366,27,2023,0
828,2023-02-20,2023-02-20,TC5,SPOT,USD_MT,59.429183,27,2023,0
827,2023-02-21,2023-02-21,TC5,SPOT,USD_MT,58.749433,27,2023,0
826,2023-02-22,2023-02-22,TC5,SPOT,USD_MT,57.001116,27,2023,0
825,2023-02-23,2023-02-23,TC5,SPOT,USD_MT,56.905951,27,2023,0
824,2023-02-24,2023-02-24,TC5,SPOT,USD_MT,56.865166,27,2023,0
823,2023-02-27,2023-02-27,TC5,SPOT,USD_MT,54.768817,27,2023,0
822,2023-02-28,2023-02-28,TC5,SPOT,USD_MT,52.631683,27,2023,0
821,2023-03-01,2023-03-01,TC5,SPOT,USD_MT,49.330817,30,2023,0
820,2023-03-02,2023-03-02,TC5,SPOT,USD_MT,49.13504900000001,30,2023,0
819,2023-03-03,2023-03-03,TC5,SPOT,USD_MT,49.523866,30,2023,0
818,2023-03-06,2023-03-06,TC5,SPOT,USD_MT,49.428701,30,2023,0
817,2023-03-07,2023-03-07,TC5,SPOT,USD_MT,49.232933,30,2023,0
816,2023-03-08,2023-03-08,TC5,SPOT,USD_MT,49.814799,30,2023,0
815,2023-03-09,2023-03-09,TC5,SPOT,USD_MT,51.272183,30,2023,0
814,2023-03-10,2023-03-10,TC5,SPOT,USD_MT,53.507201,30,2023,0
813,2023-03-13,2023-03-13,TC5,SPOT,USD_MT,54.573049,30,2023,0
812,2023-03-14,2023-03-14,TC5,SPOT,USD_MT,53.99118300000001,30,2023,0
811,2023-03-15,2023-03-15,TC5,SPOT,USD_MT,53.602366,30,2023,0
810,2023-03-16,2023-03-16,TC5,SPOT,USD_MT,53.21354900000001,30,2023,0
809,2023-03-17,2023-03-17,TC5,SPOT,USD_MT,52.242866,30,2023,0
808,2023-03-20,2023-03-20,TC5,SPOT,USD_MT,51.079134,30,2023,0
807,2023-03-21,2023-03-21,TC5,SPOT,USD_MT,49.71963400000001,30,2023,0
806,2023-03-22,2023-03-22,TC5,SPOT,USD_MT,49.330817,30,2023,0
805,2023-03-23,2023-03-23,TC5,SPOT,USD_MT,49.428701,30,2023,0
804,2023-03-24,2023-03-24,TC5,SPOT,USD_MT,49.99153400000001,30,2023,0
803,2023-03-27,2023-03-27,TC5,SPOT,USD_MT,49.71963400000001,30,2023,0
802,2023-03-28,2023-03-28,TC5,SPOT,USD_MT,50.203616,30,2023,0
801,2023-03-29,2023-03-29,TC5,SPOT,USD_MT,56.030433,30,2023,0
800,2023-03-30,2023-03-30,TC5,SPOT,USD_MT,56.226201,30,2023,0
799,2023-03-31,2023-03-31,TC5,SPOT,USD_MT,56.030433,30,2023,0
798,2023-04-03,2023-04-03,TC5,SPOT,USD_MT,55.350683,29,2023,0
797,2023-04-04,2023-04-04,TC5,SPOT,USD_MT,54.961866,29,2023,0
796,2023-04-05,2023-04-05,TC5,SPOT,USD_MT,57.48781700000001,29,2023,0
795,2023-04-06,2023-04-06,TC5,SPOT,USD_MT,57.876634,29,2023,0
794,2023-04-11,2023-04-11,TC5,SPOT,USD_MT,56.321366,29,2023,0
793,2023-04-12,2023-04-12,TC5,SPOT,USD_MT,54.961866,29,2023,0
792,2023-04-13,2023-04-13,TC5,SPOT,USD_MT,54.186951,29,2023,0
791,2023-04-14,2023-04-14,TC5,SPOT,USD_MT,53.21354900000001,29,2023,0
790,2023-04-17,2023-04-17,TC5,SPOT,USD_MT,53.311433,29,2023,0
789,2023-04-18,2023-04-18,TC5,SPOT,USD_MT,52.827451,29,2023,0
788,2023-04-19,2023-04-19,TC5,SPOT,USD_MT,53.311433,29,2023,0
787,2023-04-20,2023-04-20,TC5,SPOT,USD_MT,53.602366,29,2023,0
786,2023-04-21,2023-04-21,TC5,SPOT,USD_MT,54.768817,29,2023,0
785,2023-04-24,2023-04-24,TC5,SPOT,USD_MT,54.186951,29,2023,0
784,2023-04-25,2023-04-25,TC5,SPOT,USD_MT,53.798134,29,2023,0
783,2023-04-26,2023-04-26,TC5,SPOT,USD_MT,53.70025,29,2023,0
782,2023-04-27,2023-04-27,TC5,SPOT,USD_MT,54.38,29,2023,0
781,2023-04-28,2023-04-28,TC5,SPOT,USD_MT,54.573049,29,2023,0
780,2023-05-02,2023-05-02,TC5,SPOT,USD_MT,53.893299,30,2023,0
779,2023-05-03,2023-05-03,TC5,SPOT,USD_MT,54.477884,30,2023,0
778,2023-05-04,2023-05-04,TC5,SPOT,USD_MT,52.049817,30,2023,0
777,2023-05-05,2023-05-05,TC5,SPOT,USD_MT,50.399384,30,2023,0
776,2023-05-09,2023-05-09,TC5,SPOT,USD_MT,47.971317,30,2023,0
775,2023-05-10,2023-05-10,TC5,SPOT,USD_MT,48.300316,30,2023,0
774,2023-05-11,2023-05-11,TC5,SPOT,USD_MT,47.873433,30,2023,0
773,2023-05-12,2023-05-12,TC5,SPOT,USD_MT,47.873433,30,2023,0
772,2023-05-15,2023-05-15,TC5,SPOT,USD_MT,46.513933,30,2023,0
771,2023-05-16,2023-05-16,TC5,SPOT,USD_MT,44.18375,30,2023,0
770,2023-05-17,2023-05-17,TC5,SPOT,USD_MT,43.406116,30,2023,0
769,2023-05-18,2023-05-18,TC5,SPOT,USD_MT,43.794933,30,2023,0
768,2023-05-19,2023-05-19,TC5,SPOT,USD_MT,43.310951,30,2023,0
767,2023-05-22,2023-05-22,TC5,SPOT,USD_MT,43.406116,30,2023,0
766,2023-05-23,2023-05-23,TC5,SPOT,USD_MT,43.115183,30,2023,0
765,2023-05-24,2023-05-24,TC5,SPOT,USD_MT,43.310951,30,2023,0
764,2023-05-25,2023-05-25,TC5,SPOT,USD_MT,43.504,30,2023,0
763,2023-05-26,2023-05-26,TC5,SPOT,USD_MT,43.504,30,2023,0
762,2023-05-30,2023-05-30,TC5,SPOT,USD_MT,43.406116,30,2023,0
761,2023-05-31,2023-05-31,TC5,SPOT,USD_MT,43.017299,30,2023,0
760,2023-06-01,2023-06-01,TC5,SPOT,USD_MT,40.007366,29,2023,0
759,2023-06-02,2023-06-02,TC5,SPOT,USD_MT,39.651177,29,2023,0
758,2023-06-05,2023-06-05,TC5,SPOT,USD_MT,38.45481700000001,29,2023,0
757,2023-06-06,2023-06-06,TC5,SPOT,USD_MT,37.484134,29,2023,0
756,2023-06-07,2023-06-07,TC5,SPOT,USD_MT,35.153951,29,2023,0
755,2023-06-08,2023-06-08,TC5,SPOT,USD_MT,34.958183,29,2023,0
754,2023-06-09,2023-06-09,TC5,SPOT,USD_MT,34.569366,29,2023,0
753,2023-06-12,2023-06-12,TC5,SPOT,USD_MT,35.540049,29,2023,0
752,2023-06-13,2023-06-13,TC5,SPOT,USD_MT,36.70650000000001,29,2023,0
751,2023-06-14,2023-06-14,TC5,SPOT,USD_MT,36.317683,29,2023,0
750,2023-06-15,2023-06-15,TC5,SPOT,USD_MT,37.968116,29,2023,0
749,2023-06-16,2023-06-16,TC5,SPOT,USD_MT,38.74575,29,2023,0
748,2023-06-19,2023-06-19,TC5,SPOT,USD_MT,38.45481700000001,29,2023,0
747,2023-06-20,2023-06-20,TC5,SPOT,USD_MT,40.687116,29,2023,0
746,2023-06-21,2023-06-21,TC5,SPOT,USD_MT,42.04661599999999,29,2023,0
745,2023-06-22,2023-06-22,TC5,SPOT,USD_MT,41.951451,29,2023,0
744,2023-06-23,2023-06-23,TC5,SPOT,USD_MT,41.951451,29,2023,0
743,2023-06-26,2023-06-26,TC5,SPOT,USD_MT,42.1445,29,2023,0
742,2023-06-27,2023-06-27,TC5,SPOT,USD_MT,41.636047,29,2023,0
741,2023-06-28,2023-06-28,TC5,SPOT,USD_MT,40.785,29,2023,0
740,2023-06-29,2023-06-29,TC5,SPOT,USD_MT,40.529414,29,2023,0
739,2023-06-30,2023-06-30,TC5,SPOT,USD_MT,39.4255,29,2023,0
738,2023-07-03,2023-07-03,TC5,SPOT,USD_MT,38.577172,30,2023,0
737,2023-07-04,2023-07-04,TC5,SPOT,USD_MT,35.518297,30,2023,0
736,2023-07-05,2023-07-05,TC5,SPOT,USD_MT,33.223461,30,2023,0
735,2023-07-06,2023-07-06,TC5,SPOT,USD_MT,33.13917199999999,30,2023,0
734,2023-07-07,2023-07-07,TC5,SPOT,USD_MT,33.479047,30,2023,0
733,2023-07-10,2023-07-10,TC5,SPOT,USD_MT,33.479047,30,2023,0
732,2023-07-11,2023-07-11,TC5,SPOT,USD_MT,33.479047,30,2023,0
731,2023-07-12,2023-07-12,TC5,SPOT,USD_MT,33.223461,30,2023,0
730,2023-07-13,2023-07-13,TC5,SPOT,USD_MT,30.844336,30,2023,0
729,2023-07-14,2023-07-14,TC5,SPOT,USD_MT,30.248875,30,2023,0
728,2023-07-17,2023-07-17,TC5,SPOT,USD_MT,29.060672,30,2023,0
727,2023-07-18,2023-07-18,TC5,SPOT,USD_MT,28.5495,30,2023,0
726,2023-07-19,2023-07-19,TC5,SPOT,USD_MT,27.529875,30,2023,0
725,2023-07-20,2023-07-20,TC5,SPOT,USD_MT,27.529875,30,2023,0
724,2023-07-21,2023-07-21,TC5,SPOT,USD_MT,27.614164,30,2023,0
723,2023-07-24,2023-07-24,TC5,SPOT,USD_MT,28.209625,30,2023,0
722,2023-07-25,2023-07-25,TC5,SPOT,USD_MT,29.22925,30,2023,0
721,2023-07-26,2023-07-26,TC5,SPOT,USD_MT,34.66725,30,2023,0
720,2023-07-27,2023-07-27,TC5,SPOT,USD_MT,37.726125,30,2023,0
719,2023-07-28,2023-07-28,TC5,SPOT,USD_MT,42.484375,30,2023,0
718,2023-07-31,2023-07-31,TC5,SPOT,USD_MT,44.694922,30,2023,0
717,2023-08-01,2023-08-01,TC5,SPOT,USD_MT,47.498211,30,2023,0
716,2023-08-02,2023-08-02,TC5,SPOT,USD_MT,47.66678900000001,30,2023,0
715,2023-08-03,2023-08-03,TC5,SPOT,USD_MT,48.093672,30,2023,0
714,2023-08-04,2023-08-04,TC5,SPOT,USD_MT,46.987039,30,2023,0
713,2023-08-07,2023-08-07,TC5,SPOT,USD_MT,43.504,30,2023,0
712,2023-08-08,2023-08-08,TC5,SPOT,USD_MT,41.975922,30,2023,0
711,2023-08-09,2023-08-09,TC5,SPOT,USD_MT,40.494067,30,2023,0
710,2023-08-10,2023-08-10,TC5,SPOT,USD_MT,39.4255,30,2023,0
709,2023-08-11,2023-08-11,TC5,SPOT,USD_MT,37.557547,30,2023,0
708,2023-08-14,2023-08-14,TC5,SPOT,USD_MT,37.046375,30,2023,0
707,2023-08-15,2023-08-15,TC5,SPOT,USD_MT,40.956297,30,2023,0
706,2023-08-16,2023-08-16,TC5,SPOT,USD_MT,40.956297,30,2023,0
705,2023-08-17,2023-08-17,TC5,SPOT,USD_MT,41.209164,30,2023,0
704,2023-08-18,2023-08-18,TC5,SPOT,USD_MT,41.296172,30,2023,0
703,2023-08-21,2023-08-21,TC5,SPOT,USD_MT,42.060211,30,2023,0
702,2023-08-22,2023-08-22,TC5,SPOT,USD_MT,42.80793600000001,30,2023,0
701,2023-08-23,2023-08-23,TC5,SPOT,USD_MT,41.87260000000001,30,2023,0
700,2023-08-24,2023-08-24,TC5,SPOT,USD_MT,39.16991400000001,30,2023,0
699,2023-08-25,2023-08-25,TC5,SPOT,USD_MT,38.405875,30,2023,0
698,2023-08-29,2023-08-29,TC5,SPOT,USD_MT,39.849664,30,2023,0
697,2023-08-30,2023-08-30,TC5,SPOT,USD_MT,40.189539,30,2023,0
696,2023-08-31,2023-08-31,TC5,SPOT,USD_MT,39.4255,30,2023,0
695,2023-09-01,2023-09-01,TC5,SPOT,USD_MT,39.716433,29,2023,0
694,2023-09-04,2023-09-04,TC5,SPOT,USD_MT,39.4255,29,2023,0
693,2023-09-05,2023-09-05,TC5,SPOT,USD_MT,39.001336,29,2023,0
692,2023-09-06,2023-09-06,TC5,SPOT,USD_MT,39.256922,29,2023,0
691,2023-09-07,2023-09-07,TC5,SPOT,USD_MT,39.4255,29,2023,0
690,2023-09-08,2023-09-08,TC5,SPOT,USD_MT,39.596797,29,2023,0
689,2023-09-11,2023-09-11,TC5,SPOT,USD_MT,39.681086,29,2023,0
688,2023-09-12,2023-09-12,TC5,SPOT,USD_MT,42.56866400000001,29,2023,0
687,2023-09-13,2023-09-13,TC5,SPOT,USD_MT,44.779211,29,2023,0
686,2023-09-14,2023-09-14,TC5,SPOT,USD_MT,46.138711,29,2023,0
685,2023-09-15,2023-09-15,TC5,SPOT,USD_MT,46.054422,29,2023,0
684,2023-09-18,2023-09-18,TC5,SPOT,USD_MT,45.203375,29,2023,0
683,2023-09-19,2023-09-19,TC5,SPOT,USD_MT,44.439336,29,2023,0
682,2023-09-20,2023-09-20,TC5,SPOT,USD_MT,44.268039,29,2023,0
681,2023-09-21,2023-09-21,TC5,SPOT,USD_MT,44.099461,29,2023,0
680,2023-09-22,2023-09-22,TC5,SPOT,USD_MT,43.588289,29,2023,0
679,2023-09-25,2023-09-25,TC5,SPOT,USD_MT,42.995547,29,2023,0
678,2023-09-26,2023-09-26,TC5,SPOT,USD_MT,41.975922,29,2023,0
677,2023-09-27,2023-09-27,TC5,SPOT,USD_MT,42.1445,29,2023,0
676,2023-09-28,2023-09-28,TC5,SPOT,USD_MT,42.315797,29,2023,0
675,2023-09-29,2023-09-29,TC5,SPOT,USD_MT,42.060211,29,2023,0
674,2023-10-02,2023-10-02,TC5,SPOT,USD_MT,41.888914,30,2023,0
673,2023-10-03,2023-10-03,TC5,SPOT,USD_MT,42.1445,30,2023,0
672,2023-10-04,2023-10-04,TC5,SPOT,USD_MT,42.315797,30,2023,0
671,2023-10-05,2023-10-05,TC5,SPOT,USD_MT,42.484375,30,2023,0
670,2023-10-06,2023-10-06,TC5,SPOT,USD_MT,42.484375,30,2023,0
669,2023-10-09,2023-10-09,TC5,SPOT,USD_MT,42.228789,30,2023,0
668,2023-10-10,2023-10-10,TC5,SPOT,USD_MT,42.400086,30,2023,0
667,2023-10-11,2023-10-11,TC5,SPOT,USD_MT,45.034797,30,2023,0
666,2023-10-12,2023-10-12,TC5,SPOT,USD_MT,45.96741400000001,30,2023,0
665,2023-10-13,2023-10-13,TC5,SPOT,USD_MT,46.647164,30,2023,0
664,2023-10-16,2023-10-16,TC5,SPOT,USD_MT,46.647164,30,2023,0
663,2023-10-17,2023-10-17,TC5,SPOT,USD_MT,46.734172,30,2023,0
662,2023-10-18,2023-10-18,TC5,SPOT,USD_MT,47.413922,30,2023,0
661,2023-10-19,2023-10-19,TC5,SPOT,USD_MT,47.922375,30,2023,0
660,2023-10-20,2023-10-20,TC5,SPOT,USD_MT,47.753797,30,2023,0
659,2023-10-23,2023-10-23,TC5,SPOT,USD_MT,47.07404700000001,30,2023,0
658,2023-10-24,2023-10-24,TC5,SPOT,USD_MT,46.478586,30,2023,0
657,2023-10-25,2023-10-25,TC5,SPOT,USD_MT,46.394297,30,2023,0
656,2023-10-26,2023-10-26,TC5,SPOT,USD_MT,46.223,30,2023,0
655,2023-10-27,2023-10-27,TC5,SPOT,USD_MT,45.54325,30,2023,0
654,2023-10-30,2023-10-30,TC5,SPOT,USD_MT,44.8635,30,2023,0
653,2023-10-31,2023-10-31,TC5,SPOT,USD_MT,42.995547,30,2023,0
652,2023-11-01,2023-11-01,TC5,SPOT,USD_MT,42.315797,29,2023,0
651,2023-11-02,2023-11-02,TC5,SPOT,USD_MT,42.060211,29,2023,0
650,2023-11-03,2023-11-03,TC5,SPOT,USD_MT,41.804625,29,2023,0
649,2023-11-06,2023-11-06,TC5,SPOT,USD_MT,41.804625,29,2023,0
648,2023-11-07,2023-11-07,TC5,SPOT,USD_MT,41.040586,29,2023,0
647,2023-11-08,2023-11-08,TC5,SPOT,USD_MT,39.765375,29,2023,0
646,2023-11-09,2023-11-09,TC5,SPOT,USD_MT,38.577172,29,2023,0
645,2023-11-10,2023-11-10,TC5,SPOT,USD_MT,38.150289,29,2023,0
644,2023-11-13,2023-11-13,TC5,SPOT,USD_MT,37.046375,29,2023,0
643,2023-11-14,2023-11-14,TC5,SPOT,USD_MT,36.02675,29,2023,0
642,2023-11-15,2023-11-15,TC5,SPOT,USD_MT,36.537922,29,2023,0
641,2023-11-16,2023-11-16,TC5,SPOT,USD_MT,36.02675,29,2023,0
640,2023-11-17,2023-11-17,TC5,SPOT,USD_MT,36.11103900000001,29,2023,0
639,2023-11-20,2023-11-20,TC5,SPOT,USD_MT,36.02675,29,2023,0
638,2023-11-21,2023-11-21,TC5,SPOT,USD_MT,35.858172,29,2023,0
637,2023-11-22,2023-11-22,TC5,SPOT,USD_MT,35.858172,29,2023,0
636,2023-11-23,2023-11-23,TC5,SPOT,USD_MT,34.327375,29,2023,0
635,2023-11-24,2023-11-24,TC5,SPOT,USD_MT,33.30775000000001,29,2023,0
634,2023-11-27,2023-11-27,TC5,SPOT,USD_MT,33.818922,29,2023,0
633,2023-11-28,2023-11-28,TC5,SPOT,USD_MT,32.967875,29,2023,0
632,2023-11-29,2023-11-29,TC5,SPOT,USD_MT,32.883586,29,2023,0
631,2023-11-30,2023-11-30,TC5,SPOT,USD_MT,32.459422,29,2023,0
630,2023-12-01,2023-12-01,TC5,SPOT,USD_MT,32.203836,30,2023,0
629,2023-12-04,2023-12-04,TC5,SPOT,USD_MT,32.288125,30,2023,0
628,2023-12-05,2023-12-05,TC5,SPOT,USD_MT,33.479047,30,2023,0
627,2023-12-06,2023-12-06,TC5,SPOT,USD_MT,34.411664,30,2023,0
626,2023-12-07,2023-12-07,TC5,SPOT,USD_MT,35.431289,30,2023,0
625,2023-12-08,2023-12-08,TC5,SPOT,USD_MT,35.431289,30,2023,0
624,2023-12-11,2023-12-11,TC5,SPOT,USD_MT,35.347,30,2023,0
623,2023-12-12,2023-12-12,TC5,SPOT,USD_MT,38.74575,30,2023,0
622,2023-12-13,2023-12-13,TC5,SPOT,USD_MT,39.4255,30,2023,0
621,2023-12-14,2023-12-14,TC5,SPOT,USD_MT,41.296172,30,2023,0
620,2023-12-15,2023-12-15,TC5,SPOT,USD_MT,43.843875,30,2023,0
619,2023-12-18,2023-12-18,TC5,SPOT,USD_MT,47.413922,30,2023,0
618,2023-12-19,2023-12-19,TC5,SPOT,USD_MT,49.453172,30,2023,0
617,2023-12-20,2023-12-20,TC5,SPOT,USD_MT,52.596336,30,2023,0
616,2023-12-21,2023-12-21,TC5,SPOT,USD_MT,54.040125,30,2023,0
615,2023-12-22,2023-12-22,TC5,SPOT,USD_MT,54.21142200000001,30,2023,0
614,2024-01-02,2024-01-02,TC5,SPOT,USD_MT,49.212136,30,2024,0
613,2024-01-03,2024-01-03,TC5,SPOT,USD_MT,47.53335000000001,30,2024,0
612,2024-01-04,2024-01-04,TC5,SPOT,USD_MT,46.067436,30,2024,0
611,2024-01-05,2024-01-05,TC5,SPOT,USD_MT,44.857936,30,2024,0
610,2024-01-08,2024-01-08,TC5,SPOT,USD_MT,44.736986,30,2024,0
609,2024-01-09,2024-01-09,TC5,SPOT,USD_MT,44.99340000000001,30,2024,0
608,2024-01-10,2024-01-10,TC5,SPOT,USD_MT,44.850679,30,2024,0
607,2024-01-11,2024-01-11,TC5,SPOT,USD_MT,45.58363600000001,30,2024,0
606,2024-01-12,2024-01-12,TC5,SPOT,USD_MT,46.338364,30,2024,0
605,2024-01-15,2024-01-15,TC5,SPOT,USD_MT,47.095511,30,2024,0
604,2024-01-16,2024-01-16,TC5,SPOT,USD_MT,47.625272,30,2024,0
603,2024-01-17,2024-01-17,TC5,SPOT,USD_MT,50.649022,30,2024,0
602,2024-01-18,2024-01-18,TC5,SPOT,USD_MT,61.534522,30,2024,0
601,2024-01-19,2024-01-19,TC5,SPOT,USD_MT,64.255897,30,2024,0
600,2024-01-22,2024-01-22,TC5,SPOT,USD_MT,68.186772,30,2024,0
599,2024-01-23,2024-01-23,TC5,SPOT,USD_MT,76.50087500000001,30,2024,0
598,2024-01-24,2024-01-24,TC5,SPOT,USD_MT,89.50300000000001,30,2024,0
597,2024-01-25,2024-01-25,TC5,SPOT,USD_MT,91.772022,30,2024,0
596,2024-01-26,2024-01-26,TC5,SPOT,USD_MT,91.392239,30,2024,0
595,2024-01-29,2024-01-29,TC5,SPOT,USD_MT,90.260147,30,2024,0
594,2024-01-30,2024-01-30,TC5,SPOT,USD_MT,88.748272,30,2024,0
593,2024-01-31,2024-01-31,TC5,SPOT,USD_MT,87.386375,30,2024,0
592,2024-02-01,2024-02-01,TC5,SPOT,USD_MT,86.14784700000001,28,2024,0
591,2024-02-02,2024-02-02,TC5,SPOT,USD_MT,84.515022,28,2024,0
590,2024-02-05,2024-02-05,TC5,SPOT,USD_MT,83.757875,28,2024,0
589,2024-02-06,2024-02-06,TC5,SPOT,USD_MT,77.030636,28,2024,0
588,2024-02-07,2024-02-07,TC5,SPOT,USD_MT,73.644036,28,2024,0
587,2024-02-08,2024-02-08,TC5,SPOT,USD_MT,71.51289700000001,28,2024,0
586,2024-02-09,2024-02-09,TC5,SPOT,USD_MT,70.908147,28,2024,0
585,2024-02-12,2024-02-12,TC5,SPOT,USD_MT,69.001975,28,2024,0
584,2024-02-13,2024-02-13,TC5,SPOT,USD_MT,63.95352200000001,28,2024,0
583,2024-02-14,2024-02-14,TC5,SPOT,USD_MT,60.475,28,2024,0
582,2024-02-15,2024-02-15,TC5,SPOT,USD_MT,59.567875,28,2024,0
581,2024-02-16,2024-02-16,TC5,SPOT,USD_MT,58.813147,28,2024,0
580,2024-02-19,2024-02-19,TC5,SPOT,USD_MT,57.148875,28,2024,0
579,2024-02-20,2024-02-20,TC5,SPOT,USD_MT,53.520375,28,2024,0
578,2024-02-21,2024-02-21,TC5,SPOT,USD_MT,51.556147,28,2024,0
577,2024-02-22,2024-02-22,TC5,SPOT,USD_MT,50.346647,28,2024,0
576,2024-02-23,2024-02-23,TC5,SPOT,USD_MT,50.496625,28,2024,0
575,2024-02-26,2024-02-26,TC5,SPOT,USD_MT,45.20627200000001,28,2024,0
574,2024-02-27,2024-02-27,TC5,SPOT,USD_MT,43.694397,28,2024,0
573,2024-02-28,2024-02-28,TC5,SPOT,USD_MT,42.93725,28,2024,0
572,2024-02-29,2024-02-29,TC5,SPOT,USD_MT,42.18252200000001,28,2024,0
571,2024-03-01,2024-03-01,TC5,SPOT,USD_MT,41.577772,30,2024,0
570,2024-03-04,2024-03-04,TC5,SPOT,USD_MT,40.593239,30,2024,0
569,2024-03-05,2024-03-05,TC5,SPOT,USD_MT,40.368272,30,2024,0
568,2024-03-06,2024-03-06,TC5,SPOT,USD_MT,41.048011,30,2024,0
567,2024-03-07,2024-03-07,TC5,SPOT,USD_MT,41.940622,30,2024,0
566,2024-03-08,2024-03-08,TC5,SPOT,USD_MT,43.012239,30,2024,0
565,2024-03-11,2024-03-11,TC5,SPOT,USD_MT,43.844375,30,2024,0
564,2024-03-12,2024-03-12,TC5,SPOT,USD_MT,52.310875,30,2024,0
563,2024-03-13,2024-03-13,TC5,SPOT,USD_MT,63.80112500000001,30,2024,0
562,2024-03-14,2024-03-14,TC5,SPOT,USD_MT,68.489147,30,2024,0
561,2024-03-15,2024-03-15,TC5,SPOT,USD_MT,69.093897,30,2024,0
560,2024-03-18,2024-03-18,TC5,SPOT,USD_MT,74.38425000000001,30,2024,0
559,2024-03-19,2024-03-19,TC5,SPOT,USD_MT,76.87823900000001,30,2024,0
558,2024-03-20,2024-03-20,TC5,SPOT,USD_MT,77.030636,30,2024,0
557,2024-03-21,2024-03-21,TC5,SPOT,USD_MT,75.443772,30,2024,0
556,2024-03-22,2024-03-22,TC5,SPOT,USD_MT,74.686625,30,2024,0
555,2024-03-25,2024-03-25,TC5,SPOT,USD_MT,71.96525000000001,30,2024,0
554,2024-03-26,2024-03-26,TC5,SPOT,USD_MT,70.605772,30,2024,0
553,2024-03-27,2024-03-27,TC5,SPOT,USD_MT,67.279647,30,2024,0
552,2024-03-28,2024-03-28,TC5,SPOT,USD_MT,65.163022,30,2024,0
551,2024-04-02,2024-04-02,TC5,SPOT,USD_MT,62.44164700000001,29,2024,0
550,2024-04-03,2024-04-03,TC5,SPOT,USD_MT,59.720272,29,2024,0
549,2024-04-04,2024-04-04,TC5,SPOT,USD_MT,56.24175000000001,29,2024,0
548,2024-04-05,2024-04-05,TC5,SPOT,USD_MT,54.277522,29,2024,0
547,2024-04-08,2024-04-08,TC5,SPOT,USD_MT,50.649022,29,2024,0
546,2024-04-09,2024-04-09,TC5,SPOT,USD_MT,48.23002200000001,29,2024,0
545,2024-04-10,2024-04-10,TC5,SPOT,USD_MT,46.415772,29,2024,0
544,2024-04-11,2024-04-11,TC5,SPOT,USD_MT,45.658625,29,2024,0
543,2024-04-12,2024-04-12,TC5,SPOT,USD_MT,46.793136,29,2024,0
542,2024-04-15,2024-04-15,TC5,SPOT,USD_MT,48.454989,29,2024,0
541,2024-04-16,2024-04-16,TC5,SPOT,USD_MT,51.85852200000001,29,2024,0
540,2024-04-17,2024-04-17,TC5,SPOT,USD_MT,55.334625,29,2024,0
539,2024-04-18,2024-04-18,TC5,SPOT,USD_MT,55.864386,29,2024,0
538,2024-04-19,2024-04-19,TC5,SPOT,USD_MT,56.394147,29,2024,0
537,2024-04-22,2024-04-22,TC5,SPOT,USD_MT,56.771511,29,2024,0
536,2024-04-23,2024-04-23,TC5,SPOT,USD_MT,57.148875,29,2024,0
535,2024-04-24,2024-04-24,TC5,SPOT,USD_MT,57.603647,29,2024,0
534,2024-04-25,2024-04-25,TC5,SPOT,USD_MT,57.603647,29,2024,0
533,2024-04-26,2024-04-26,TC5,SPOT,USD_MT,57.75362500000001,29,2024,0
532,2024-04-29,2024-04-29,TC5,SPOT,USD_MT,56.394147,29,2024,0
531,2024-04-30,2024-04-30,TC5,SPOT,USD_MT,54.579897,29,2024,0
530,2024-05-01,2024-05-01,TC5,SPOT,USD_MT,54.579897,30,2024,0
529,2024-05-02,2024-05-02,TC5,SPOT,USD_MT,54.125125,30,2024,0
528,2024-05-03,2024-05-03,TC5,SPOT,USD_MT,53.82275000000001,30,2024,0
527,2024-05-07,2024-05-07,TC5,SPOT,USD_MT,52.91562500000001,30,2024,0
526,2024-05-08,2024-05-08,TC5,SPOT,USD_MT,54.72987500000001,30,2024,0
525,2024-05-09,2024-05-09,TC5,SPOT,USD_MT,55.789397,30,2024,0
524,2024-05-10,2024-05-10,TC5,SPOT,USD_MT,56.46913600000001,30,2024,0
523,2024-05-13,2024-05-13,TC5,SPOT,USD_MT,56.394147,30,2024,0
522,2024-05-14,2024-05-14,TC5,SPOT,USD_MT,56.544125,30,2024,0
521,2024-05-15,2024-05-15,TC5,SPOT,USD_MT,63.95352200000001,30,2024,0
520,2024-05-16,2024-05-16,TC5,SPOT,USD_MT,65.010625,30,2024,0
519,2024-05-17,2024-05-17,TC5,SPOT,USD_MT,66.070147,30,2024,0
518,2024-05-20,2024-05-20,TC5,SPOT,USD_MT,66.070147,30,2024,0
517,2024-05-21,2024-05-21,TC5,SPOT,USD_MT,66.824875,30,2024,0
516,2024-05-22,2024-05-22,TC5,SPOT,USD_MT,66.86841700000001,30,2024,0
515,2024-05-23,2024-05-23,TC5,SPOT,USD_MT,70.908147,30,2024,0
514,2024-05-24,2024-05-24,TC5,SPOT,USD_MT,71.058125,30,2024,0
513,2024-05-28,2024-05-28,TC5,SPOT,USD_MT,68.791522,30,2024,0
512,2024-05-29,2024-05-29,TC5,SPOT,USD_MT,67.052261,30,2024,0
511,2024-05-30,2024-05-30,TC5,SPOT,USD_MT,64.1035,30,2024,0
510,2024-05-31,2024-05-31,TC5,SPOT,USD_MT,60.92977200000001,30,2024,0
509,2024-06-03,2024-06-03,TC5,SPOT,USD_MT,61.232147,29,2024,0
508,2024-06-04,2024-06-04,TC5,SPOT,USD_MT,60.475,29,2024,0
507,2024-06-05,2024-06-05,TC5,SPOT,USD_MT,58.888136,29,2024,0
506,2024-06-06,2024-06-06,TC5,SPOT,USD_MT,59.190511,29,2024,0
505,2024-06-07,2024-06-07,TC5,SPOT,USD_MT,58.283386,29,2024,0
504,2024-06-10,2024-06-10,TC5,SPOT,USD_MT,57.148875,29,2024,0
503,2024-06-11,2024-06-11,TC5,SPOT,USD_MT,55.334625,29,2024,0
502,2024-06-12,2024-06-12,TC5,SPOT,USD_MT,54.88227200000001,29,2024,0
501,2024-06-13,2024-06-13,TC5,SPOT,USD_MT,55.487022,29,2024,0
500,2024-06-14,2024-06-14,TC5,SPOT,USD_MT,56.99889700000001,29,2024,0
499,2024-06-17,2024-06-17,TC5,SPOT,USD_MT,57.603647,29,2024,0
498,2024-06-18,2024-06-18,TC5,SPOT,USD_MT,57.90602200000001,29,2024,0
497,2024-06-19,2024-06-19,TC5,SPOT,USD_MT,58.056,29,2024,0
496,2024-06-20,2024-06-20,TC5,SPOT,USD_MT,58.056,29,2024,0
495,2024-06-21,2024-06-21,TC5,SPOT,USD_MT,57.90602200000001,29,2024,0
494,2024-06-24,2024-06-24,TC5,SPOT,USD_MT,56.921489,29,2024,0
493,2024-06-25,2024-06-25,TC5,SPOT,USD_MT,56.61911400000001,29,2024,0
492,2024-06-26,2024-06-26,TC5,SPOT,USD_MT,56.771511,29,2024,0
491,2024-06-27,2024-06-27,TC5,SPOT,USD_MT,56.091772,29,2024,0
490,2024-06-28,2024-06-28,TC5,SPOT,USD_MT,56.091772,29,2024,0
489,2024-07-01,2024-07-01,TC5,SPOT,USD_MT,55.409614,30,2024,0
488,2024-07-02,2024-07-02,TC5,SPOT,USD_MT,55.637,30,2024,0
487,2024-07-03,2024-07-03,TC5,SPOT,USD_MT,55.409614,30,2024,0
486,2024-07-04,2024-07-04,TC5,SPOT,USD_MT,54.957261,30,2024,0
485,2024-07-05,2024-07-05,TC5,SPOT,USD_MT,54.277522,30,2024,0
484,2024-07-08,2024-07-08,TC5,SPOT,USD_MT,54.35251100000001,30,2024,0
483,2024-07-09,2024-07-09,TC5,SPOT,USD_MT,53.29298900000001,30,2024,0
482,2024-07-10,2024-07-10,TC5,SPOT,USD_MT,52.91562500000001,30,2024,0
481,2024-07-11,2024-07-11,TC5,SPOT,USD_MT,52.235886,30,2024,0
480,2024-07-12,2024-07-12,TC5,SPOT,USD_MT,52.235886,30,2024,0
479,2024-07-15,2024-07-15,TC5,SPOT,USD_MT,51.933511,30,2024,0
478,2024-07-16,2024-07-16,TC5,SPOT,USD_MT,48.83477200000001,30,2024,0
477,2024-07-17,2024-07-17,TC5,SPOT,USD_MT,47.850239,30,2024,0
476,2024-07-18,2024-07-18,TC5,SPOT,USD_MT,45.658625,30,2024,0
475,2024-07-19,2024-07-19,TC5,SPOT,USD_MT,42.787272,30,2024,0
474,2024-07-22,2024-07-22,TC5,SPOT,USD_MT,41.72775000000001,30,2024,0
473,2024-07-23,2024-07-23,TC5,SPOT,USD_MT,40.51825,30,2024,0
472,2024-07-24,2024-07-24,TC5,SPOT,USD_MT,38.024261,30,2024,0
471,2024-07-25,2024-07-25,TC5,SPOT,USD_MT,37.796875,30,2024,0
470,2024-07-26,2024-07-26,TC5,SPOT,USD_MT,37.949272,30,2024,0
469,2024-07-29,2024-07-29,TC5,SPOT,USD_MT,37.796875,30,2024,0
468,2024-07-30,2024-07-30,TC5,SPOT,USD_MT,37.646897,30,2024,0
467,2024-07-31,2024-07-31,TC5,SPOT,USD_MT,37.871864,30,2024,0
466,2024-08-01,2024-08-01,TC5,SPOT,USD_MT,37.569489,30,2024,0
465,2024-08-02,2024-08-02,TC5,SPOT,USD_MT,37.569489,30,2024,0
464,2024-08-05,2024-08-05,TC5,SPOT,USD_MT,37.569489,30,2024,0
463,2024-08-06,2024-08-06,TC5,SPOT,USD_MT,36.285,30,2024,0
462,2024-08-07,2024-08-07,TC5,SPOT,USD_MT,34.47075,30,2024,0
461,2024-08-08,2024-08-08,TC5,SPOT,USD_MT,33.413647,30,2024,0
460,2024-08-09,2024-08-09,TC5,SPOT,USD_MT,32.39766700000001,30,2024,0
459,2024-08-12,2024-08-12,TC5,SPOT,USD_MT,32.581511,30,2024,0
458,2024-08-13,2024-08-13,TC5,SPOT,USD_MT,31.069636,30,2024,0
457,2024-08-14,2024-08-14,TC5,SPOT,USD_MT,30.389897,30,2024,0
456,2024-08-15,2024-08-15,TC5,SPOT,USD_MT,30.087522,30,2024,0
455,2024-08-16,2024-08-16,TC5,SPOT,USD_MT,30.087522,30,2024,0
454,2024-08-19,2024-08-19,TC5,SPOT,USD_MT,29.63275000000001,30,2024,0
453,2024-08-20,2024-08-20,TC5,SPOT,USD_MT,30.11655,30,2024,0
452,2024-08-21,2024-08-21,TC5,SPOT,USD_MT,30.11655,30,2024,0
451,2024-08-22,2024-08-22,TC5,SPOT,USD_MT,30.525361,30,2024,0
450,2024-08-23,2024-08-23,TC5,SPOT,USD_MT,33.563625,30,2024,0
449,2024-08-27,2024-08-27,TC5,SPOT,USD_MT,34.32077200000001,30,2024,0
448,2024-08-28,2024-08-28,TC5,SPOT,USD_MT,34.32077200000001,30,2024,0
447,2024-08-29,2024-08-29,TC5,SPOT,USD_MT,33.563625,30,2024,0
446,2024-08-30,2024-08-30,TC5,SPOT,USD_MT,33.33623900000001,30,2024,0
445,2024-09-02,2024-09-02,TC5,SPOT,USD_MT,33.563625,29,2024,0
444,2024-09-03,2024-09-03,TC5,SPOT,USD_MT,33.111272,29,2024,0
443,2024-09-04,2024-09-04,TC5,SPOT,USD_MT,33.716022,29,2024,0
442,2024-09-05,2024-09-05,TC5,SPOT,USD_MT,34.018397,29,2024,0
441,2024-09-06,2024-09-06,TC5,SPOT,USD_MT,34.018397,29,2024,0
440,2024-09-09,2024-09-09,TC5,SPOT,USD_MT,34.32077200000001,29,2024,0
439,2024-09-10,2024-09-10,TC5,SPOT,USD_MT,34.848114,29,2024,0
438,2024-09-11,2024-09-11,TC5,SPOT,USD_MT,35.907636,29,2024,0
437,2024-09-12,2024-09-12,TC5,SPOT,USD_MT,36.057614,29,2024,0
436,2024-09-13,2024-09-13,TC5,SPOT,USD_MT,37.646897,29,2024,0
435,2024-09-16,2024-09-16,TC5,SPOT,USD_MT,38.251647,29,2024,0
434,2024-09-17,2024-09-17,TC5,SPOT,USD_MT,38.554022,29,2024,0
433,2024-09-18,2024-09-18,TC5,SPOT,USD_MT,39.158772,29,2024,0
432,2024-09-19,2024-09-19,TC5,SPOT,USD_MT,39.30875,29,2024,0
431,2024-09-20,2024-09-20,TC5,SPOT,USD_MT,39.30875,29,2024,0
430,2024-09-23,2024-09-23,TC5,SPOT,USD_MT,39.53613600000001,29,2024,0
429,2024-09-24,2024-09-24,TC5,SPOT,USD_MT,40.593239,29,2024,0
428,2024-09-25,2024-09-25,TC5,SPOT,USD_MT,41.123,29,2024,0
427,2024-09-26,2024-09-26,TC5,SPOT,USD_MT,41.123,29,2024,0
426,2024-09-27,2024-09-27,TC5,SPOT,USD_MT,41.123,29,2024,0
425,2024-09-30,2024-09-30,TC5,SPOT,USD_MT,40.368272,29,2024,0
424,2024-10-01,2024-10-01,TC5,SPOT,USD_MT,38.931386,30,2024,0
423,2024-10-02,2024-10-02,TC5,SPOT,USD_MT,37.267114,30,2024,0
422,2024-10-03,2024-10-03,TC5,SPOT,USD_MT,35.45286400000001,30,2024,0
421,2024-10-04,2024-10-04,TC5,SPOT,USD_MT,32.883886,30,2024,0
420,2024-10-07,2024-10-07,TC5,SPOT,USD_MT,30.389897,30,2024,0
419,2024-10-08,2024-10-08,TC5,SPOT,USD_MT,30.2375,30,2024,0
418,2024-10-09,2024-10-09,TC5,SPOT,USD_MT,30.2375,30,2024,0
417,2024-10-10,2024-10-10,TC5,SPOT,USD_MT,30.2375,30,2024,0
416,2024-10-11,2024-10-11,TC5,SPOT,USD_MT,30.389897,30,2024,0
415,2024-10-14,2024-10-14,TC5,SPOT,USD_MT,30.087522,30,2024,0
414,2024-10-15,2024-10-15,TC5,SPOT,USD_MT,30.84225,30,2024,0
413,2024-10-16,2024-10-16,TC5,SPOT,USD_MT,31.297022,30,2024,0
412,2024-10-17,2024-10-17,TC5,SPOT,USD_MT,33.111272,30,2024,0
411,2024-10-18,2024-10-18,TC5,SPOT,USD_MT,33.413647,30,2024,0
410,2024-10-21,2024-10-21,TC5,SPOT,USD_MT,33.186261,30,2024,0
409,2024-10-22,2024-10-22,TC5,SPOT,USD_MT,32.506522,30,2024,0
408,2024-10-23,2024-10-23,TC5,SPOT,USD_MT,31.297022,30,2024,0
407,2024-10-24,2024-10-24,TC5,SPOT,USD_MT,30.994647,30,2024,0
406,2024-10-25,2024-10-25,TC5,SPOT,USD_MT,30.84225,30,2024,0
405,2024-10-28,2024-10-28,TC5,SPOT,USD_MT,29.785147,30,2024,0
404,2024-10-29,2024-10-29,TC5,SPOT,USD_MT,29.63275000000001,30,2024,0
403,2024-10-30,2024-10-30,TC5,SPOT,USD_MT,29.860136,30,2024,0
402,2024-10-31,2024-10-31,TC5,SPOT,USD_MT,29.461001,30,2024,0
401,2024-11-01,2024-11-01,TC5,SPOT,USD_MT,29.405364,29,2024,0
400,2024-11-04,2024-11-04,TC5,SPOT,USD_MT,28.878022,29,2024,0
399,2024-11-05,2024-11-05,TC5,SPOT,USD_MT,27.893489,29,2024,0
398,2024-11-06,2024-11-06,TC5,SPOT,USD_MT,25.551897,29,2024,0
397,2024-11-07,2024-11-07,TC5,SPOT,USD_MT,25.3995,29,2024,0
396,2024-11-08,2024-11-08,TC5,SPOT,USD_MT,25.097125,29,2024,0
395,2024-11-11,2024-11-11,TC5,SPOT,USD_MT,24.644772,29,2024,0
394,2024-11-12,2024-11-12,TC5,SPOT,USD_MT,24.342397,29,2024,0
393,2024-11-13,2024-11-13,TC5,SPOT,USD_MT,24.947147,29,2024,0
392,2024-11-14,2024-11-14,TC5,SPOT,USD_MT,25.701875,29,2024,0
391,2024-11-15,2024-11-15,TC5,SPOT,USD_MT,25.474489,29,2024,0
390,2024-11-18,2024-11-18,TC5,SPOT,USD_MT,25.551897,29,2024,0
389,2024-11-19,2024-11-19,TC5,SPOT,USD_MT,25.776864,29,2024,0
388,2024-11-20,2024-11-20,TC5,SPOT,USD_MT,26.00425,29,2024,0
387,2024-11-21,2024-11-21,TC5,SPOT,USD_MT,26.306625,29,2024,0
386,2024-11-22,2024-11-22,TC5,SPOT,USD_MT,26.683989,29,2024,0
385,2024-11-25,2024-11-25,TC5,SPOT,USD_MT,26.60900000000001,29,2024,0
384,2024-11-26,2024-11-26,TC5,SPOT,USD_MT,26.534011,29,2024,0
383,2024-11-27,2024-11-27,TC5,SPOT,USD_MT,27.21375,29,2024,0
382,2024-11-28,2024-11-28,TC5,SPOT,USD_MT,27.516125,29,2024,0
381,2024-11-29,2024-11-29,TC5,SPOT,USD_MT,27.138761,29,2024,0
380,2024-12-02,2024-12-02,TC5,SPOT,USD_MT,27.21375,30,2024,0
379,2024-12-03,2024-12-03,TC5,SPOT,USD_MT,26.911375,30,2024,0
378,2024-12-04,2024-12-04,TC5,SPOT,USD_MT,26.231636,30,2024,0
377,2024-12-05,2024-12-05,TC5,SPOT,USD_MT,26.986364,30,2024,0
376,2024-12-06,2024-12-06,TC5,SPOT,USD_MT,27.063772,30,2024,0
375,2024-12-09,2024-12-09,TC5,SPOT,USD_MT,26.683989,30,2024,0
374,2024-12-10,2024-12-10,TC5,SPOT,USD_MT,26.715436,30,2024,0
373,2024-12-11,2024-12-11,TC5,SPOT,USD_MT,26.865414,30,2024,0
372,2024-12-12,2024-12-12,TC5,SPOT,USD_MT,26.60900000000001,30,2024,0
371,2024-12-13,2024-12-13,TC5,SPOT,USD_MT,26.60900000000001,30,2024,0
370,2024-12-16,2024-12-16,TC5,SPOT,USD_MT,26.534011,30,2024,0
369,2024-12-17,2024-12-17,TC5,SPOT,USD_MT,26.459022,30,2024,0
368,2024-12-18,2024-12-18,TC5,SPOT,USD_MT,26.60900000000001,30,2024,0
367,2024-12-19,2024-12-19,TC5,SPOT,USD_MT,26.60900000000001,30,2024,0
366,2024-12-20,2024-12-20,TC5,SPOT,USD_MT,26.534011,30,2024,0
365,2024-12-23,2024-12-23,TC5,SPOT,USD_MT,26.911375,30,2024,0
364,2024-12-24,2024-12-24,TC5,SPOT,USD_MT,26.761397,30,2024,0
363,2025-01-02,2025-01-02,TC5,SPOT,USD_MT,28.9317,30,2025,0
362,2025-01-03,2025-01-03,TC5,SPOT,USD_MT,28.9317,30,2025,0
361,2025-01-06,2025-01-06,TC5,SPOT,USD_MT,29.456424,30,2025,0
360,2025-01-07,2025-01-07,TC5,SPOT,USD_MT,31.3277,30,2025,0
359,2025-01-08,2025-01-08,TC5,SPOT,USD_MT,33.84350000000001,30,2025,0
358,2025-01-09,2025-01-09,TC5,SPOT,USD_MT,37.288948,30,2025,0
357,2025-01-10,2025-01-10,TC5,SPOT,USD_MT,37.737,30,2025,0
356,2025-01-13,2025-01-13,TC5,SPOT,USD_MT,37.887948,30,2025,0
355,2025-01-14,2025-01-14,TC5,SPOT,USD_MT,41.0315,30,2025,0
354,2025-01-15,2025-01-15,TC5,SPOT,USD_MT,42.004276,30,2025,0
353,2025-01-16,2025-01-16,TC5,SPOT,USD_MT,41.855724,30,2025,0
352,2025-01-17,2025-01-17,TC5,SPOT,USD_MT,41.405276,30,2025,0
351,2025-01-20,2025-01-20,TC5,SPOT,USD_MT,39.385448,30,2025,0
350,2025-01-21,2025-01-21,TC5,SPOT,USD_MT,36.2395,30,2025,0
349,2025-01-22,2025-01-22,TC5,SPOT,USD_MT,34.51677600000001,30,2025,0
348,2025-01-23,2025-01-23,TC5,SPOT,USD_MT,33.395448,30,2025,0
347,2025-01-24,2025-01-24,TC5,SPOT,USD_MT,32.0465,30,2025,0
346,2025-01-27,2025-01-27,TC5,SPOT,USD_MT,30.474724,30,2025,0
345,2025-01-28,2025-01-28,TC5,SPOT,USD_MT,30.549,30,2025,0
344,2025-01-29,2025-01-29,TC5,SPOT,USD_MT,29.95,30,2025,0
343,2025-01-30,2025-01-30,TC5,SPOT,USD_MT,29.6505,30,2025,0
342,2025-01-31,2025-01-31,TC5,SPOT,USD_MT,29.801448,30,2025,0
341,2025-02-03,2025-02-03,TC5,SPOT,USD_MT,29.576224,27,2025,0
340,2025-02-04,2025-02-04,TC5,SPOT,USD_MT,28.227276,27,2025,0
339,2025-02-05,2025-02-05,TC5,SPOT,USD_MT,28.52677600000001,27,2025,0
338,2025-02-06,2025-02-06,TC5,SPOT,USD_MT,28.902948,27,2025,0
337,2025-02-07,2025-02-07,TC5,SPOT,USD_MT,28.977224,27,2025,0
336,2025-02-10,2025-02-10,TC5,SPOT,USD_MT,28.977224,27,2025,0
335,2025-02-11,2025-02-11,TC5,SPOT,USD_MT,29.576224,27,2025,0
334,2025-02-12,2025-02-12,TC5,SPOT,USD_MT,30.699948,27,2025,0
333,2025-02-13,2025-02-13,TC5,SPOT,USD_MT,31.073724,27,2025,0
332,2025-02-14,2025-02-14,TC5,SPOT,USD_MT,31.073724,27,2025,0
331,2025-02-17,2025-02-17,TC5,SPOT,USD_MT,31.747,27,2025,0
330,2025-02-18,2025-02-18,TC5,SPOT,USD_MT,32.496948,27,2025,0
329,2025-02-19,2025-02-19,TC5,SPOT,USD_MT,32.571224,27,2025,0
328,2025-02-20,2025-02-20,TC5,SPOT,USD_MT,32.870724,27,2025,0
327,2025-02-21,2025-02-21,TC5,SPOT,USD_MT,33.019276,27,2025,0
326,2025-02-24,2025-02-24,TC5,SPOT,USD_MT,33.170224,27,2025,0
325,2025-02-25,2025-02-25,TC5,SPOT,USD_MT,33.544,27,2025,0
324,2025-02-26,2025-02-26,TC5,SPOT,USD_MT,33.769224,27,2025,0
323,2025-02-27,2025-02-27,TC5,SPOT,USD_MT,33.544,27,2025,0
322,2025-02-28,2025-02-28,TC5,SPOT,USD_MT,33.170224,27,2025,0
321,2025-03-03,2025-03-03,TC5,SPOT,USD_MT,32.870724,30,2025,0
320,2025-03-04,2025-03-04,TC5,SPOT,USD_MT,32.796448,30,2025,0
319,2025-03-05,2025-03-05,TC5,SPOT,USD_MT,32.796448,30,2025,0
318,2025-03-06,2025-03-06,TC5,SPOT,USD_MT,32.271724,30,2025,0
317,2025-03-07,2025-03-07,TC5,SPOT,USD_MT,32.719776,30,2025,0
316,2025-03-10,2025-03-10,TC5,SPOT,USD_MT,33.84350000000001,30,2025,0
315,2025-03-11,2025-03-11,TC5,SPOT,USD_MT,34.816276,30,2025,0
314,2025-03-12,2025-03-12,TC5,SPOT,USD_MT,35.491948,30,2025,0
313,2025-03-13,2025-03-13,TC5,SPOT,USD_MT,40.133,30,2025,0
312,2025-03-14,2025-03-14,TC5,SPOT,USD_MT,41.182448,30,2025,0
311,2025-03-17,2025-03-17,TC5,SPOT,USD_MT,42.82850000000001,30,2025,0
310,2025-03-18,2025-03-18,TC5,SPOT,USD_MT,43.578448,30,2025,0
309,2025-03-19,2025-03-19,TC5,SPOT,USD_MT,43.278948,30,2025,0
308,2025-03-20,2025-03-20,TC5,SPOT,USD_MT,43.353224,30,2025,0
307,2025-03-21,2025-03-21,TC5,SPOT,USD_MT,43.353224,30,2025,0
306,2025-03-24,2025-03-24,TC5,SPOT,USD_MT,42.679948,30,2025,0
305,2025-03-25,2025-03-25,TC5,SPOT,USD_MT,41.855724,30,2025,0
304,2025-03-26,2025-03-26,TC5,SPOT,USD_MT,38.935,30,2025,0
303,2025-03-27,2025-03-27,TC5,SPOT,USD_MT,36.989448,30,2025,0
302,2025-03-28,2025-03-28,TC5,SPOT,USD_MT,36.989448,30,2025,0
301,2025-03-31,2025-03-31,TC5,SPOT,USD_MT,36.764224,30,2025,0
300,2025-04-01,2025-04-01,TC5,SPOT,USD_MT,36.613276,29,2025,0
299,2025-04-02,2025-04-02,TC5,SPOT,USD_MT,36.390448,29,2025,0
298,2025-04-03,2025-04-03,TC5,SPOT,USD_MT,36.2395,29,2025,0
297,2025-04-04,2025-04-04,TC5,SPOT,USD_MT,34.967224,29,2025,0
296,2025-04-07,2025-04-07,TC5,SPOT,USD_MT,34.667724,29,2025,0
295,2025-04-08,2025-04-08,TC5,SPOT,USD_MT,33.694948,29,2025,0
294,2025-04-09,2025-04-09,TC5,SPOT,USD_MT,33.99444800000001,29,2025,0
293,2025-04-10,2025-04-10,TC5,SPOT,USD_MT,33.469724,29,2025,0
292,2025-04-11,2025-04-11,TC5,SPOT,USD_MT,33.2445,29,2025,0
291,2025-04-14,2025-04-14,TC5,SPOT,USD_MT,32.240576,29,2025,0
290,2025-04-15,2025-04-15,TC5,SPOT,USD_MT,31.821276,29,2025,0
289,2025-04-16,2025-04-16,TC5,SPOT,USD_MT,31.747,29,2025,0
288,2025-04-17,2025-04-17,TC5,SPOT,USD_MT,31.148,29,2025,0
287,2025-04-22,2025-04-22,TC5,SPOT,USD_MT,31.821276,29,2025,0
286,2025-04-23,2025-04-23,TC5,SPOT,USD_MT,35.491948,29,2025,0
285,2025-04-24,2025-04-24,TC5,SPOT,USD_MT,35.911248,29,2025,0
284,2025-04-25,2025-04-25,TC5,SPOT,USD_MT,35.266724,29,2025,0
283,2025-04-28,2025-04-28,TC5,SPOT,USD_MT,34.4425,29,2025,0
282,2025-04-29,2025-04-29,TC5,SPOT,USD_MT,32.346,29,2025,0
281,2025-04-30,2025-04-30,TC5,SPOT,USD_MT,32.120776,29,2025,0
280,2025-05-01,2025-05-01,TC5,SPOT,USD_MT,32.120776,30,2025,0
279,2025-05-02,2025-05-02,TC5,SPOT,USD_MT,32.120776,30,2025,0
278,2025-05-06,2025-05-06,TC5,SPOT,USD_MT,31.897948,30,2025,0
277,2025-05-07,2025-05-07,TC5,SPOT,USD_MT,31.897948,30,2025,0
276,2025-05-08,2025-05-08,TC5,SPOT,USD_MT,31.897948,30,2025,0
275,2025-05-09,2025-05-09,TC5,SPOT,USD_MT,32.197448,30,2025,0
274,2025-05-12,2025-05-12,TC5,SPOT,USD_MT,33.318776,30,2025,0
273,2025-05-13,2025-05-13,TC5,SPOT,USD_MT,34.51677600000001,30,2025,0
272,2025-05-14,2025-05-14,TC5,SPOT,USD_MT,35.714776,30,2025,0
271,2025-05-15,2025-05-15,TC5,SPOT,USD_MT,38.48694800000001,30,2025,0
270,2025-05-16,2025-05-16,TC5,SPOT,USD_MT,38.935,30,2025,0
269,2025-05-19,2025-05-19,TC5,SPOT,USD_MT,39.085948,30,2025,0
268,2025-05-20,2025-05-20,TC5,SPOT,USD_MT,39.984448,30,2025,0
267,2025-05-21,2025-05-21,TC5,SPOT,USD_MT,41.256724,30,2025,0
266,2025-05-22,2025-05-22,TC5,SPOT,USD_MT,40.957224,30,2025,0
265,2025-05-23,2025-05-23,TC5,SPOT,USD_MT,40.583448,30,2025,0
264,2025-05-27,2025-05-27,TC5,SPOT,USD_MT,38.776864,30,2025,0
263,2025-05-28,2025-05-28,TC5,SPOT,USD_MT,37.737,30,2025,0
262,2025-05-29,2025-05-29,TC5,SPOT,USD_MT,37.737,30,2025,0
261,2025-05-30,2025-05-30,TC5,SPOT,USD_MT,37.4375,30,2025,0
260,2025-06-02,2025-06-02,TC5,SPOT,USD_MT,38.187448,29,2025,0
259,2025-06-03,2025-06-03,TC5,SPOT,USD_MT,38.786448,29,2025,0
258,2025-06-04,2025-06-04,TC5,SPOT,USD_MT,38.48694800000001,29,2025,0
257,2025-06-05,2025-06-05,TC5,SPOT,USD_MT,38.0365,29,2025,0
256,2025-06-06,2025-06-06,TC5,SPOT,USD_MT,37.063724,29,2025,0
255,2025-06-09,2025-06-09,TC5,SPOT,USD_MT,36.014276,29,2025,0
254,2025-06-10,2025-06-10,TC5,SPOT,USD_MT,35.266724,29,2025,0
253,2025-06-11,2025-06-11,TC5,SPOT,USD_MT,33.769224,29,2025,0
252,2025-06-12,2025-06-12,TC5,SPOT,USD_MT,33.318776,29,2025,0
251,2025-06-13,2025-06-13,TC5,SPOT,USD_MT,34.068724,29,2025,0
250,2025-06-16,2025-06-16,TC5,SPOT,USD_MT,39.984448,29,2025,0
249,2025-06-17,2025-06-17,TC5,SPOT,USD_MT,51.514,29,2025,0
248,2025-06-18,2025-06-18,TC5,SPOT,USD_MT,53.761448,29,2025,0
247,2025-06-19,2025-06-19,TC5,SPOT,USD_MT,52.263948,29,2025,0
246,2025-06-20,2025-06-20,TC5,SPOT,USD_MT,51.964448,29,2025,0
245,2025-06-23,2025-06-23,TC5,SPOT,USD_MT,53.162448,29,2025,0
244,2025-06-24,2025-06-24,TC5,SPOT,USD_MT,50.541224,29,2025,0
243,2025-06-25,2025-06-25,TC5,SPOT,USD_MT,46.036744,29,2025,0
242,2025-06-26,2025-06-26,TC5,SPOT,USD_MT,43.4275,29,2025,0
241,2025-06-27,2025-06-27,TC5,SPOT,USD_MT,34.967224,29,2025,0
240,2025-06-30,2025-06-30,TC5,SPOT,USD_MT,33.84350000000001,29,2025,0
239,2025-07-01,2025-07-01,TC5,SPOT,USD_MT,33.994728,30,2025,0
238,2025-07-02,2025-07-02,TC5,SPOT,USD_MT,34.221456,30,2025,0
237,2025-07-03,2025-07-03,TC5,SPOT,USD_MT,33.618456,30,2025,0
236,2025-07-04,2025-07-04,TC5,SPOT,USD_MT,33.165,30,2025,0
235,2025-07-07,2025-07-07,TC5,SPOT,USD_MT,32.562,30,2025,0
234,2025-07-08,2025-07-08,TC5,SPOT,USD_MT,31.507956,30,2025,0
233,2025-07-09,2025-07-09,TC5,SPOT,USD_MT,32.8635,30,2025,0
232,2025-07-10,2025-07-10,TC5,SPOT,USD_MT,34.747272,30,2025,0
231,2025-07-11,2025-07-11,TC5,SPOT,USD_MT,34.6725,30,2025,0
230,2025-07-14,2025-07-14,TC5,SPOT,USD_MT,35.427456,30,2025,0
229,2025-07-15,2025-07-15,TC5,SPOT,USD_MT,34.974,30,2025,0
228,2025-07-16,2025-07-16,TC5,SPOT,USD_MT,34.974,30,2025,0
227,2025-07-17,2025-07-17,TC5,SPOT,USD_MT,34.597728,30,2025,0
226,2025-07-18,2025-07-18,TC5,SPOT,USD_MT,35.20072800000001,30,2025,0
225,2025-07-21,2025-07-21,TC5,SPOT,USD_MT,35.125956,30,2025,0
224,2025-07-22,2025-07-22,TC5,SPOT,USD_MT,35.427456,30,2025,0
223,2025-07-23,2025-07-23,TC5,SPOT,USD_MT,36.105228,30,2025,0
222,2025-07-24,2025-07-24,TC5,SPOT,USD_MT,36.18,30,2025,0
221,2025-07-25,2025-07-25,TC5,SPOT,USD_MT,36.18,30,2025,0
220,2025-07-28,2025-07-28,TC5,SPOT,USD_MT,35.953272,30,2025,0
219,2025-07-29,2025-07-29,TC5,SPOT,USD_MT,36.857772,30,2025,0
218,2025-07-30,2025-07-30,TC5,SPOT,USD_MT,37.5669,30,2025,0
217,2025-07-31,2025-07-31,TC5,SPOT,USD_MT,37.762272,30,2025,0
216,2025-08-01,2025-08-01,TC5,SPOT,USD_MT,37.537956,30,2025,0
215,2025-08-04,2025-08-04,TC5,SPOT,USD_MT,38.365272,30,2025,0
214,2025-08-05,2025-08-05,TC5,SPOT,USD_MT,39.949956,30,2025,0
213,2025-08-06,2025-08-06,TC5,SPOT,USD_MT,41.758956,30,2025,0
212,2025-08-07,2025-08-07,TC5,SPOT,USD_MT,42.436728,30,2025,0
211,2025-08-08,2025-08-08,TC5,SPOT,USD_MT,42.21,30,2025,0
210,2025-08-11,2025-08-11,TC5,SPOT,USD_MT,41.60700000000001,30,2025,0
209,2025-08-12,2025-08-12,TC5,SPOT,USD_MT,41.758956,30,2025,0
208,2025-08-13,2025-08-13,TC5,SPOT,USD_MT,41.60700000000001,30,2025,0
207,2025-08-14,2025-08-14,TC5,SPOT,USD_MT,40.929228,30,2025,0
206,2025-08-15,2025-08-15,TC5,SPOT,USD_MT,40.251456,30,2025,0
205,2025-08-18,2025-08-18,TC5,SPOT,USD_MT,39.723228,30,2025,0
204,2025-08-19,2025-08-19,TC5,SPOT,USD_MT,39.346956,30,2025,0
203,2025-08-20,2025-08-20,TC5,SPOT,USD_MT,38.517228,30,2025,0
202,2025-08-21,2025-08-21,TC5,SPOT,USD_MT,37.839456,30,2025,0
201,2025-08-22,2025-08-22,TC5,SPOT,USD_MT,37.989,30,2025,0
200,2025-08-26,2025-08-26,TC5,SPOT,USD_MT,37.537956,30,2025,0
199,2025-08-27,2025-08-27,TC5,SPOT,USD_MT,36.857772,30,2025,0
198,2025-08-28,2025-08-28,TC5,SPOT,USD_MT,36.105228,30,2025,0
197,2025-08-29,2025-08-29,TC5,SPOT,USD_MT,36.18,30,2025,0
196,2025-09-01,2025-09-01,TC5,SPOT,USD_MT,37.537956,29,2025,0
195,2025-09-02,2025-09-02,TC5,SPOT,USD_MT,38.21572800000001,29,2025,0
194,2025-09-03,2025-09-03,TC5,SPOT,USD_MT,37.6875,29,2025,0
193,2025-09-04,2025-09-04,TC5,SPOT,USD_MT,37.989,29,2025,0
192,2025-09-05,2025-09-05,TC5,SPOT,USD_MT,37.989,29,2025,0
191,2025-09-08,2025-09-08,TC5,SPOT,USD_MT,38.666772,29,2025,0
190,2025-09-09,2025-09-09,TC5,SPOT,USD_MT,38.666772,29,2025,0
189,2025-09-10,2025-09-10,TC5,SPOT,USD_MT,37.989,29,2025,0
188,2025-09-11,2025-09-11,TC5,SPOT,USD_MT,37.236456,29,2025,0
187,2025-09-12,2025-09-12,TC5,SPOT,USD_MT,36.633456,29,2025,0
186,2025-09-15,2025-09-15,TC5,SPOT,USD_MT,36.105228,29,2025,0
185,2025-09-16,2025-09-16,TC5,SPOT,USD_MT,37.236456,29,2025,0
184,2025-09-17,2025-09-17,TC5,SPOT,USD_MT,36.406728,29,2025,0
183,2025-09-18,2025-09-18,TC5,SPOT,USD_MT,35.2755,29,2025,0
182,2025-09-19,2025-09-19,TC5,SPOT,USD_MT,34.144272,29,2025,0
181,2025-09-22,2025-09-22,TC5,SPOT,USD_MT,32.185728,29,2025,0
180,2025-09-23,2025-09-23,TC5,SPOT,USD_MT,31.6575,29,2025,0
179,2025-09-24,2025-09-24,TC5,SPOT,USD_MT,31.430772,29,2025,0
178,2025-09-25,2025-09-25,TC5,SPOT,USD_MT,30.603456,29,2025,0
177,2025-09-26,2025-09-26,TC5,SPOT,USD_MT,30.526272,29,2025,0
176,2025-09-29,2025-09-29,TC5,SPOT,USD_MT,30.753,29,2025,0
175,2025-09-30,2025-09-30,TC5,SPOT,USD_MT,30.15,29,2025,0
174,2025-10-01,2025-10-01,TC5,SPOT,USD_MT,29.773728,30,2025,0
173,2025-10-02,2025-10-02,TC5,SPOT,USD_MT,29.472228,30,2025,0
172,2025-10-03,2025-10-03,TC5,SPOT,USD_MT,29.397456,30,2025,0
171,2025-10-06,2025-10-06,TC5,SPOT,USD_MT,29.018772,30,2025,0
170,2025-10-07,2025-10-07,TC5,SPOT,USD_MT,28.0395,30,2025,0
169,2025-10-08,2025-10-08,TC5,SPOT,USD_MT,27.738,30,2025,0
168,2025-10-09,2025-10-09,TC5,SPOT,USD_MT,27.286956,30,2025,0
167,2025-10-10,2025-10-10,TC5,SPOT,USD_MT,26.985456,30,2025,0
166,2025-10-13,2025-10-13,TC5,SPOT,USD_MT,26.606772,30,2025,0
165,2025-10-14,2025-10-14,TC5,SPOT,USD_MT,26.683956,30,2025,0
164,2025-10-15,2025-10-15,TC5,SPOT,USD_MT,26.908272,30,2025,0
163,2025-10-16,2025-10-16,TC5,SPOT,USD_MT,27.588456,30,2025,0
162,2025-10-17,2025-10-17,TC5,SPOT,USD_MT,27.738,30,2025,0
161,2025-10-20,2025-10-20,TC5,SPOT,USD_MT,28.772748,30,2025,0
160,2025-10-21,2025-10-21,TC5,SPOT,USD_MT,29.170728,30,2025,0
159,2025-10-22,2025-10-22,TC5,SPOT,USD_MT,29.2455,30,2025,0
158,2025-10-23,2025-10-23,TC5,SPOT,USD_MT,31.129272,30,2025,0
157,2025-10-24,2025-10-24,TC5,SPOT,USD_MT,34.6725,30,2025,0
156,2025-10-27,2025-10-27,TC5,SPOT,USD_MT,35.048772,30,2025,0
155,2025-10-28,2025-10-28,TC5,SPOT,USD_MT,35.953272,30,2025,0
154,2025-10-29,2025-10-29,TC5,SPOT,USD_MT,36.18,30,2025,0
153,2025-10-30,2025-10-30,TC5,SPOT,USD_MT,36.331956,30,2025,0
152,2025-10-31,2025-10-31,TC5,SPOT,USD_MT,36.331956,30,2025,0
151,2025-11-03,2025-11-03,TC5,SPOT,USD_MT,35.953272,29,2025,0
150,2025-11-04,2025-11-04,TC5,SPOT,USD_MT,34.974,29,2025,0
149,2025-11-05,2025-11-05,TC5,SPOT,USD_MT,34.824456,29,2025,0
148,2025-11-06,2025-11-06,TC5,SPOT,USD_MT,34.296228,29,2025,0
147,2025-11-07,2025-11-07,TC5,SPOT,USD_MT,34.144272,29,2025,0
146,2025-11-10,2025-11-10,TC5,SPOT,USD_MT,34.296228,29,2025,0
145,2025-11-11,2025-11-11,TC5,SPOT,USD_MT,34.221456,29,2025,0
144,2025-11-12,2025-11-12,TC5,SPOT,USD_MT,34.597728,29,2025,0
143,2025-11-13,2025-11-13,TC5,SPOT,USD_MT,34.824456,29,2025,0
142,2025-11-14,2025-11-14,TC5,SPOT,USD_MT,34.899228,29,2025,0
141,2025-11-17,2025-11-17,TC5,SPOT,USD_MT,34.6725,29,2025,0
140,2025-11-18,2025-11-18,TC5,SPOT,USD_MT,34.371,29,2025,0
139,2025-11-19,2025-11-19,TC5,SPOT,USD_MT,34.974,29,2025,0
138,2025-11-20,2025-11-20,TC5,SPOT,USD_MT,37.009728,29,2025,0
137,2025-11-21,2025-11-21,TC5,SPOT,USD_MT,38.140956,29,2025,0
136,2025-11-24,2025-11-24,TC5,SPOT,USD_MT,41.3055,29,2025,0
135,2025-11-25,2025-11-25,TC5,SPOT,USD_MT,45.678456,29,2025,0
134,2025-11-26,2025-11-26,TC5,SPOT,USD_MT,45.979956,29,2025,0
133,2025-11-27,2025-11-27,TC5,SPOT,USD_MT,45.451728,29,2025,0
132,2025-11-28,2025-11-28,TC5,SPOT,USD_MT,45.5265,29,2025,0
131,2025-12-01,2025-12-01,TC5,SPOT,USD_MT,44.245728,30,2025,0
130,2025-12-02,2025-12-02,TC5,SPOT,USD_MT,42.813,30,2025,0
129,2025-12-03,2025-12-03,TC5,SPOT,USD_MT,42.738228,30,2025,0
128,2025-12-04,2025-12-04,TC5,SPOT,USD_MT,43.567956,30,2025,0
127,2025-12-05,2025-12-05,TC5,SPOT,USD_MT,43.416,30,2025,0
126,2025-12-08,2025-12-08,TC5,SPOT,USD_MT,43.869456,30,2025,0
125,2025-12-09,2025-12-09,TC5,SPOT,USD_MT,43.490772,30,2025,0
124,2025-12-10,2025-12-10,TC5,SPOT,USD_MT,43.490772,30,2025,0
123,2025-12-11,2025-12-11,TC5,SPOT,USD_MT,43.26645600000001,30,2025,0
122,2025-12-12,2025-12-12,TC5,SPOT,USD_MT,42.813,30,2025,0
121,2025-12-15,2025-12-15,TC5,SPOT,USD_MT,42.813,30,2025,0
120,2025-12-16,2025-12-16,TC5,SPOT,USD_MT,42.5115,30,2025,0
119,2025-12-17,2025-12-17,TC5,SPOT,USD_MT,41.155956,30,2025,0
118,2025-12-18,2025-12-18,TC5,SPOT,USD_MT,40.326228,30,2025,0
117,2025-12-19,2025-12-19,TC5,SPOT,USD_MT,40.174272,30,2025,0
116,2025-12-22,2025-12-22,TC5,SPOT,USD_MT,40.174272,30,2025,0
115,2025-12-23,2025-12-23,TC5,SPOT,USD_MT,39.723228,30,2025,0
114,2025-12-24,2025-12-24,TC5,SPOT,USD_MT,39.648456,30,2025,0
113,2026-01-02,2026-01-02,TC5,SPOT,USD_MT,40.089644,30,2026,0
112,2026-01-05,2026-01-05,TC5,SPOT,USD_MT,40.472824,30,2026,0
111,2026-01-06,2026-01-06,TC5,SPOT,USD_MT,40.572,30,2026,0
110,2026-01-07,2026-01-07,TC5,SPOT,USD_MT,41.065626,30,2026,0
109,2026-01-08,2026-01-08,TC5,SPOT,USD_MT,42.968002,30,2026,0
108,2026-01-09,2026-01-09,TC5,SPOT,USD_MT,43.10775,30,2026,0
107,2026-01-12,2026-01-12,TC5,SPOT,USD_MT,43.531502,30,2026,0
106,2026-01-13,2026-01-13,TC5,SPOT,USD_MT,45.6435,30,2026,0
105,2026-01-14,2026-01-14,TC5,SPOT,USD_MT,48.884752,30,2026,0
104,2026-01-15,2026-01-15,TC5,SPOT,USD_MT,51.138752,30,2026,0
103,2026-01-16,2026-01-16,TC5,SPOT,USD_MT,51.56025,30,2026,0
102,2026-01-19,2026-01-19,TC5,SPOT,USD_MT,51.630124,30,2026,0
101,2026-01-20,2026-01-20,TC5,SPOT,USD_MT,50.57525199999999,30,2026,0
100,2026-01-21,2026-01-21,TC5,SPOT,USD_MT,49.30625,30,2026,0
99,2026-01-22,2026-01-22,TC5,SPOT,USD_MT,47.757752,30,2026,0
98,2026-01-23,2026-01-23,TC5,SPOT,USD_MT,47.685624,30,2026,0
97,2026-01-26,2026-01-26,TC5,SPOT,USD_MT,46.8832,30,2026,0
96,2026-01-27,2026-01-27,TC5,SPOT,USD_MT,48.109376,30,2026,0
95,2026-01-28,2026-01-28,TC5,SPOT,USD_MT,48.997452,30,2026,0
94,2026-01-29,2026-01-29,TC5,SPOT,USD_MT,49.448252,30,2026,0
93,2026-01-30,2026-01-30,TC5,SPOT,USD_MT,49.448252,30,2026,0
92,2026-02-02,2026-02-02,TC5,SPOT,USD_MT,48.884752,27,2026,0
91,2026-02-03,2026-02-03,TC5,SPOT,USD_MT,48.391126,27,2026,0
90,2026-02-04,2026-02-04,TC5,SPOT,USD_MT,47.403874,27,2026,0
89,2026-02-05,2026-02-05,TC5,SPOT,USD_MT,46.137126,27,2026,0
88,2026-02-06,2026-02-06,TC5,SPOT,USD_MT,45.6435,27,2026,0
87,2026-02-09,2026-02-09,TC5,SPOT,USD_MT,44.602152,27,2026,0
86,2026-02-10,2026-02-10,TC5,SPOT,USD_MT,43.67125,27,2026,0
85,2026-02-11,2026-02-11,TC5,SPOT,USD_MT,41.910876,27,2026,0
84,2026-02-12,2026-02-12,TC5,SPOT,USD_MT,40.529174,27,2026,0
83,2026-02-13,2026-02-13,TC5,SPOT,USD_MT,40.220376,27,2026,0
82,2026-02-16,2026-02-16,TC5,SPOT,USD_MT,39.514874,27,2026,0
81,2026-02-17,2026-02-17,TC5,SPOT,USD_MT,39.605034,27,2026,0
80,2026-02-18,2026-02-18,TC5,SPOT,USD_MT,39.927356,27,2026,0
79,2026-02-19,2026-02-19,TC5,SPOT,USD_MT,41.347376,27,2026,0
78,2026-02-20,2026-02-20,TC5,SPOT,USD_MT,41.699,27,2026,0
77,2026-02-23,2026-02-23,TC5,SPOT,USD_MT,41.699,27,2026,0
76,2026-02-24,2026-02-24,TC5,SPOT,USD_MT,43.601376,27,2026,0
75,2026-02-25,2026-02-25,TC5,SPOT,USD_MT,45.52854600000001,27,2026,0
74,2026-02-26,2026-02-26,TC5,SPOT,USD_MT,48.603002,27,2026,0
73,2026-02-27,2026-02-27,TC5,SPOT,USD_MT,50.857002,27,2026,0
72,2026-03-02,2026-03-02,TC5,SPOT,USD_MT,69.452502,30,2026,0
71,2026-03-03,2026-03-03,TC5,SPOT,USD_MT,97.855156,30,2026,0
70,2026-03-04,2026-03-04,TC5,SPOT,USD_MT,132.539708,30,2026,0
69,2026-03-05,2026-03-05,TC5,SPOT,USD_MT,105.741902,30,2026,0
68,2026-03-06,2026-03-06,TC5,SPOT,USD_MT,95.20670599999998,30,2026,0
67,2026-03-09,2026-03-09,TC5,SPOT,USD_MT,89.43871999999999,30,2026,0
66,2026-03-10,2026-03-10,TC5,SPOT,USD_MT,85.913464,30,2026,0
65,2026-03-11,2026-03-11,TC5,SPOT,USD_MT,82.694752,30,2026,0
64,2026-03-12,2026-03-12,TC5,SPOT,USD_MT,81.479846,30,2026,0
63,2026-03-13,2026-03-13,TC5,SPOT,USD_MT,81.849502,30,2026,0
62,2026-03-16,2026-03-16,TC5,SPOT,USD_MT,81.79540599999999,30,2026,0
61,2026-03-17,2026-03-17,TC5,SPOT,USD_MT,81.373908,30,2026,0
60,2026-03-18,2026-03-18,TC5,SPOT,USD_MT,86.94805,30,2026,0
59,2026-03-19,2026-03-19,TC5,SPOT,USD_MT,87.48450199999999,30,2026,0
58,2026-03-20,2026-03-20,TC5,SPOT,USD_MT,88.89325199999999,30,2026,0
57,2026-03-23,2026-03-23,TC5,SPOT,USD_MT,90.583752,30,2026,0
56,2026-03-24,2026-03-24,TC5,SPOT,USD_MT,94.94975,30,2026,0
55,2026-03-25,2026-03-25,TC5,SPOT,USD_MT,96.07675,30,2026,0
54,2026-03-26,2026-03-26,TC5,SPOT,USD_MT,95.655252,30,2026,0
53,2026-03-27,2026-03-27,TC5,SPOT,USD_MT,95.937002,30,2026,0
52,2026-03-30,2026-03-30,TC5,SPOT,USD_MT,96.782252,30,2026,0
51,2026-03-31,2026-03-31,TC5,SPOT,USD_MT,105.798252,30,2026,0
50,2026-04-01,2026-04-01,TC5,SPOT,USD_MT,106.78325,29,2026,0
49,2026-04-02,2026-04-02,TC5,SPOT,USD_MT,106.5015,29,2026,0
48,2026-04-07,2026-04-07,TC5,SPOT,USD_MT,109.670624,29,2026,0
47,2026-04-08,2026-04-08,TC5,SPOT,USD_MT,116.081,29,2026,0
46,2026-04-09,2026-04-09,TC5,SPOT,USD_MT,125.097,29,2026,0
45,2026-04-10,2026-04-10,TC5,SPOT,USD_MT,128.19625,29,2026,0
44,2026-04-13,2026-04-13,TC5,SPOT,USD_MT,134.95825,29,2026,0
43,2026-04-14,2026-04-14,TC5,SPOT,USD_MT,137.917752,29,2026,0
42,2026-04-15,2026-04-15,TC5,SPOT,USD_MT,139.1845,29,2026,0
41,2026-04-16,2026-04-16,TC5,SPOT,USD_MT,140.02975,29,2026,0
40,2026-04-17,2026-04-17,TC5,SPOT,USD_MT,145.806752,29,2026,0
39,2026-04-20,2026-04-20,TC5,SPOT,USD_MT,147.35525,29,2026,0
38,2026-04-21,2026-04-21,TC5,SPOT,USD_MT,147.35525,29,2026,0
37,2026-04-22,2026-04-22,TC5,SPOT,USD_MT,147.35525,29,2026,0
36,2026-04-23,2026-04-23,TC5,SPOT,USD_MT,148.060752,29,2026,0
35,2026-04-24,2026-04-24,TC5,SPOT,USD_MT,147.91875,29,2026,0
34,2026-04-27,2026-04-27,TC5,SPOT,USD_MT,147.91875,29,2026,0
33,2026-04-28,2026-04-28,TC5,SPOT,USD_MT,148.060752,29,2026,0
32,2026-04-29,2026-04-29,TC5,SPOT,USD_MT,140.735252,29,2026,0
31,2026-04-30,2026-04-30,TC5,SPOT,USD_MT,138.90275,29,2026,0
30,2026-05-01,2026-05-01,TC5,SPOT,USD_MT,145.060678,30,2026,0
29,2026-05-05,2026-05-05,TC5,SPOT,USD_MT,138.621,30,2026,0
28,2026-05-06,2026-05-06,TC5,SPOT,USD_MT,136.64875,30,2026,0
27,2026-05-07,2026-05-07,TC5,SPOT,USD_MT,136.08525,30,2026,0
26,2026-05-08,2026-05-08,TC5,SPOT,USD_MT,135.8035,30,2026,0
25,2026-05-11,2026-05-11,TC5,SPOT,USD_MT,135.591624,30,2026,0
24,2026-05-12,2026-05-12,TC5,SPOT,USD_MT,135.52175,30,2026,0
23,2026-05-13,2026-05-13,TC5,SPOT,USD_MT,135.382002,30,2026,0
22,2026-05-14,2026-05-14,TC5,SPOT,USD_MT,135.382002,30,2026,0
21,2026-05-15,2026-05-15,TC5,SPOT,USD_MT,135.382002,30,2026,0
20,2026-05-18,2026-05-18,TC5,SPOT,USD_MT,132.564502,30,2026,0
19,2026-05-19,2026-05-19,TC5,SPOT,USD_MT,131.155752,30,2026,0
18,2026-05-20,2026-05-20,TC5,SPOT,USD_MT,130.310502,30,2026,0
17,2026-05-21,2026-05-21,TC5,SPOT,USD_MT,128.5907,30,2026,0
16,2026-05-22,2026-05-22,TC5,SPOT,USD_MT,128.19625,30,2026,0
15,2026-05-26,2026-05-26,TC5,SPOT,USD_MT,126.084252,30,2026,0
14,2026-05-27,2026-05-27,TC5,SPOT,USD_MT,133.308322,30,2026,0
13,2026-05-28,2026-05-28,TC5,SPOT,USD_MT,125.26605,30,2026,0
12,2026-05-29,2026-05-29,TC5,SPOT,USD_MT,123.266752,30,2026,0
11,2026-06-01,2026-06-01,TC5,SPOT,USD_MT,122.2795,29,2026,0
10,2026-06-02,2026-06-02,TC5,SPOT,USD_MT,122.067624,29,2026,0
9,2026-06-03,2026-06-03,TC5,SPOT,USD_MT,121.858002,29,2026,0
8,2026-06-04,2026-06-04,TC5,SPOT,USD_MT,121.858002,29,2026,0
7,2026-06-05,2026-06-05,TC5,SPOT,USD_MT,122.139752,29,2026,0
6,2026-06-08,2026-06-08,TC5,SPOT,USD_MT,122.421502,29,2026,0
5,2026-06-09,2026-06-09,TC5,SPOT,USD_MT,122.843,29,2026,0
4,2026-06-10,2026-06-10,TC5,SPOT,USD_MT,122.985002,29,2026,0
3,2026-06-11,2026-06-11,TC5,SPOT,USD_MT,118.195252,29,2026,0
2,2026-06-12,2026-06-12,TC5,SPOT,USD_MT,117.208,29,2026,0
1,2026-06-15,2026-06-15,TC5,SPOT,USD_MT,117.208,29,2026,0
0,2026-06-16,2026-06-16,TC5,SPOT,USD_MT,115.659502,29,2026,0
