Unnamed: 0,Date,TENOR_DATE,CURVE_NAME,CURVE_TYPE,UOM,Value,DAYS_TO_EXPIRY,TENOR_YEAR,DAYS_TO_EXPIRY_MASK
2089,2018-01-02,2018-01-02,TC7,SPOT,USD_MT,24.123308,30,2018,0
2088,2018-01-03,2018-01-03,TC7,SPOT,USD_MT,23.871966,30,2018,0
2087,2018-01-04,2018-01-04,TC7,SPOT,USD_MT,23.399664,30,2018,0
2086,2018-01-05,2018-01-05,TC7,SPOT,USD_MT,23.008841,30,2018,0
2085,2018-01-08,2018-01-08,TC7,SPOT,USD_MT,22.778214,30,2018,0
2084,2018-01-09,2018-01-09,TC7,SPOT,USD_MT,22.702259,30,2018,0
2083,2018-01-10,2018-01-10,TC7,SPOT,USD_MT,22.568302,30,2018,0
2082,2018-01-11,2018-01-11,TC7,SPOT,USD_MT,22.629066,30,2018,0
2081,2018-01-12,2018-01-12,TC7,SPOT,USD_MT,22.624923,30,2018,0
2080,2018-01-15,2018-01-15,TC7,SPOT,USD_MT,22.693973,30,2018,0
2079,2018-01-16,2018-01-16,TC7,SPOT,USD_MT,22.7865,30,2018,0
2078,2018-01-17,2018-01-17,TC7,SPOT,USD_MT,22.948077,30,2018,0
2077,2018-01-18,2018-01-18,TC7,SPOT,USD_MT,23.116559,30,2018,0
2076,2018-01-19,2018-01-19,TC7,SPOT,USD_MT,23.13175,30,2018,0
2075,2018-01-22,2018-01-22,TC7,SPOT,USD_MT,23.116559,30,2018,0
2074,2018-01-23,2018-01-23,TC7,SPOT,USD_MT,23.116559,30,2018,0
2073,2018-01-24,2018-01-24,TC7,SPOT,USD_MT,23.151084,30,2018,0
2072,2018-01-25,2018-01-25,TC7,SPOT,USD_MT,22.948077,30,2018,0
2071,2018-01-26,2018-01-26,TC7,SPOT,USD_MT,22.771309,30,2018,0
2070,2018-01-29,2018-01-29,TC7,SPOT,USD_MT,22.571064,30,2018,0
2069,2018-01-30,2018-01-30,TC7,SPOT,USD_MT,22.548968,30,2018,0
2068,2018-01-31,2018-01-31,TC7,SPOT,USD_MT,22.5103,30,2018,0
2067,2018-02-01,2018-02-01,TC7,SPOT,USD_MT,22.495109,27,2018,0
2066,2018-02-02,2018-02-02,TC7,SPOT,USD_MT,22.467489,27,2018,0
2065,2018-02-05,2018-02-05,TC7,SPOT,USD_MT,22.457822,27,2018,0
2064,2018-02-06,2018-02-06,TC7,SPOT,USD_MT,22.334913,27,2018,0
2063,2018-02-07,2018-02-07,TC7,SPOT,USD_MT,22.30315,27,2018,0
2062,2018-02-08,2018-02-08,TC7,SPOT,USD_MT,22.357009,27,2018,0
2061,2018-02-09,2018-02-09,TC7,SPOT,USD_MT,22.363914,27,2018,0
2060,2018-02-12,2018-02-12,TC7,SPOT,USD_MT,22.402582,27,2018,0
2059,2018-02-13,2018-02-13,TC7,SPOT,USD_MT,22.529634,27,2018,0
2058,2018-02-14,2018-02-14,TC7,SPOT,USD_MT,22.564159,27,2018,0
2057,2018-02-15,2018-02-15,TC7,SPOT,USD_MT,22.633209,27,2018,0
2056,2018-02-19,2018-02-19,TC7,SPOT,USD_MT,22.687068,27,2018,0
2055,2018-02-20,2018-02-20,TC7,SPOT,USD_MT,22.702259,27,2018,0
2054,2018-02-21,2018-02-21,TC7,SPOT,USD_MT,22.747832,27,2018,0
2053,2018-02-22,2018-02-22,TC7,SPOT,USD_MT,22.879027,27,2018,0
2052,2018-02-23,2018-02-23,TC7,SPOT,USD_MT,22.985364,27,2018,0
2051,2018-02-26,2018-02-26,TC7,SPOT,USD_MT,23.032318,27,2018,0
2050,2018-02-27,2018-02-27,TC7,SPOT,USD_MT,23.001936,27,2018,0
2049,2018-02-28,2018-02-28,TC7,SPOT,USD_MT,22.963268,27,2018,0
2048,2018-03-01,2018-03-01,TC7,SPOT,USD_MT,22.928743,30,2018,0
2047,2018-03-02,2018-03-02,TC7,SPOT,USD_MT,23.032318,30,2018,0
2046,2018-03-05,2018-03-05,TC7,SPOT,USD_MT,23.024032,30,2018,0
2045,2018-03-06,2018-03-06,TC7,SPOT,USD_MT,23.254659,30,2018,0
2044,2018-03-07,2018-03-07,TC7,SPOT,USD_MT,23.485286,30,2018,0
2043,2018-03-08,2018-03-08,TC7,SPOT,USD_MT,23.707627,30,2018,0
2042,2018-03-09,2018-03-09,TC7,SPOT,USD_MT,23.929968,30,2018,0
2041,2018-03-12,2018-03-12,TC7,SPOT,USD_MT,24.474082,30,2018,0
2040,2018-03-13,2018-03-13,TC7,SPOT,USD_MT,24.674327,30,2018,0
2039,2018-03-14,2018-03-14,TC7,SPOT,USD_MT,24.765473,30,2018,0
2038,2018-03-15,2018-03-15,TC7,SPOT,USD_MT,24.918764,30,2018,0
2037,2018-03-16,2018-03-16,TC7,SPOT,USD_MT,25.172868,30,2018,0
2036,2018-03-19,2018-03-19,TC7,SPOT,USD_MT,25.349636,30,2018,0
2035,2018-03-20,2018-03-20,TC7,SPOT,USD_MT,26.530391,30,2018,0
2034,2018-03-21,2018-03-21,TC7,SPOT,USD_MT,27.41285,30,2018,0
2033,2018-03-22,2018-03-22,TC7,SPOT,USD_MT,27.574427,30,2018,0
2032,2018-03-23,2018-03-23,TC7,SPOT,USD_MT,27.650382,30,2018,0
2031,2018-03-26,2018-03-26,TC7,SPOT,USD_MT,27.650382,30,2018,0
2030,2018-03-27,2018-03-27,TC7,SPOT,USD_MT,27.680764,30,2018,0
2029,2018-03-28,2018-03-28,TC7,SPOT,USD_MT,27.604809,30,2018,0
2028,2018-03-29,2018-03-29,TC7,SPOT,USD_MT,27.439089,30,2018,0
2027,2018-04-02,2018-04-02,TC7,SPOT,USD_MT,27.213986,29,2018,0
2026,2018-04-03,2018-04-03,TC7,SPOT,USD_MT,27.106268,29,2018,0
2025,2018-04-04,2018-04-04,TC7,SPOT,USD_MT,27.097982,29,2018,0
2024,2018-04-05,2018-04-05,TC7,SPOT,USD_MT,27.121459,29,2018,0
2023,2018-04-06,2018-04-06,TC7,SPOT,USD_MT,27.535759,29,2018,0
2022,2018-04-09,2018-04-09,TC7,SPOT,USD_MT,27.643477,29,2018,0
2021,2018-04-10,2018-04-10,TC7,SPOT,USD_MT,27.68905,29,2018,0
2020,2018-04-11,2018-04-11,TC7,SPOT,USD_MT,27.734623,29,2018,0
2019,2018-04-12,2018-04-12,TC7,SPOT,USD_MT,27.704241,29,2018,0
2018,2018-04-13,2018-04-13,TC7,SPOT,USD_MT,27.589618,29,2018,0
2017,2018-04-16,2018-04-16,TC7,SPOT,USD_MT,27.477757,29,2018,0
2016,2018-04-17,2018-04-17,TC7,SPOT,USD_MT,27.335514,29,2018,0
2015,2018-04-18,2018-04-18,TC7,SPOT,USD_MT,27.27475,29,2018,0
2014,2018-04-19,2018-04-19,TC7,SPOT,USD_MT,27.144936,29,2018,0
2013,2018-04-20,2018-04-20,TC7,SPOT,USD_MT,26.845259,29,2018,0
2012,2018-04-23,2018-04-23,TC7,SPOT,USD_MT,26.683682,29,2018,0
2011,2018-04-24,2018-04-24,TC7,SPOT,USD_MT,26.454436,29,2018,0
2010,2018-04-25,2018-04-25,TC7,SPOT,USD_MT,26.131282,29,2018,0
2009,2018-04-26,2018-04-26,TC7,SPOT,USD_MT,25.924132,29,2018,0
2008,2018-04-27,2018-04-27,TC7,SPOT,USD_MT,25.779127,29,2018,0
2007,2018-04-30,2018-04-30,TC7,SPOT,USD_MT,25.665885,29,2018,0
2006,2018-05-02,2018-05-02,TC7,SPOT,USD_MT,25.632741,30,2018,0
2005,2018-05-03,2018-05-03,TC7,SPOT,USD_MT,25.594073,30,2018,0
2004,2018-05-04,2018-05-04,TC7,SPOT,USD_MT,25.559548,30,2018,0
2003,2018-05-07,2018-05-07,TC7,SPOT,USD_MT,25.518118,30,2018,0
2002,2018-05-08,2018-05-08,TC7,SPOT,USD_MT,25.449068,30,2018,0
2001,2018-05-09,2018-05-09,TC7,SPOT,USD_MT,25.356541,30,2018,0
2000,2018-05-10,2018-05-10,TC7,SPOT,USD_MT,25.317873,30,2018,0
1999,2018-05-11,2018-05-11,TC7,SPOT,USD_MT,25.317873,30,2018,0
1998,2018-05-14,2018-05-14,TC7,SPOT,USD_MT,25.298539,30,2018,0
1997,2018-05-15,2018-05-15,TC7,SPOT,USD_MT,25.295777,30,2018,0
1996,2018-05-16,2018-05-16,TC7,SPOT,USD_MT,25.302682,30,2018,0
1995,2018-05-17,2018-05-17,TC7,SPOT,USD_MT,25.310968,30,2018,0
1994,2018-05-18,2018-05-18,TC7,SPOT,USD_MT,25.326159,30,2018,0
1993,2018-05-21,2018-05-21,TC7,SPOT,USD_MT,25.326159,30,2018,0
1992,2018-05-22,2018-05-22,TC7,SPOT,USD_MT,25.429734,30,2018,0
1991,2018-05-23,2018-05-23,TC7,SPOT,USD_MT,25.380018,30,2018,0
1990,2018-05-24,2018-05-24,TC7,SPOT,USD_MT,25.395209,30,2018,0
1989,2018-05-25,2018-05-25,TC7,SPOT,USD_MT,25.380018,30,2018,0
1988,2018-05-28,2018-05-28,TC7,SPOT,USD_MT,25.34135,30,2018,0
1987,2018-05-30,2018-05-30,TC7,SPOT,USD_MT,25.34135,30,2018,0
1986,2018-05-31,2018-05-31,TC7,SPOT,USD_MT,25.302682,30,2018,0
1985,2018-06-01,2018-06-01,TC7,SPOT,USD_MT,25.276443,29,2018,0
1984,2018-06-04,2018-06-04,TC7,SPOT,USD_MT,25.226727,29,2018,0
1983,2018-06-05,2018-06-05,TC7,SPOT,USD_MT,25.125914,29,2018,0
1982,2018-06-06,2018-06-06,TC7,SPOT,USD_MT,25.004386,29,2018,0
1981,2018-06-07,2018-06-07,TC7,SPOT,USD_MT,24.980909,29,2018,0
1980,2018-06-08,2018-06-08,TC7,SPOT,USD_MT,24.903573,29,2018,0
1979,2018-06-11,2018-06-11,TC7,SPOT,USD_MT,24.827618,29,2018,0
1978,2018-06-12,2018-06-12,TC7,SPOT,USD_MT,24.765473,29,2018,0
1977,2018-06-13,2018-06-13,TC7,SPOT,USD_MT,24.743377,29,2018,0
1976,2018-06-14,2018-06-14,TC7,SPOT,USD_MT,24.743377,29,2018,0
1975,2018-06-18,2018-06-18,TC7,SPOT,USD_MT,24.799998,29,2018,0
1974,2018-06-19,2018-06-19,TC7,SPOT,USD_MT,24.808284,29,2018,0
1973,2018-06-20,2018-06-20,TC7,SPOT,USD_MT,24.827618,29,2018,0
1972,2018-06-21,2018-06-21,TC7,SPOT,USD_MT,24.765473,29,2018,0
1971,2018-06-22,2018-06-22,TC7,SPOT,USD_MT,24.758568,29,2018,0
1970,2018-06-25,2018-06-25,TC7,SPOT,USD_MT,24.804141,29,2018,0
1969,2018-06-26,2018-06-26,TC7,SPOT,USD_MT,24.728186,29,2018,0
1968,2018-06-27,2018-06-27,TC7,SPOT,USD_MT,24.573514,29,2018,0
1967,2018-06-28,2018-06-28,TC7,SPOT,USD_MT,24.344268,29,2018,0
1966,2018-06-29,2018-06-29,TC7,SPOT,USD_MT,23.952064,29,2018,0
1965,2018-07-02,2018-07-02,TC7,SPOT,USD_MT,23.906491,30,2018,0
1964,2018-07-03,2018-07-03,TC7,SPOT,USD_MT,23.852632,30,2018,0
1963,2018-07-04,2018-07-04,TC7,SPOT,USD_MT,23.845727,30,2018,0
1962,2018-07-05,2018-07-05,TC7,SPOT,USD_MT,23.921682,30,2018,0
1961,2018-07-06,2018-07-06,TC7,SPOT,USD_MT,24.09845,30,2018,0
1960,2018-07-09,2018-07-09,TC7,SPOT,USD_MT,24.1675,30,2018,0
1959,2018-07-10,2018-07-10,TC7,SPOT,USD_MT,24.23655,30,2018,0
1958,2018-07-11,2018-07-11,TC7,SPOT,USD_MT,24.413318,30,2018,0
1957,2018-07-12,2018-07-12,TC7,SPOT,USD_MT,24.474082,30,2018,0
1956,2018-07-13,2018-07-13,TC7,SPOT,USD_MT,24.52794100000001,30,2018,0
1955,2018-07-16,2018-07-16,TC7,SPOT,USD_MT,24.65085,30,2018,0
1954,2018-07-17,2018-07-17,TC7,SPOT,USD_MT,24.812427,30,2018,0
1953,2018-07-18,2018-07-18,TC7,SPOT,USD_MT,25.172868,30,2018,0
1952,2018-07-19,2018-07-19,TC7,SPOT,USD_MT,25.317873,30,2018,0
1951,2018-07-20,2018-07-20,TC7,SPOT,USD_MT,25.418686,30,2018,0
1950,2018-07-23,2018-07-23,TC7,SPOT,USD_MT,25.5485,30,2018,0
1949,2018-07-24,2018-07-24,TC7,SPOT,USD_MT,25.609264,30,2018,0
1948,2018-07-25,2018-07-25,TC7,SPOT,USD_MT,26.154759,30,2018,0
1947,2018-07-26,2018-07-26,TC7,SPOT,USD_MT,26.430959,30,2018,0
1946,2018-07-27,2018-07-27,TC7,SPOT,USD_MT,26.353623,30,2018,0
1945,2018-07-30,2018-07-30,TC7,SPOT,USD_MT,26.338432,30,2018,0
1944,2018-07-31,2018-07-31,TC7,SPOT,USD_MT,26.239,30,2018,0
1943,2018-08-01,2018-08-01,TC7,SPOT,USD_MT,25.939323,30,2018,0
1942,2018-08-02,2018-08-02,TC7,SPOT,USD_MT,25.710077,30,2018,0
1941,2018-08-03,2018-08-03,TC7,SPOT,USD_MT,25.395209,30,2018,0
1940,2018-08-06,2018-08-06,TC7,SPOT,USD_MT,25.218441,30,2018,0
1939,2018-08-07,2018-08-07,TC7,SPOT,USD_MT,25.149391,30,2018,0
1938,2018-08-08,2018-08-08,TC7,SPOT,USD_MT,25.090008,30,2018,0
1937,2018-08-10,2018-08-10,TC7,SPOT,USD_MT,24.918764,30,2018,0
1936,2018-08-13,2018-08-13,TC7,SPOT,USD_MT,24.858,30,2018,0
1935,2018-08-14,2018-08-14,TC7,SPOT,USD_MT,24.858,30,2018,0
1934,2018-08-15,2018-08-15,TC7,SPOT,USD_MT,24.743377,30,2018,0
1933,2018-08-16,2018-08-16,TC7,SPOT,USD_MT,24.504464,30,2018,0
1932,2018-08-17,2018-08-17,TC7,SPOT,USD_MT,24.351173,30,2018,0
1931,2018-08-20,2018-08-20,TC7,SPOT,USD_MT,24.3056,30,2018,0
1930,2018-08-21,2018-08-21,TC7,SPOT,USD_MT,24.266932,30,2018,0
1929,2018-08-23,2018-08-23,TC7,SPOT,USD_MT,24.175786,30,2018,0
1928,2018-08-24,2018-08-24,TC7,SPOT,USD_MT,24.159214,30,2018,0
1927,2018-08-27,2018-08-27,TC7,SPOT,USD_MT,24.106736,30,2018,0
1926,2018-08-28,2018-08-28,TC7,SPOT,USD_MT,23.914777,30,2018,0
1925,2018-08-29,2018-08-29,TC7,SPOT,USD_MT,23.729723,30,2018,0
1924,2018-08-30,2018-08-30,TC7,SPOT,USD_MT,23.591623,30,2018,0
1923,2018-08-31,2018-08-31,TC7,SPOT,USD_MT,23.477,30,2018,0
1922,2018-09-03,2018-09-03,TC7,SPOT,USD_MT,23.485286,29,2018,0
1921,2018-09-04,2018-09-04,TC7,SPOT,USD_MT,23.485286,29,2018,0
1920,2018-09-05,2018-09-05,TC7,SPOT,USD_MT,23.468714,29,2018,0
1919,2018-09-06,2018-09-06,TC7,SPOT,USD_MT,23.384473,29,2018,0
1918,2018-09-07,2018-09-07,TC7,SPOT,USD_MT,23.3389,29,2018,0
1917,2018-09-10,2018-09-10,TC7,SPOT,USD_MT,23.261564,29,2018,0
1916,2018-09-11,2018-09-11,TC7,SPOT,USD_MT,22.901123,29,2018,0
1915,2018-09-12,2018-09-12,TC7,SPOT,USD_MT,22.687068,29,2018,0
1914,2018-09-13,2018-09-13,TC7,SPOT,USD_MT,22.640114,29,2018,0
1913,2018-09-14,2018-09-14,TC7,SPOT,USD_MT,22.571064,29,2018,0
1912,2018-09-17,2018-09-17,TC7,SPOT,USD_MT,22.525491,29,2018,0
1911,2018-09-18,2018-09-18,TC7,SPOT,USD_MT,22.502014,29,2018,0
1910,2018-09-19,2018-09-19,TC7,SPOT,USD_MT,22.471632,29,2018,0
1909,2018-09-20,2018-09-20,TC7,SPOT,USD_MT,22.467489,29,2018,0
1908,2018-09-21,2018-09-21,TC7,SPOT,USD_MT,22.467489,29,2018,0
1907,2018-09-24,2018-09-24,TC7,SPOT,USD_MT,22.479918,29,2018,0
1906,2018-09-25,2018-09-25,TC7,SPOT,USD_MT,22.426059,29,2018,0
1905,2018-09-26,2018-09-26,TC7,SPOT,USD_MT,22.402582,29,2018,0
1904,2018-09-27,2018-09-27,TC7,SPOT,USD_MT,22.368057,29,2018,0
1903,2018-09-28,2018-09-28,TC7,SPOT,USD_MT,22.348723,29,2018,0
1902,2018-10-01,2018-10-01,TC7,SPOT,USD_MT,22.307293,30,2018,0
1901,2018-10-02,2018-10-02,TC7,SPOT,USD_MT,22.195432,30,2018,0
1900,2018-10-03,2018-10-03,TC7,SPOT,USD_MT,22.119477,30,2018,0
1899,2018-10-04,2018-10-04,TC7,SPOT,USD_MT,22.188527,30,2018,0
1898,2018-10-05,2018-10-05,TC7,SPOT,USD_MT,22.318341,30,2018,0
1897,2018-10-08,2018-10-08,TC7,SPOT,USD_MT,22.587636,30,2018,0
1896,2018-10-09,2018-10-09,TC7,SPOT,USD_MT,22.609732,30,2018,0
1895,2018-10-10,2018-10-10,TC7,SPOT,USD_MT,22.702259,30,2018,0
1894,2018-10-11,2018-10-11,TC7,SPOT,USD_MT,22.794786,30,2018,0
1893,2018-10-12,2018-10-12,TC7,SPOT,USD_MT,22.809977,30,2018,0
1892,2018-10-15,2018-10-15,TC7,SPOT,USD_MT,22.948077,30,2018,0
1891,2018-10-16,2018-10-16,TC7,SPOT,USD_MT,22.939791,30,2018,0
1890,2018-10-17,2018-10-17,TC7,SPOT,USD_MT,23.001936,30,2018,0
1889,2018-10-18,2018-10-18,TC7,SPOT,USD_MT,23.039223,30,2018,0
1888,2018-10-19,2018-10-19,TC7,SPOT,USD_MT,22.99365,30,2018,0
1887,2018-10-22,2018-10-22,TC7,SPOT,USD_MT,22.99365,30,2018,0
1886,2018-10-23,2018-10-23,TC7,SPOT,USD_MT,22.978459,30,2018,0
1885,2018-10-24,2018-10-24,TC7,SPOT,USD_MT,23.008841,30,2018,0
1884,2018-10-25,2018-10-25,TC7,SPOT,USD_MT,22.985364,30,2018,0
1883,2018-10-26,2018-10-26,TC7,SPOT,USD_MT,22.948077,30,2018,0
1882,2018-10-29,2018-10-29,TC7,SPOT,USD_MT,23.162132,30,2018,0
1881,2018-10-30,2018-10-30,TC7,SPOT,USD_MT,23.308518,30,2018,0
1880,2018-10-31,2018-10-31,TC7,SPOT,USD_MT,23.438332,30,2018,0
1879,2018-11-01,2018-11-01,TC7,SPOT,USD_MT,23.522573,29,2018,0
1878,2018-11-02,2018-11-02,TC7,SPOT,USD_MT,23.638577,29,2018,0
1877,2018-11-05,2018-11-05,TC7,SPOT,USD_MT,23.860918,29,2018,0
1876,2018-11-07,2018-11-07,TC7,SPOT,USD_MT,24.218597,29,2018,0
1875,2018-11-08,2018-11-08,TC7,SPOT,USD_MT,24.52794100000001,29,2018,0
1874,2018-11-09,2018-11-09,TC7,SPOT,USD_MT,24.858,29,2018,0
1873,2018-11-12,2018-11-12,TC7,SPOT,USD_MT,24.935336,29,2018,0
1872,2018-11-13,2018-11-13,TC7,SPOT,USD_MT,24.972623,29,2018,0
1871,2018-11-14,2018-11-14,TC7,SPOT,USD_MT,24.972623,29,2018,0
1870,2018-11-15,2018-11-15,TC7,SPOT,USD_MT,24.972623,29,2018,0
1869,2018-11-16,2018-11-16,TC7,SPOT,USD_MT,24.987814,29,2018,0
1868,2018-11-19,2018-11-19,TC7,SPOT,USD_MT,25.026482,29,2018,0
1867,2018-11-20,2018-11-20,TC7,SPOT,USD_MT,25.034768,29,2018,0
1866,2018-11-21,2018-11-21,TC7,SPOT,USD_MT,24.9961,29,2018,0
1865,2018-11-22,2018-11-22,TC7,SPOT,USD_MT,24.957432,29,2018,0
1864,2018-11-23,2018-11-23,TC7,SPOT,USD_MT,24.942241,29,2018,0
1863,2018-11-26,2018-11-26,TC7,SPOT,USD_MT,24.881477,29,2018,0
1862,2018-11-27,2018-11-27,TC7,SPOT,USD_MT,24.812427,29,2018,0
1861,2018-11-28,2018-11-28,TC7,SPOT,USD_MT,24.780664,29,2018,0
1860,2018-11-29,2018-11-29,TC7,SPOT,USD_MT,24.858,29,2018,0
1859,2018-11-30,2018-11-30,TC7,SPOT,USD_MT,25.049959,29,2018,0
1858,2018-12-03,2018-12-03,TC7,SPOT,USD_MT,25.280586,30,2018,0
1857,2018-12-04,2018-12-04,TC7,SPOT,USD_MT,25.433877,30,2018,0
1856,2018-12-05,2018-12-05,TC7,SPOT,USD_MT,25.908941,30,2018,0
1855,2018-12-06,2018-12-06,TC7,SPOT,USD_MT,26.262477,30,2018,0
1854,2018-12-07,2018-12-07,TC7,SPOT,USD_MT,26.538677,30,2018,0
1853,2018-12-10,2018-12-10,TC7,SPOT,USD_MT,26.72235,30,2018,0
1852,2018-12-11,2018-12-11,TC7,SPOT,USD_MT,29.998082,30,2018,0
1851,2018-12-12,2018-12-12,TC7,SPOT,USD_MT,30.612627,30,2018,0
1850,2018-12-13,2018-12-13,TC7,SPOT,USD_MT,30.873636,30,2018,0
1849,2018-12-14,2018-12-14,TC7,SPOT,USD_MT,31.303127,30,2018,0
1848,2018-12-17,2018-12-17,TC7,SPOT,USD_MT,31.648377,30,2018,0
1847,2018-12-18,2018-12-18,TC7,SPOT,USD_MT,31.801668,30,2018,0
1846,2018-12-19,2018-12-19,TC7,SPOT,USD_MT,32.030914,30,2018,0
1845,2018-12-20,2018-12-20,TC7,SPOT,USD_MT,32.483882,30,2018,0
1844,2018-12-21,2018-12-21,TC7,SPOT,USD_MT,32.684127,30,2018,0
1843,2018-12-24,2018-12-24,TC7,SPOT,USD_MT,32.737986,30,2018,0
1842,2019-01-02,2019-01-02,TC7,SPOT,USD_MT,32.323132,30,2019,0
1841,2019-01-03,2019-01-03,TC7,SPOT,USD_MT,32.5176,30,2019,0
1840,2019-01-04,2019-01-04,TC7,SPOT,USD_MT,33.172734,30,2019,0
1839,2019-01-07,2019-01-07,TC7,SPOT,USD_MT,33.332134,30,2019,0
1838,2019-01-08,2019-01-08,TC7,SPOT,USD_MT,33.53616599999999,30,2019,0
1837,2019-01-09,2019-01-09,TC7,SPOT,USD_MT,33.483564,30,2019,0
1836,2019-01-10,2019-01-10,TC7,SPOT,USD_MT,33.474,30,2019,0
1835,2019-01-11,2019-01-11,TC7,SPOT,USD_MT,33.483564,30,2019,0
1834,2019-01-14,2019-01-14,TC7,SPOT,USD_MT,33.279532,30,2019,0
1833,2019-01-15,2019-01-15,TC7,SPOT,USD_MT,33.207802,30,2019,0
1832,2019-01-16,2019-01-16,TC7,SPOT,USD_MT,33.048402,30,2019,0
1831,2019-01-17,2019-01-17,TC7,SPOT,USD_MT,32.881032,30,2019,0
1830,2019-01-18,2019-01-18,TC7,SPOT,USD_MT,32.70409799999999,30,2019,0
1829,2019-01-21,2019-01-21,TC7,SPOT,USD_MT,32.624398,30,2019,0
1828,2019-01-22,2019-01-22,TC7,SPOT,USD_MT,32.189236,30,2019,0
1827,2019-01-23,2019-01-23,TC7,SPOT,USD_MT,31.870436,30,2019,0
1826,2019-01-24,2019-01-24,TC7,SPOT,USD_MT,31.738134,30,2019,0
1825,2019-01-25,2019-01-25,TC7,SPOT,USD_MT,31.685532,30,2019,0
1824,2019-01-28,2019-01-28,TC7,SPOT,USD_MT,31.428898,30,2019,0
1823,2019-01-29,2019-01-29,TC7,SPOT,USD_MT,31.083,30,2019,0
1822,2019-01-30,2019-01-30,TC7,SPOT,USD_MT,30.816802,30,2019,0
1821,2019-01-31,2019-01-31,TC7,SPOT,USD_MT,30.534664,30,2019,0
1820,2019-02-01,2019-02-01,TC7,SPOT,USD_MT,30.338602,27,2019,0
1819,2019-02-04,2019-02-04,TC7,SPOT,USD_MT,30.250932,27,2019,0
1818,2019-02-07,2019-02-07,TC7,SPOT,USD_MT,30.188766,27,2019,0
1817,2019-02-08,2019-02-08,TC7,SPOT,USD_MT,30.144134,27,2019,0
1816,2019-02-11,2019-02-11,TC7,SPOT,USD_MT,29.9672,27,2019,0
1815,2019-02-12,2019-02-12,TC7,SPOT,USD_MT,29.701002,27,2019,0
1814,2019-02-13,2019-02-13,TC7,SPOT,USD_MT,29.399736,27,2019,0
1813,2019-02-14,2019-02-14,TC7,SPOT,USD_MT,29.374232,27,2019,0
1812,2019-02-15,2019-02-15,TC7,SPOT,USD_MT,29.276998,27,2019,0
1811,2019-02-18,2019-02-18,TC7,SPOT,USD_MT,29.100064,27,2019,0
1810,2019-02-19,2019-02-19,TC7,SPOT,USD_MT,28.921536,27,2019,0
1809,2019-02-20,2019-02-20,TC7,SPOT,USD_MT,28.727068,27,2019,0
1808,2019-02-21,2019-02-21,TC7,SPOT,USD_MT,28.602736,27,2019,0
1807,2019-02-22,2019-02-22,TC7,SPOT,USD_MT,28.223364,27,2019,0
1806,2019-02-25,2019-02-25,TC7,SPOT,USD_MT,27.965136,27,2019,0
1805,2019-02-26,2019-02-26,TC7,SPOT,USD_MT,27.734006,27,2019,0
1804,2019-02-27,2019-02-27,TC7,SPOT,USD_MT,27.611268,27,2019,0
1803,2019-02-28,2019-02-28,TC7,SPOT,USD_MT,27.541132,27,2019,0
1802,2019-03-01,2019-03-01,TC7,SPOT,USD_MT,27.372168,30,2019,0
1801,2019-03-04,2019-03-04,TC7,SPOT,USD_MT,27.230302,30,2019,0
1800,2019-03-05,2019-03-05,TC7,SPOT,USD_MT,27.070902,30,2019,0
1799,2019-03-06,2019-03-06,TC7,SPOT,USD_MT,26.654868,30,2019,0
1798,2019-03-07,2019-03-07,TC7,SPOT,USD_MT,26.575168,30,2019,0
1797,2019-03-08,2019-03-08,TC7,SPOT,USD_MT,26.442866,30,2019,0
1796,2019-03-11,2019-03-11,TC7,SPOT,USD_MT,26.442866,30,2019,0
1795,2019-03-12,2019-03-12,TC7,SPOT,USD_MT,26.450836,30,2019,0
1794,2019-03-13,2019-03-13,TC7,SPOT,USD_MT,26.527348,30,2019,0
1793,2019-03-14,2019-03-14,TC7,SPOT,USD_MT,26.610236,30,2019,0
1792,2019-03-15,2019-03-15,TC7,SPOT,USD_MT,26.602266,30,2019,0
1791,2019-03-18,2019-03-18,TC7,SPOT,USD_MT,26.6198,30,2019,0
1790,2019-03-19,2019-03-19,TC7,SPOT,USD_MT,26.761666,30,2019,0
1789,2019-03-20,2019-03-20,TC7,SPOT,USD_MT,26.841366,30,2019,0
1788,2019-03-21,2019-03-21,TC7,SPOT,USD_MT,27.070902,30,2019,0
1787,2019-03-22,2019-03-22,TC7,SPOT,USD_MT,27.187264,30,2019,0
1786,2019-03-25,2019-03-25,TC7,SPOT,USD_MT,27.195234,30,2019,0
1785,2019-03-26,2019-03-26,TC7,SPOT,USD_MT,27.204798,30,2019,0
1784,2019-03-27,2019-03-27,TC7,SPOT,USD_MT,27.204798,30,2019,0
1783,2019-03-28,2019-03-28,TC7,SPOT,USD_MT,27.383326,30,2019,0
1782,2019-03-29,2019-03-29,TC7,SPOT,USD_MT,27.708502,30,2019,0
1781,2019-04-01,2019-04-01,TC7,SPOT,USD_MT,27.824864,29,2019,0
1780,2019-04-02,2019-04-02,TC7,SPOT,USD_MT,27.939632,29,2019,0
1779,2019-04-03,2019-04-03,TC7,SPOT,USD_MT,27.939632,29,2019,0
1778,2019-04-04,2019-04-04,TC7,SPOT,USD_MT,27.939632,29,2019,0
1777,2019-04-05,2019-04-05,TC7,SPOT,USD_MT,27.939632,29,2019,0
1776,2019-04-08,2019-04-08,TC7,SPOT,USD_MT,28.027302,29,2019,0
1775,2019-04-09,2019-04-09,TC7,SPOT,USD_MT,28.044836,29,2019,0
1774,2019-04-10,2019-04-10,TC7,SPOT,USD_MT,27.984264,29,2019,0
1773,2019-04-11,2019-04-11,TC7,SPOT,USD_MT,27.957166,29,2019,0
1772,2019-04-12,2019-04-12,TC7,SPOT,USD_MT,27.947602,29,2019,0
1771,2019-04-15,2019-04-15,TC7,SPOT,USD_MT,27.992234,29,2019,0
1770,2019-04-16,2019-04-16,TC7,SPOT,USD_MT,27.939632,29,2019,0
1769,2019-04-17,2019-04-17,TC7,SPOT,USD_MT,27.877466,29,2019,0
1768,2019-04-18,2019-04-18,TC7,SPOT,USD_MT,27.850368,29,2019,0
1767,2019-04-22,2019-04-22,TC7,SPOT,USD_MT,27.762698,29,2019,0
1766,2019-04-23,2019-04-23,TC7,SPOT,USD_MT,27.665464,29,2019,0
1765,2019-04-24,2019-04-24,TC7,SPOT,USD_MT,27.5762,29,2019,0
1764,2019-04-25,2019-04-25,TC7,SPOT,USD_MT,27.486936,29,2019,0
1763,2019-04-26,2019-04-26,TC7,SPOT,USD_MT,27.372168,29,2019,0
1762,2019-04-29,2019-04-29,TC7,SPOT,USD_MT,27.204798,29,2019,0
1761,2019-04-30,2019-04-30,TC7,SPOT,USD_MT,27.008736,29,2019,0
1760,2019-05-02,2019-05-02,TC7,SPOT,USD_MT,26.911502,30,2019,0
1759,2019-05-03,2019-05-03,TC7,SPOT,USD_MT,26.726598,30,2019,0
1758,2019-05-06,2019-05-06,TC7,SPOT,USD_MT,26.709064,30,2019,0
1757,2019-05-07,2019-05-07,TC7,SPOT,USD_MT,26.709064,30,2019,0
1756,2019-05-08,2019-05-08,TC7,SPOT,USD_MT,26.567198,30,2019,0
1755,2019-05-09,2019-05-09,TC7,SPOT,USD_MT,26.415768,30,2019,0
1754,2019-05-10,2019-05-10,TC7,SPOT,USD_MT,26.358384,30,2019,0
1753,2019-05-13,2019-05-13,TC7,SPOT,USD_MT,26.301,30,2019,0
1752,2019-05-14,2019-05-14,TC7,SPOT,USD_MT,26.211736,30,2019,0
1751,2019-05-15,2019-05-15,TC7,SPOT,USD_MT,26.088998,30,2019,0
1750,2019-05-16,2019-05-16,TC7,SPOT,USD_MT,25.97423,30,2019,0
1749,2019-05-17,2019-05-17,TC7,SPOT,USD_MT,25.792514,30,2019,0
1748,2019-05-21,2019-05-21,TC7,SPOT,USD_MT,25.672964,30,2019,0
1747,2019-05-22,2019-05-22,TC7,SPOT,USD_MT,25.601234,30,2019,0
1746,2019-05-23,2019-05-23,TC7,SPOT,USD_MT,25.566166,30,2019,0
1745,2019-05-24,2019-05-24,TC7,SPOT,USD_MT,25.486466,30,2019,0
1744,2019-05-27,2019-05-27,TC7,SPOT,USD_MT,25.282434,30,2019,0
1743,2019-05-28,2019-05-28,TC7,SPOT,USD_MT,25.212298,30,2019,0
1742,2019-05-29,2019-05-29,TC7,SPOT,USD_MT,25.158102,30,2019,0
1741,2019-05-30,2019-05-30,TC7,SPOT,USD_MT,25.140568,30,2019,0
1740,2019-05-31,2019-05-31,TC7,SPOT,USD_MT,25.299968,30,2019,0
1739,2019-06-03,2019-06-03,TC7,SPOT,USD_MT,25.379668,29,2019,0
1738,2019-06-04,2019-06-04,TC7,SPOT,USD_MT,25.4243,29,2019,0
1737,2019-06-06,2019-06-06,TC7,SPOT,USD_MT,25.451398,29,2019,0
1736,2019-06-07,2019-06-07,TC7,SPOT,USD_MT,25.405172,29,2019,0
1735,2019-06-10,2019-06-10,TC7,SPOT,USD_MT,25.476902,29,2019,0
1734,2019-06-11,2019-06-11,TC7,SPOT,USD_MT,25.468932,29,2019,0
1733,2019-06-12,2019-06-12,TC7,SPOT,USD_MT,25.504,29,2019,0
1732,2019-06-13,2019-06-13,TC7,SPOT,USD_MT,25.504,29,2019,0
1731,2019-06-14,2019-06-14,TC7,SPOT,USD_MT,25.593264,29,2019,0
1730,2019-06-17,2019-06-17,TC7,SPOT,USD_MT,25.680934,29,2019,0
1729,2019-06-18,2019-06-18,TC7,SPOT,USD_MT,25.778168,29,2019,0
1728,2019-06-19,2019-06-19,TC7,SPOT,USD_MT,26.009298,29,2019,0
1727,2019-06-20,2019-06-20,TC7,SPOT,USD_MT,26.186232,29,2019,0
1726,2019-06-21,2019-06-21,TC7,SPOT,USD_MT,26.345632,29,2019,0
1725,2019-06-24,2019-06-24,TC7,SPOT,USD_MT,26.283466,29,2019,0
1724,2019-06-25,2019-06-25,TC7,SPOT,USD_MT,26.211736,29,2019,0
1723,2019-06-26,2019-06-26,TC7,SPOT,USD_MT,25.991764,29,2019,0
1722,2019-06-27,2019-06-27,TC7,SPOT,USD_MT,25.725566,29,2019,0
1721,2019-06-28,2019-06-28,TC7,SPOT,USD_MT,25.618768,29,2019,0
1720,2019-07-01,2019-07-01,TC7,SPOT,USD_MT,25.548632,30,2019,0
1719,2019-07-02,2019-07-02,TC7,SPOT,USD_MT,25.548632,30,2019,0
1718,2019-07-03,2019-07-03,TC7,SPOT,USD_MT,25.486466,30,2019,0
1717,2019-07-04,2019-07-04,TC7,SPOT,USD_MT,25.441834,30,2019,0
1716,2019-07-05,2019-07-05,TC7,SPOT,USD_MT,25.397202,30,2019,0
1715,2019-07-08,2019-07-08,TC7,SPOT,USD_MT,25.397202,30,2019,0
1714,2019-07-09,2019-07-09,TC7,SPOT,USD_MT,25.362134,30,2019,0
1713,2019-07-10,2019-07-10,TC7,SPOT,USD_MT,25.3446,30,2019,0
1712,2019-07-11,2019-07-11,TC7,SPOT,USD_MT,25.3446,30,2019,0
1711,2019-07-12,2019-07-12,TC7,SPOT,USD_MT,25.3446,30,2019,0
1710,2019-07-15,2019-07-15,TC7,SPOT,USD_MT,25.299968,30,2019,0
1709,2019-07-16,2019-07-16,TC7,SPOT,USD_MT,25.299968,30,2019,0
1708,2019-07-17,2019-07-17,TC7,SPOT,USD_MT,25.282434,30,2019,0
1707,2019-07-18,2019-07-18,TC7,SPOT,USD_MT,25.362134,30,2019,0
1706,2019-07-19,2019-07-19,TC7,SPOT,USD_MT,25.451398,30,2019,0
1705,2019-07-22,2019-07-22,TC7,SPOT,USD_MT,25.521534,30,2019,0
1704,2019-07-23,2019-07-23,TC7,SPOT,USD_MT,25.610798,30,2019,0
1703,2019-07-24,2019-07-24,TC7,SPOT,USD_MT,25.574136,30,2019,0
1702,2019-07-25,2019-07-25,TC7,SPOT,USD_MT,25.601234,30,2019,0
1701,2019-07-26,2019-07-26,TC7,SPOT,USD_MT,25.64586599999999,30,2019,0
1700,2019-07-29,2019-07-29,TC7,SPOT,USD_MT,26.088998,30,2019,0
1699,2019-07-30,2019-07-30,TC7,SPOT,USD_MT,26.318534,30,2019,0
1698,2019-07-31,2019-07-31,TC7,SPOT,USD_MT,26.425332,30,2019,0
1697,2019-08-01,2019-08-01,TC7,SPOT,USD_MT,26.425332,30,2019,0
1696,2019-08-02,2019-08-02,TC7,SPOT,USD_MT,26.557634,30,2019,0
1695,2019-08-05,2019-08-05,TC7,SPOT,USD_MT,26.841366,30,2019,0
1694,2019-08-06,2019-08-06,TC7,SPOT,USD_MT,27.168136,30,2019,0
1693,2019-08-07,2019-08-07,TC7,SPOT,USD_MT,27.292468,30,2019,0
1692,2019-08-08,2019-08-08,TC7,SPOT,USD_MT,27.407236,30,2019,0
1691,2019-08-13,2019-08-13,TC7,SPOT,USD_MT,27.867902,30,2019,0
1690,2019-08-14,2019-08-14,TC7,SPOT,USD_MT,27.628802,30,2019,0
1689,2019-08-15,2019-08-15,TC7,SPOT,USD_MT,27.399266,30,2019,0
1688,2019-08-16,2019-08-16,TC7,SPOT,USD_MT,27.2574,30,2019,0
1687,2019-08-19,2019-08-19,TC7,SPOT,USD_MT,27.1777,30,2019,0
1686,2019-08-20,2019-08-20,TC7,SPOT,USD_MT,27.160166,30,2019,0
1685,2019-08-21,2019-08-21,TC7,SPOT,USD_MT,27.115534,30,2019,0
1684,2019-08-22,2019-08-22,TC7,SPOT,USD_MT,27.098,30,2019,0
1683,2019-08-23,2019-08-23,TC7,SPOT,USD_MT,27.187264,30,2019,0
1682,2019-08-26,2019-08-26,TC7,SPOT,USD_MT,27.187264,30,2019,0
1681,2019-08-27,2019-08-27,TC7,SPOT,USD_MT,27.364198,30,2019,0
1680,2019-08-28,2019-08-28,TC7,SPOT,USD_MT,27.434334,30,2019,0
1679,2019-08-29,2019-08-29,TC7,SPOT,USD_MT,27.541132,30,2019,0
1678,2019-08-30,2019-08-30,TC7,SPOT,USD_MT,27.700532,30,2019,0
1677,2019-09-02,2019-09-02,TC7,SPOT,USD_MT,27.788202,29,2019,0
1676,2019-09-03,2019-09-03,TC7,SPOT,USD_MT,27.762698,29,2019,0
1675,2019-09-04,2019-09-04,TC7,SPOT,USD_MT,27.797766,29,2019,0
1674,2019-09-05,2019-09-05,TC7,SPOT,USD_MT,27.842398,29,2019,0
1673,2019-09-06,2019-09-06,TC7,SPOT,USD_MT,28.019332,29,2019,0
1672,2019-09-09,2019-09-09,TC7,SPOT,USD_MT,27.992234,29,2019,0
1671,2019-09-10,2019-09-10,TC7,SPOT,USD_MT,27.895,29,2019,0
1670,2019-09-11,2019-09-11,TC7,SPOT,USD_MT,27.805736,29,2019,0
1669,2019-09-12,2019-09-12,TC7,SPOT,USD_MT,27.753134,29,2019,0
1668,2019-09-13,2019-09-13,TC7,SPOT,USD_MT,27.832834,29,2019,0
1667,2019-09-16,2019-09-16,TC7,SPOT,USD_MT,27.842398,29,2019,0
1666,2019-09-18,2019-09-18,TC7,SPOT,USD_MT,28.1341,29,2019,0
1665,2019-09-19,2019-09-19,TC7,SPOT,USD_MT,28.328568,29,2019,0
1664,2019-09-20,2019-09-20,TC7,SPOT,USD_MT,28.350884,29,2019,0
1663,2019-09-23,2019-09-23,TC7,SPOT,USD_MT,28.320598,29,2019,0
1662,2019-09-24,2019-09-24,TC7,SPOT,USD_MT,28.346102,29,2019,0
1661,2019-09-25,2019-09-25,TC7,SPOT,USD_MT,28.303064,29,2019,0
1660,2019-09-26,2019-09-26,TC7,SPOT,USD_MT,28.240898,29,2019,0
1659,2019-09-27,2019-09-27,TC7,SPOT,USD_MT,28.224958,29,2019,0
1658,2019-09-30,2019-09-30,TC7,SPOT,USD_MT,27.9747,29,2019,0
1657,2019-10-01,2019-10-01,TC7,SPOT,USD_MT,27.930068,30,2019,0
1656,2019-10-02,2019-10-02,TC7,SPOT,USD_MT,27.762698,30,2019,0
1655,2019-10-03,2019-10-03,TC7,SPOT,USD_MT,27.682998,30,2019,0
1654,2019-10-04,2019-10-04,TC7,SPOT,USD_MT,27.4168,30,2019,0
1653,2019-10-07,2019-10-07,TC7,SPOT,USD_MT,27.451868,30,2019,0
1652,2019-10-08,2019-10-08,TC7,SPOT,USD_MT,27.4965,30,2019,0
1651,2019-10-09,2019-10-09,TC7,SPOT,USD_MT,27.451868,30,2019,0
1650,2019-10-10,2019-10-10,TC7,SPOT,USD_MT,27.620832,30,2019,0
1649,2019-10-11,2019-10-11,TC7,SPOT,USD_MT,28.523036,30,2019,0
1648,2019-10-14,2019-10-14,TC7,SPOT,USD_MT,29.0905,30,2019,0
1647,2019-10-15,2019-10-15,TC7,SPOT,USD_MT,37.989802,30,2019,0
1646,2019-10-16,2019-10-16,TC7,SPOT,USD_MT,40.380802,30,2019,0
1645,2019-10-17,2019-10-17,TC7,SPOT,USD_MT,41.000868,30,2019,0
1644,2019-10-18,2019-10-18,TC7,SPOT,USD_MT,39.496132,30,2019,0
1643,2019-10-21,2019-10-21,TC7,SPOT,USD_MT,36.352764,30,2019,0
1642,2019-10-22,2019-10-22,TC7,SPOT,USD_MT,35.157264,30,2019,0
1641,2019-10-23,2019-10-23,TC7,SPOT,USD_MT,34.360264,30,2019,0
1640,2019-10-24,2019-10-24,TC7,SPOT,USD_MT,33.164764,30,2019,0
1639,2019-10-25,2019-10-25,TC7,SPOT,USD_MT,32.721632,30,2019,0
1638,2019-10-29,2019-10-29,TC7,SPOT,USD_MT,32.01230200000001,30,2019,0
1637,2019-10-30,2019-10-30,TC7,SPOT,USD_MT,31.349198,30,2019,0
1636,2019-10-31,2019-10-31,TC7,SPOT,USD_MT,31.083,30,2019,0
1635,2019-11-01,2019-11-01,TC7,SPOT,USD_MT,30.993736,29,2019,0
1634,2019-11-04,2019-11-04,TC7,SPOT,USD_MT,30.729132,29,2019,0
1633,2019-11-05,2019-11-05,TC7,SPOT,USD_MT,30.507566,29,2019,0
1632,2019-11-06,2019-11-06,TC7,SPOT,USD_MT,30.462934,29,2019,0
1631,2019-11-07,2019-11-07,TC7,SPOT,USD_MT,29.755198,29,2019,0
1630,2019-11-08,2019-11-08,TC7,SPOT,USD_MT,29.621302,29,2019,0
1629,2019-11-11,2019-11-11,TC7,SPOT,USD_MT,29.772732,29,2019,0
1628,2019-11-12,2019-11-12,TC7,SPOT,USD_MT,30.410332,29,2019,0
1627,2019-11-13,2019-11-13,TC7,SPOT,USD_MT,30.816802,29,2019,0
1626,2019-11-14,2019-11-14,TC7,SPOT,USD_MT,30.950698,29,2019,0
1625,2019-11-15,2019-11-15,TC7,SPOT,USD_MT,30.906066,29,2019,0
1624,2019-11-18,2019-11-18,TC7,SPOT,USD_MT,30.993736,29,2019,0
1623,2019-11-19,2019-11-19,TC7,SPOT,USD_MT,31.207332,29,2019,0
1622,2019-11-20,2019-11-20,TC7,SPOT,USD_MT,31.924632,29,2019,0
1621,2019-11-21,2019-11-21,TC7,SPOT,USD_MT,33.207802,29,2019,0
1620,2019-11-22,2019-11-22,TC7,SPOT,USD_MT,33.660498,29,2019,0
1619,2019-11-25,2019-11-25,TC7,SPOT,USD_MT,34.04943400000001,29,2019,0
1618,2019-11-26,2019-11-26,TC7,SPOT,USD_MT,34.094066,29,2019,0
1617,2019-11-27,2019-11-27,TC7,SPOT,USD_MT,34.00480200000001,29,2019,0
1616,2019-11-28,2019-11-28,TC7,SPOT,USD_MT,33.917132,29,2019,0
1615,2019-11-29,2019-11-29,TC7,SPOT,USD_MT,33.8725,29,2019,0
1614,2019-12-02,2019-12-02,TC7,SPOT,USD_MT,33.650934,30,2019,0
1613,2019-12-03,2019-12-03,TC7,SPOT,USD_MT,33.252434,30,2019,0
1612,2019-12-04,2019-12-04,TC7,SPOT,USD_MT,32.694534,30,2019,0
1611,2019-12-05,2019-12-05,TC7,SPOT,USD_MT,32.649902,30,2019,0
1610,2019-12-06,2019-12-06,TC7,SPOT,USD_MT,32.579766,30,2019,0
1609,2019-12-09,2019-12-09,TC7,SPOT,USD_MT,32.9161,30,2019,0
1608,2019-12-10,2019-12-10,TC7,SPOT,USD_MT,33.261998,30,2019,0
1607,2019-12-11,2019-12-11,TC7,SPOT,USD_MT,33.623836,30,2019,0
1606,2019-12-12,2019-12-12,TC7,SPOT,USD_MT,34.33316599999999,30,2019,0
1605,2019-12-13,2019-12-13,TC7,SPOT,USD_MT,34.537198,30,2019,0
1604,2019-12-16,2019-12-16,TC7,SPOT,USD_MT,34.616898,30,2019,0
1603,2019-12-17,2019-12-17,TC7,SPOT,USD_MT,34.801802,30,2019,0
1602,2019-12-18,2019-12-18,TC7,SPOT,USD_MT,34.739636,30,2019,0
1601,2019-12-19,2019-12-19,TC7,SPOT,USD_MT,35.068,30,2019,0
1600,2019-12-20,2019-12-20,TC7,SPOT,USD_MT,35.244934,30,2019,0
1599,2019-12-23,2019-12-23,TC7,SPOT,USD_MT,35.3071,30,2019,0
1598,2019-12-24,2019-12-24,TC7,SPOT,USD_MT,35.182768,30,2019,0
1597,2020-01-02,2020-01-02,TC7,SPOT,USD_MT,34.462257,30,2020,0
1596,2020-01-03,2020-01-03,TC7,SPOT,USD_MT,34.257684,30,2020,0
1595,2020-01-06,2020-01-06,TC7,SPOT,USD_MT,34.176592,30,2020,0
1594,2020-01-07,2020-01-07,TC7,SPOT,USD_MT,34.136046,30,2020,0
1593,2020-01-08,2020-01-08,TC7,SPOT,USD_MT,34.093657,30,2020,0
1592,2020-01-09,2020-01-09,TC7,SPOT,USD_MT,34.156319,30,2020,0
1591,2020-01-10,2020-01-10,TC7,SPOT,USD_MT,34.198708,30,2020,0
1590,2020-01-13,2020-01-13,TC7,SPOT,USD_MT,34.115773,30,2020,0
1589,2020-01-14,2020-01-14,TC7,SPOT,USD_MT,34.0955,30,2020,0
1588,2020-01-15,2020-01-15,TC7,SPOT,USD_MT,34.239254,30,2020,0
1587,2020-01-16,2020-01-16,TC7,SPOT,USD_MT,34.207923,30,2020,0
1586,2020-01-17,2020-01-17,TC7,SPOT,USD_MT,33.992292,30,2020,0
1585,2020-01-20,2020-01-20,TC7,SPOT,USD_MT,33.962804,30,2020,0
1584,2020-01-21,2020-01-21,TC7,SPOT,USD_MT,33.5426,30,2020,0
1583,2020-01-22,2020-01-22,TC7,SPOT,USD_MT,33.306696,30,2020,0
1582,2020-01-23,2020-01-23,TC7,SPOT,USD_MT,33.174,30,2020,0
1581,2020-01-24,2020-01-24,TC7,SPOT,USD_MT,33.14266900000001,30,2020,0
1580,2020-01-28,2020-01-28,TC7,SPOT,USD_MT,33.009973,30,2020,0
1579,2020-01-29,2020-01-29,TC7,SPOT,USD_MT,32.908608,30,2020,0
1578,2020-01-30,2020-01-30,TC7,SPOT,USD_MT,32.692977,30,2020,0
1577,2020-01-31,2020-01-31,TC7,SPOT,USD_MT,31.97605,30,2020,0
1576,2020-02-03,2020-02-03,TC7,SPOT,USD_MT,30.717281,28,2020,0
1575,2020-02-04,2020-02-04,TC7,SPOT,USD_MT,30.256531,28,2020,0
1574,2020-02-05,2020-02-05,TC7,SPOT,USD_MT,29.744177,28,2020,0
1573,2020-02-06,2020-02-06,TC7,SPOT,USD_MT,29.283427,28,2020,0
1572,2020-02-07,2020-02-07,TC7,SPOT,USD_MT,28.782131,28,2020,0
1571,2020-02-10,2020-02-10,TC7,SPOT,USD_MT,28.5665,28,2020,0
1570,2020-02-11,2020-02-11,TC7,SPOT,USD_MT,28.5665,28,2020,0
1569,2020-02-12,2020-02-12,TC7,SPOT,USD_MT,28.5665,28,2020,0
1568,2020-02-13,2020-02-13,TC7,SPOT,USD_MT,28.514896,28,2020,0
1567,2020-02-14,2020-02-14,TC7,SPOT,USD_MT,28.494623,28,2020,0
1566,2020-02-17,2020-02-17,TC7,SPOT,USD_MT,28.361927,28,2020,0
1565,2020-02-18,2020-02-18,TC7,SPOT,USD_MT,28.361927,28,2020,0
1564,2020-02-19,2020-02-19,TC7,SPOT,USD_MT,28.454077,28,2020,0
1563,2020-02-20,2020-02-20,TC7,SPOT,USD_MT,28.5665,28,2020,0
1562,2020-02-21,2020-02-21,TC7,SPOT,USD_MT,28.546227,28,2020,0
1561,2020-02-24,2020-02-24,TC7,SPOT,USD_MT,28.647592,28,2020,0
1560,2020-02-25,2020-02-25,TC7,SPOT,USD_MT,28.647592,28,2020,0
1559,2020-02-26,2020-02-26,TC7,SPOT,USD_MT,28.903769,28,2020,0
1558,2020-02-27,2020-02-27,TC7,SPOT,USD_MT,29.078854,28,2020,0
1557,2020-02-28,2020-02-28,TC7,SPOT,USD_MT,29.384792,28,2020,0
1556,2020-03-02,2020-03-02,TC7,SPOT,USD_MT,29.548819,30,2020,0
1555,2020-03-03,2020-03-03,TC7,SPOT,USD_MT,29.591208,30,2020,0
1554,2020-03-04,2020-03-04,TC7,SPOT,USD_MT,30.000354,30,2020,0
1553,2020-03-05,2020-03-05,TC7,SPOT,USD_MT,30.276804,30,2020,0
1552,2020-03-06,2020-03-06,TC7,SPOT,USD_MT,30.256531,30,2020,0
1551,2020-03-09,2020-03-09,TC7,SPOT,USD_MT,30.357896,30,2020,0
1550,2020-03-10,2020-03-10,TC7,SPOT,USD_MT,30.286019,30,2020,0
1549,2020-03-11,2020-03-11,TC7,SPOT,USD_MT,30.256531,30,2020,0
1548,2020-03-12,2020-03-12,TC7,SPOT,USD_MT,30.4095,30,2020,0
1547,2020-03-13,2020-03-13,TC7,SPOT,USD_MT,30.665677,30,2020,0
1546,2020-03-16,2020-03-16,TC7,SPOT,USD_MT,31.126427,30,2020,0
1545,2020-03-17,2020-03-17,TC7,SPOT,USD_MT,31.382604,30,2020,0
1544,2020-03-18,2020-03-18,TC7,SPOT,USD_MT,32.04792699999999,30,2020,0
1543,2020-03-19,2020-03-19,TC7,SPOT,USD_MT,32.508677,30,2020,0
1542,2020-03-20,2020-03-20,TC7,SPOT,USD_MT,33.481781,30,2020,0
1541,2020-03-23,2020-03-23,TC7,SPOT,USD_MT,34.147104,30,2020,0
1540,2020-03-24,2020-03-24,TC7,SPOT,USD_MT,35.120208,30,2020,0
1539,2020-03-25,2020-03-25,TC7,SPOT,USD_MT,35.3856,30,2020,0
1538,2020-03-26,2020-03-26,TC7,SPOT,USD_MT,35.416931,30,2020,0
1537,2020-03-27,2020-03-27,TC7,SPOT,USD_MT,35.36532699999999,30,2020,0
1536,2020-03-30,2020-03-30,TC7,SPOT,USD_MT,35.354269,30,2020,0
1535,2020-03-31,2020-03-31,TC7,SPOT,USD_MT,35.313723,30,2020,0
1534,2020-04-01,2020-04-01,TC7,SPOT,USD_MT,35.28239199999999,29,2020,0
1533,2020-04-02,2020-04-02,TC7,SPOT,USD_MT,35.313723,29,2020,0
1532,2020-04-03,2020-04-03,TC7,SPOT,USD_MT,35.529354,29,2020,0
1531,2020-04-06,2020-04-06,TC7,SPOT,USD_MT,36.1228,29,2020,0
1530,2020-04-07,2020-04-07,TC7,SPOT,USD_MT,36.111742,29,2020,0
1529,2020-04-08,2020-04-08,TC7,SPOT,USD_MT,35.693381,29,2020,0
1528,2020-04-09,2020-04-09,TC7,SPOT,USD_MT,34.74055,29,2020,0
1527,2020-04-13,2020-04-13,TC7,SPOT,USD_MT,33.879869,29,2020,0
1526,2020-04-14,2020-04-14,TC7,SPOT,USD_MT,34.084442,29,2020,0
1525,2020-04-15,2020-04-15,TC7,SPOT,USD_MT,34.423554,29,2020,0
1524,2020-04-16,2020-04-16,TC7,SPOT,USD_MT,34.751608,29,2020,0
1523,2020-04-17,2020-04-17,TC7,SPOT,USD_MT,35.630719,29,2020,0
1522,2020-04-20,2020-04-20,TC7,SPOT,USD_MT,37.12539200000001,29,2020,0
1521,2020-04-21,2020-04-21,TC7,SPOT,USD_MT,39.010781,29,2020,0
1520,2020-04-22,2020-04-22,TC7,SPOT,USD_MT,45.767219,29,2020,0
1519,2020-04-23,2020-04-23,TC7,SPOT,USD_MT,64.60820799999999,29,2020,0
1518,2020-04-24,2020-04-24,TC7,SPOT,USD_MT,67.577281,29,2020,0
1517,2020-04-27,2020-04-27,TC7,SPOT,USD_MT,68.90792699999999,29,2020,0
1516,2020-04-28,2020-04-28,TC7,SPOT,USD_MT,78.3275,29,2020,0
1515,2020-04-29,2020-04-29,TC7,SPOT,USD_MT,77.71378100000001,29,2020,0
1514,2020-04-30,2020-04-30,TC7,SPOT,USD_MT,77.610573,29,2020,0
1513,2020-05-04,2020-05-04,TC7,SPOT,USD_MT,76.68907300000001,30,2020,0
1512,2020-05-05,2020-05-05,TC7,SPOT,USD_MT,69.62485399999998,30,2020,0
1511,2020-05-06,2020-05-06,TC7,SPOT,USD_MT,67.474073,30,2020,0
1510,2020-05-08,2020-05-08,TC7,SPOT,USD_MT,64.812781,30,2020,0
1509,2020-05-11,2020-05-11,TC7,SPOT,USD_MT,56.92842699999999,30,2020,0
1508,2020-05-12,2020-05-12,TC7,SPOT,USD_MT,50.374719,30,2020,0
1507,2020-05-13,2020-05-13,TC7,SPOT,USD_MT,44.232,30,2020,0
1506,2020-05-14,2020-05-14,TC7,SPOT,USD_MT,37.678292,30,2020,0
1505,2020-05-15,2020-05-15,TC7,SPOT,USD_MT,34.40328099999999,30,2020,0
1504,2020-05-18,2020-05-18,TC7,SPOT,USD_MT,31.740146,30,2020,0
1503,2020-05-19,2020-05-19,TC7,SPOT,USD_MT,29.078854,30,2020,0
1502,2020-05-20,2020-05-20,TC7,SPOT,USD_MT,28.710254,30,2020,0
1501,2020-05-21,2020-05-21,TC7,SPOT,USD_MT,27.901177,30,2020,0
1500,2020-05-22,2020-05-22,TC7,SPOT,USD_MT,26.775104,30,2020,0
1499,2020-05-26,2020-05-26,TC7,SPOT,USD_MT,26.006573,30,2020,0
1498,2020-05-27,2020-05-27,TC7,SPOT,USD_MT,25.750396,30,2020,0
1497,2020-05-28,2020-05-28,TC7,SPOT,USD_MT,25.689577,30,2020,0
1496,2020-05-29,2020-05-29,TC7,SPOT,USD_MT,25.34125,30,2020,0
1495,2020-06-01,2020-06-01,TC7,SPOT,USD_MT,24.932104,29,2020,0
1494,2020-06-02,2020-06-02,TC7,SPOT,USD_MT,24.635381,29,2020,0
1493,2020-06-03,2020-06-03,TC7,SPOT,USD_MT,24.41975,29,2020,0
1492,2020-06-04,2020-06-04,TC7,SPOT,USD_MT,24.163573,29,2020,0
1491,2020-06-05,2020-06-05,TC7,SPOT,USD_MT,24.062208,29,2020,0
1490,2020-06-08,2020-06-08,TC7,SPOT,USD_MT,23.907396,29,2020,0
1489,2020-06-09,2020-06-09,TC7,SPOT,USD_MT,23.601458,29,2020,0
1488,2020-06-10,2020-06-10,TC7,SPOT,USD_MT,23.509308,29,2020,0
1487,2020-06-11,2020-06-11,TC7,SPOT,USD_MT,23.253131,29,2020,0
1486,2020-06-12,2020-06-12,TC7,SPOT,USD_MT,23.048558,29,2020,0
1485,2020-06-15,2020-06-15,TC7,SPOT,USD_MT,22.423781,29,2020,0
1484,2020-06-16,2020-06-16,TC7,SPOT,USD_MT,21.603646,29,2020,0
1483,2020-06-17,2020-06-17,TC7,SPOT,USD_MT,21.142896,29,2020,0
1482,2020-06-18,2020-06-18,TC7,SPOT,USD_MT,20.682146,29,2020,0
1481,2020-06-19,2020-06-19,TC7,SPOT,USD_MT,20.621327,29,2020,0
1480,2020-06-22,2020-06-22,TC7,SPOT,USD_MT,20.400167,29,2020,0
1479,2020-06-23,2020-06-23,TC7,SPOT,USD_MT,20.324604,29,2020,0
1478,2020-06-24,2020-06-24,TC7,SPOT,USD_MT,20.169792,29,2020,0
1477,2020-06-25,2020-06-25,TC7,SPOT,USD_MT,19.709042,29,2020,0
1476,2020-06-26,2020-06-26,TC7,SPOT,USD_MT,19.454708,29,2020,0
1475,2020-06-29,2020-06-29,TC7,SPOT,USD_MT,19.392046,29,2020,0
1474,2020-06-30,2020-06-30,TC7,SPOT,USD_MT,19.248292,29,2020,0
1473,2020-07-01,2020-07-01,TC7,SPOT,USD_MT,19.198531,30,2020,0
1472,2020-07-02,2020-07-02,TC7,SPOT,USD_MT,18.951569,30,2020,0
1471,2020-07-03,2020-07-03,TC7,SPOT,USD_MT,18.43,30,2020,0
1470,2020-07-06,2020-07-06,TC7,SPOT,USD_MT,18.277031,30,2020,0
1469,2020-07-07,2020-07-07,TC7,SPOT,USD_MT,18.081673,30,2020,0
1468,2020-07-08,2020-07-08,TC7,SPOT,USD_MT,17.724131,30,2020,0
1467,2020-07-09,2020-07-09,TC7,SPOT,USD_MT,17.1399,30,2020,0
1466,2020-07-13,2020-07-13,TC7,SPOT,USD_MT,17.007204,30,2020,0
1465,2020-07-14,2020-07-14,TC7,SPOT,USD_MT,16.944542,30,2020,0
1464,2020-07-15,2020-07-15,TC7,SPOT,USD_MT,16.924269,30,2020,0
1463,2020-07-16,2020-07-16,TC7,SPOT,USD_MT,16.828433,30,2020,0
1462,2020-07-17,2020-07-17,TC7,SPOT,USD_MT,16.765771,30,2020,0
1461,2020-07-20,2020-07-20,TC7,SPOT,USD_MT,16.732597,30,2020,0
1460,2020-07-21,2020-07-21,TC7,SPOT,USD_MT,16.668092,30,2020,0
1459,2020-07-22,2020-07-22,TC7,SPOT,USD_MT,16.719696,30,2020,0
1458,2020-07-23,2020-07-23,TC7,SPOT,USD_MT,16.806317,30,2020,0
1457,2020-07-24,2020-07-24,TC7,SPOT,USD_MT,18.461331,30,2020,0
1456,2020-07-27,2020-07-27,TC7,SPOT,USD_MT,18.582969,30,2020,0
1455,2020-07-28,2020-07-28,TC7,SPOT,USD_MT,18.2457,30,2020,0
1454,2020-07-29,2020-07-29,TC7,SPOT,USD_MT,18.326792,30,2020,0
1453,2020-07-30,2020-07-30,TC7,SPOT,USD_MT,18.214369,30,2020,0
1452,2020-08-03,2020-08-03,TC7,SPOT,USD_MT,18.2457,30,2020,0
1451,2020-08-04,2020-08-04,TC7,SPOT,USD_MT,18.265973,30,2020,0
1450,2020-08-05,2020-08-05,TC7,SPOT,USD_MT,18.009796,30,2020,0
1449,2020-08-06,2020-08-06,TC7,SPOT,USD_MT,17.866042,30,2020,0
1448,2020-08-07,2020-08-07,TC7,SPOT,USD_MT,17.6928,30,2020,0
1447,2020-08-11,2020-08-11,TC7,SPOT,USD_MT,17.477169,30,2020,0
1446,2020-08-12,2020-08-12,TC7,SPOT,USD_MT,17.335258,30,2020,0
1445,2020-08-13,2020-08-13,TC7,SPOT,USD_MT,17.243108,30,2020,0
1444,2020-08-14,2020-08-14,TC7,SPOT,USD_MT,17.252323,30,2020,0
1443,2020-08-17,2020-08-17,TC7,SPOT,USD_MT,17.335258,30,2020,0
1442,2020-08-18,2020-08-18,TC7,SPOT,USD_MT,17.313142,30,2020,0
1441,2020-08-19,2020-08-19,TC7,SPOT,USD_MT,17.185975,30,2020,0
1440,2020-08-20,2020-08-20,TC7,SPOT,USD_MT,17.150958,30,2020,0
1439,2020-08-21,2020-08-21,TC7,SPOT,USD_MT,17.104883,30,2020,0
1438,2020-08-24,2020-08-24,TC7,SPOT,USD_MT,17.058808,30,2020,0
1437,2020-08-25,2020-08-25,TC7,SPOT,USD_MT,17.117784,30,2020,0
1436,2020-08-26,2020-08-26,TC7,SPOT,USD_MT,18.776484,30,2020,0
1435,2020-08-27,2020-08-27,TC7,SPOT,USD_MT,18.936825,30,2020,0
1434,2020-08-28,2020-08-28,TC7,SPOT,USD_MT,18.879692,30,2020,0
1433,2020-08-31,2020-08-31,TC7,SPOT,USD_MT,18.763583,30,2020,0
1432,2020-09-01,2020-09-01,TC7,SPOT,USD_MT,18.533208,29,2020,0
1431,2020-09-02,2020-09-02,TC7,SPOT,USD_MT,18.533208,29,2020,0
1430,2020-09-03,2020-09-03,TC7,SPOT,USD_MT,18.487133,29,2020,0
1429,2020-09-04,2020-09-04,TC7,SPOT,USD_MT,18.43,29,2020,0
1428,2020-09-07,2020-09-07,TC7,SPOT,USD_MT,18.315734,29,2020,0
1427,2020-09-08,2020-09-08,TC7,SPOT,USD_MT,18.096417,29,2020,0
1426,2020-09-09,2020-09-09,TC7,SPOT,USD_MT,17.866042,29,2020,0
1425,2020-09-10,2020-09-10,TC7,SPOT,USD_MT,17.808909,29,2020,0
1424,2020-09-11,2020-09-11,TC7,SPOT,USD_MT,17.681742,29,2020,0
1423,2020-09-14,2020-09-14,TC7,SPOT,USD_MT,17.532459,29,2020,0
1422,2020-09-15,2020-09-15,TC7,SPOT,USD_MT,17.5085,29,2020,0
1421,2020-09-16,2020-09-16,TC7,SPOT,USD_MT,17.278125,29,2020,0
1420,2020-09-17,2020-09-17,TC7,SPOT,USD_MT,17.071709,29,2020,0
1419,2020-09-18,2020-09-18,TC7,SPOT,USD_MT,16.933484,29,2020,0
1418,2020-09-21,2020-09-21,TC7,SPOT,USD_MT,16.828433,29,2020,0
1417,2020-09-22,2020-09-22,TC7,SPOT,USD_MT,16.817375,29,2020,0
1416,2020-09-23,2020-09-23,TC7,SPOT,USD_MT,16.939013,29,2020,0
1415,2020-09-24,2020-09-24,TC7,SPOT,USD_MT,17.117784,29,2020,0
1414,2020-09-25,2020-09-25,TC7,SPOT,USD_MT,17.313142,29,2020,0
1413,2020-09-28,2020-09-28,TC7,SPOT,USD_MT,17.41635,29,2020,0
1412,2020-09-29,2020-09-29,TC7,SPOT,USD_MT,17.624609,29,2020,0
1411,2020-09-30,2020-09-30,TC7,SPOT,USD_MT,17.703858,29,2020,0
1410,2020-10-01,2020-10-01,TC7,SPOT,USD_MT,17.681742,30,2020,0
1409,2020-10-02,2020-10-02,TC7,SPOT,USD_MT,17.78495,30,2020,0
1408,2020-10-05,2020-10-05,TC7,SPOT,USD_MT,18.142492,30,2020,0
1407,2020-10-06,2020-10-06,TC7,SPOT,USD_MT,18.234642,30,2020,0
1406,2020-10-07,2020-10-07,TC7,SPOT,USD_MT,18.465017,30,2020,0
1405,2020-10-08,2020-10-08,TC7,SPOT,USD_MT,18.487133,30,2020,0
1404,2020-10-09,2020-10-09,TC7,SPOT,USD_MT,18.947883,30,2020,0
1403,2020-10-12,2020-10-12,TC7,SPOT,USD_MT,19.237234,30,2020,0
1402,2020-10-13,2020-10-13,TC7,SPOT,USD_MT,19.397575,30,2020,0
1401,2020-10-14,2020-10-14,TC7,SPOT,USD_MT,20.790883,30,2020,0
1400,2020-10-15,2020-10-15,TC7,SPOT,USD_MT,21.137367,30,2020,0
1399,2020-10-16,2020-10-16,TC7,SPOT,USD_MT,21.159483,30,2020,0
1398,2020-10-19,2020-10-19,TC7,SPOT,USD_MT,21.540984,30,2020,0
1397,2020-10-20,2020-10-20,TC7,SPOT,USD_MT,21.977775,30,2020,0
1396,2020-10-21,2020-10-21,TC7,SPOT,USD_MT,22.058867,30,2020,0
1395,2020-10-22,2020-10-22,TC7,SPOT,USD_MT,22.02385,30,2020,0
1394,2020-10-23,2020-10-23,TC7,SPOT,USD_MT,21.920642,30,2020,0
1393,2020-10-26,2020-10-26,TC7,SPOT,USD_MT,21.609175,30,2020,0
1392,2020-10-27,2020-10-27,TC7,SPOT,USD_MT,21.367742,30,2020,0
1391,2020-10-28,2020-10-28,TC7,SPOT,USD_MT,20.975183,30,2020,0
1390,2020-10-29,2020-10-29,TC7,SPOT,USD_MT,20.687675,30,2020,0
1389,2020-10-30,2020-10-30,TC7,SPOT,USD_MT,20.538392,30,2020,0
1388,2020-11-02,2020-11-02,TC7,SPOT,USD_MT,20.066584,29,2020,0
1387,2020-11-03,2020-11-03,TC7,SPOT,USD_MT,19.651909,29,2020,0
1386,2020-11-04,2020-11-04,TC7,SPOT,USD_MT,19.132183,29,2020,0
1385,2020-11-05,2020-11-05,TC7,SPOT,USD_MT,18.603242,29,2020,0
1384,2020-11-06,2020-11-06,TC7,SPOT,USD_MT,18.43,29,2020,0
1383,2020-11-09,2020-11-09,TC7,SPOT,USD_MT,18.372867,29,2020,0
1382,2020-11-10,2020-11-10,TC7,SPOT,USD_MT,18.568225,29,2020,0
1381,2020-11-11,2020-11-11,TC7,SPOT,USD_MT,18.592184,29,2020,0
1380,2020-11-12,2020-11-12,TC7,SPOT,USD_MT,18.500034,29,2020,0
1379,2020-11-13,2020-11-13,TC7,SPOT,USD_MT,18.6143,29,2020,0
1378,2020-11-16,2020-11-16,TC7,SPOT,USD_MT,18.684334,29,2020,0
1377,2020-11-17,2020-11-17,TC7,SPOT,USD_MT,18.638259,29,2020,0
1376,2020-11-18,2020-11-18,TC7,SPOT,USD_MT,18.579283,29,2020,0
1375,2020-11-19,2020-11-19,TC7,SPOT,USD_MT,18.453959,29,2020,0
1374,2020-11-20,2020-11-20,TC7,SPOT,USD_MT,18.741467,29,2020,0
1373,2020-11-23,2020-11-23,TC7,SPOT,USD_MT,18.844675,29,2020,0
1372,2020-11-24,2020-11-24,TC7,SPOT,USD_MT,19.329384,29,2020,0
1371,2020-11-25,2020-11-25,TC7,SPOT,USD_MT,19.467609,29,2020,0
1370,2020-11-26,2020-11-26,TC7,SPOT,USD_MT,19.709042,29,2020,0
1369,2020-11-27,2020-11-27,TC7,SPOT,USD_MT,19.9044,29,2020,0
1368,2020-11-30,2020-11-30,TC7,SPOT,USD_MT,19.755117,29,2020,0
1367,2020-12-01,2020-12-01,TC7,SPOT,USD_MT,19.755117,30,2020,0
1366,2020-12-02,2020-12-02,TC7,SPOT,USD_MT,19.755117,30,2020,0
1365,2020-12-03,2020-12-03,TC7,SPOT,USD_MT,19.755117,30,2020,0
1364,2020-12-04,2020-12-04,TC7,SPOT,USD_MT,19.81225,30,2020,0
1363,2020-12-07,2020-12-07,TC7,SPOT,USD_MT,20.215867,30,2020,0
1362,2020-12-08,2020-12-08,TC7,SPOT,USD_MT,20.343034,30,2020,0
1361,2020-12-09,2020-12-09,TC7,SPOT,USD_MT,20.73375,30,2020,0
1360,2020-12-10,2020-12-10,TC7,SPOT,USD_MT,21.021258,30,2020,0
1359,2020-12-11,2020-12-11,TC7,SPOT,USD_MT,21.251633,30,2020,0
1358,2020-12-14,2020-12-14,TC7,SPOT,USD_MT,21.424875,30,2020,0
1357,2020-12-15,2020-12-15,TC7,SPOT,USD_MT,22.001734,30,2020,0
1356,2020-12-16,2020-12-16,TC7,SPOT,USD_MT,22.462484,30,2020,0
1355,2020-12-17,2020-12-17,TC7,SPOT,USD_MT,22.57675,30,2020,0
1354,2020-12-18,2020-12-18,TC7,SPOT,USD_MT,22.980367,30,2020,0
1353,2020-12-21,2020-12-21,TC7,SPOT,USD_MT,23.325008,30,2020,0
1352,2020-12-22,2020-12-22,TC7,SPOT,USD_MT,23.383984,30,2020,0
1351,2020-12-23,2020-12-23,TC7,SPOT,USD_MT,23.267875,30,2020,0
1350,2020-12-24,2020-12-24,TC7,SPOT,USD_MT,23.094633,30,2020,0
1349,2021-01-04,2021-01-04,TC7,SPOT,USD_MT,22.150439,30,2021,0
1348,2021-01-05,2021-01-05,TC7,SPOT,USD_MT,21.926807,30,2021,0
1347,2021-01-06,2021-01-06,TC7,SPOT,USD_MT,21.703175,30,2021,0
1346,2021-01-07,2021-01-07,TC7,SPOT,USD_MT,21.479543,30,2021,0
1345,2021-01-08,2021-01-08,TC7,SPOT,USD_MT,21.373939,30,2021,0
1344,2021-01-11,2021-01-11,TC7,SPOT,USD_MT,21.383257,30,2021,0
1343,2021-01-12,2021-01-12,TC7,SPOT,USD_MT,21.285418,30,2021,0
1342,2021-01-13,2021-01-13,TC7,SPOT,USD_MT,21.193791,30,2021,0
1341,2021-01-14,2021-01-14,TC7,SPOT,USD_MT,21.033832,30,2021,0
1340,2021-01-15,2021-01-15,TC7,SPOT,USD_MT,20.985689,30,2021,0
1339,2021-01-18,2021-01-18,TC7,SPOT,USD_MT,20.985689,30,2021,0
1338,2021-01-19,2021-01-19,TC7,SPOT,USD_MT,21.013643,30,2021,0
1337,2021-01-20,2021-01-20,TC7,SPOT,USD_MT,20.9655,30,2021,0
1336,2021-01-21,2021-01-21,TC7,SPOT,USD_MT,20.819518,30,2021,0
1335,2021-01-22,2021-01-22,TC7,SPOT,USD_MT,20.703043,30,2021,0
1334,2021-01-25,2021-01-25,TC7,SPOT,USD_MT,20.547743,30,2021,0
1333,2021-01-26,2021-01-26,TC7,SPOT,USD_MT,20.392443,30,2021,0
1332,2021-01-27,2021-01-27,TC7,SPOT,USD_MT,20.11135,30,2021,0
1331,2021-01-28,2021-01-28,TC7,SPOT,USD_MT,19.869082,30,2021,0
1330,2021-01-29,2021-01-29,TC7,SPOT,USD_MT,19.606625,30,2021,0
1329,2021-02-01,2021-02-01,TC7,SPOT,USD_MT,19.305343,27,2021,0
1328,2021-02-02,2021-02-02,TC7,SPOT,USD_MT,18.985425,27,2021,0
1327,2021-02-03,2021-02-03,TC7,SPOT,USD_MT,18.7913,27,2021,0
1326,2021-02-04,2021-02-04,TC7,SPOT,USD_MT,18.722968,27,2021,0
1325,2021-02-05,2021-02-05,TC7,SPOT,USD_MT,18.656189,27,2021,0
1324,2021-02-08,2021-02-08,TC7,SPOT,USD_MT,18.441875,27,2021,0
1323,2021-02-09,2021-02-09,TC7,SPOT,USD_MT,18.229114,27,2021,0
1322,2021-02-10,2021-02-10,TC7,SPOT,USD_MT,18.190289,27,2021,0
1321,2021-02-11,2021-02-11,TC7,SPOT,USD_MT,18.1701,27,2021,0
1320,2021-02-15,2021-02-15,TC7,SPOT,USD_MT,18.073814,27,2021,0
1319,2021-02-16,2021-02-16,TC7,SPOT,USD_MT,17.927832,27,2021,0
1318,2021-02-17,2021-02-17,TC7,SPOT,USD_MT,18.073814,27,2021,0
1317,2021-02-18,2021-02-18,TC7,SPOT,USD_MT,18.384414,27,2021,0
1316,2021-02-19,2021-02-19,TC7,SPOT,USD_MT,18.820807,27,2021,0
1315,2021-02-22,2021-02-22,TC7,SPOT,USD_MT,19.403182,27,2021,0
1314,2021-02-23,2021-02-23,TC7,SPOT,USD_MT,20.373807,27,2021,0
1313,2021-02-24,2021-02-24,TC7,SPOT,USD_MT,20.908039,27,2021,0
1312,2021-02-25,2021-02-25,TC7,SPOT,USD_MT,21.246593,27,2021,0
1311,2021-02-26,2021-02-26,TC7,SPOT,USD_MT,21.19845,27,2021,0
1310,2021-03-01,2021-03-01,TC7,SPOT,USD_MT,21.35375,30,2021,0
1309,2021-03-02,2021-03-02,TC7,SPOT,USD_MT,21.645714,30,2021,0
1308,2021-03-03,2021-03-03,TC7,SPOT,USD_MT,21.887982,30,2021,0
1307,2021-03-04,2021-03-04,TC7,SPOT,USD_MT,22.120932,30,2021,0
1306,2021-03-05,2021-03-05,TC7,SPOT,USD_MT,22.189264,30,2021,0
1305,2021-03-08,2021-03-08,TC7,SPOT,USD_MT,22.499864,30,2021,0
1304,2021-03-09,2021-03-09,TC7,SPOT,USD_MT,22.634975,30,2021,0
1303,2021-03-10,2021-03-10,TC7,SPOT,USD_MT,22.9844,30,2021,0
1302,2021-03-11,2021-03-11,TC7,SPOT,USD_MT,23.343143,30,2021,0
1301,2021-03-12,2021-03-12,TC7,SPOT,USD_MT,23.431664,30,2021,0
1300,2021-03-15,2021-03-15,TC7,SPOT,USD_MT,23.625789,30,2021,0
1299,2021-03-16,2021-03-16,TC7,SPOT,USD_MT,23.781089,30,2021,0
1298,2021-03-17,2021-03-17,TC7,SPOT,USD_MT,23.790407,30,2021,0
1297,2021-03-18,2021-03-18,TC7,SPOT,USD_MT,23.790407,30,2021,0
1296,2021-03-19,2021-03-19,TC7,SPOT,USD_MT,23.925518,30,2021,0
1295,2021-03-22,2021-03-22,TC7,SPOT,USD_MT,23.975214,30,2021,0
1294,2021-03-23,2021-03-23,TC7,SPOT,USD_MT,23.975214,30,2021,0
1293,2021-03-24,2021-03-24,TC7,SPOT,USD_MT,23.868057,30,2021,0
1292,2021-03-25,2021-03-25,TC7,SPOT,USD_MT,23.906882,30,2021,0
1291,2021-03-26,2021-03-26,TC7,SPOT,USD_MT,23.925518,30,2021,0
1290,2021-03-29,2021-03-29,TC7,SPOT,USD_MT,23.955025,30,2021,0
1289,2021-03-30,2021-03-30,TC7,SPOT,USD_MT,24.0715,30,2021,0
1288,2021-03-31,2021-03-31,TC7,SPOT,USD_MT,23.925518,30,2021,0
1287,2021-04-01,2021-04-01,TC7,SPOT,USD_MT,23.906882,29,2021,0
1286,2021-04-05,2021-04-05,TC7,SPOT,USD_MT,23.7609,29,2021,0
1285,2021-04-06,2021-04-06,TC7,SPOT,USD_MT,23.664614,29,2021,0
1284,2021-04-07,2021-04-07,TC7,SPOT,USD_MT,23.790407,29,2021,0
1283,2021-04-08,2021-04-08,TC7,SPOT,USD_MT,23.83855,29,2021,0
1282,2021-04-09,2021-04-09,TC7,SPOT,USD_MT,23.897564,29,2021,0
1281,2021-04-12,2021-04-12,TC7,SPOT,USD_MT,23.894458,29,2021,0
1280,2021-04-13,2021-04-13,TC7,SPOT,USD_MT,23.782642,29,2021,0
1279,2021-04-14,2021-04-14,TC7,SPOT,USD_MT,23.627342,29,2021,0
1278,2021-04-15,2021-04-15,TC7,SPOT,USD_MT,23.52795,29,2021,0
1277,2021-04-16,2021-04-16,TC7,SPOT,USD_MT,23.52795,29,2021,0
1276,2021-04-19,2021-04-19,TC7,SPOT,USD_MT,23.472042,29,2021,0
1275,2021-04-20,2021-04-20,TC7,SPOT,USD_MT,23.439429,29,2021,0
1274,2021-04-21,2021-04-21,TC7,SPOT,USD_MT,23.316742,29,2021,0
1273,2021-04-22,2021-04-22,TC7,SPOT,USD_MT,23.295,29,2021,0
1272,2021-04-23,2021-04-23,TC7,SPOT,USD_MT,23.295,29,2021,0
1271,2021-04-26,2021-04-26,TC7,SPOT,USD_MT,23.239092,29,2021,0
1270,2021-04-27,2021-04-27,TC7,SPOT,USD_MT,23.172313,29,2021,0
1269,2021-04-28,2021-04-28,TC7,SPOT,USD_MT,23.161442,29,2021,0
1268,2021-04-29,2021-04-29,TC7,SPOT,USD_MT,23.161442,29,2021,0
1267,2021-04-30,2021-04-30,TC7,SPOT,USD_MT,23.161442,29,2021,0
1266,2021-05-03,2021-05-03,TC7,SPOT,USD_MT,23.107087,30,2021,0
1265,2021-05-04,2021-05-04,TC7,SPOT,USD_MT,23.044967,30,2021,0
1264,2021-05-05,2021-05-05,TC7,SPOT,USD_MT,23.040308,30,2021,0
1263,2021-05-06,2021-05-06,TC7,SPOT,USD_MT,23.150571,30,2021,0
1262,2021-05-07,2021-05-07,TC7,SPOT,USD_MT,23.249963,30,2021,0
1261,2021-05-10,2021-05-10,TC7,SPOT,USD_MT,23.239092,30,2021,0
1260,2021-05-11,2021-05-11,TC7,SPOT,USD_MT,23.295,30,2021,0
1259,2021-05-12,2021-05-12,TC7,SPOT,USD_MT,23.295,30,2021,0
1258,2021-05-14,2021-05-14,TC7,SPOT,USD_MT,23.295,30,2021,0
1257,2021-05-17,2021-05-17,TC7,SPOT,USD_MT,23.295,30,2021,0
1256,2021-05-18,2021-05-18,TC7,SPOT,USD_MT,23.538821,30,2021,0
1255,2021-05-19,2021-05-19,TC7,SPOT,USD_MT,23.739158,30,2021,0
1254,2021-05-20,2021-05-20,TC7,SPOT,USD_MT,24.026463,30,2021,0
1253,2021-05-21,2021-05-21,TC7,SPOT,USD_MT,24.392971,30,2021,0
1252,2021-05-24,2021-05-24,TC7,SPOT,USD_MT,24.826258,30,2021,0
1251,2021-05-25,2021-05-25,TC7,SPOT,USD_MT,24.869742,30,2021,0
1250,2021-05-27,2021-05-27,TC7,SPOT,USD_MT,24.759479,30,2021,0
1249,2021-05-28,2021-05-28,TC7,SPOT,USD_MT,24.660087,30,2021,0
1248,2021-05-31,2021-05-31,TC7,SPOT,USD_MT,24.570013,30,2021,0
1247,2021-06-01,2021-06-01,TC7,SPOT,USD_MT,24.315321,29,2021,0
1246,2021-06-02,2021-06-02,TC7,SPOT,USD_MT,23.982979,29,2021,0
1245,2021-06-03,2021-06-03,TC7,SPOT,USD_MT,23.739158,29,2021,0
1244,2021-06-04,2021-06-04,TC7,SPOT,USD_MT,23.52795,29,2021,0
1243,2021-06-07,2021-06-07,TC7,SPOT,USD_MT,23.417687,29,2021,0
1242,2021-06-08,2021-06-08,TC7,SPOT,USD_MT,23.029437,29,2021,0
1241,2021-06-09,2021-06-09,TC7,SPOT,USD_MT,22.462592,29,2021,0
1240,2021-06-10,2021-06-10,TC7,SPOT,USD_MT,22.063471,29,2021,0
1239,2021-06-11,2021-06-11,TC7,SPOT,USD_MT,21.709387,29,2021,0
1238,2021-06-14,2021-06-14,TC7,SPOT,USD_MT,21.554087,29,2021,0
1237,2021-06-15,2021-06-15,TC7,SPOT,USD_MT,21.131671,29,2021,0
1236,2021-06-16,2021-06-16,TC7,SPOT,USD_MT,20.9655,29,2021,0
1235,2021-06-17,2021-06-17,TC7,SPOT,USD_MT,20.88785,29,2021,0
1234,2021-06-18,2021-06-18,TC7,SPOT,USD_MT,20.521342,29,2021,0
1233,2021-06-21,2021-06-21,TC7,SPOT,USD_MT,20.355171,29,2021,0
1232,2021-06-22,2021-06-22,TC7,SPOT,USD_MT,20.234037,29,2021,0
1231,2021-06-23,2021-06-23,TC7,SPOT,USD_MT,20.133092,29,2021,0
1230,2021-06-24,2021-06-24,TC7,SPOT,USD_MT,19.977792,29,2021,0
1229,2021-06-25,2021-06-25,TC7,SPOT,USD_MT,19.690487,29,2021,0
1228,2021-06-28,2021-06-28,TC7,SPOT,USD_MT,19.468408,29,2021,0
1227,2021-06-29,2021-06-29,TC7,SPOT,USD_MT,19.4125,29,2021,0
1226,2021-06-30,2021-06-30,TC7,SPOT,USD_MT,19.302237,29,2021,0
1225,2021-07-01,2021-07-01,TC7,SPOT,USD_MT,18.86895,30,2021,0
1224,2021-07-02,2021-07-02,TC7,SPOT,USD_MT,18.614258,30,2021,0
1223,2021-07-05,2021-07-05,TC7,SPOT,USD_MT,18.55835,30,2021,0
1222,2021-07-06,2021-07-06,TC7,SPOT,USD_MT,18.370437,30,2021,0
1221,2021-07-07,2021-07-07,TC7,SPOT,USD_MT,18.269492,30,2021,0
1220,2021-07-08,2021-07-08,TC7,SPOT,USD_MT,18.236879,30,2021,0
1219,2021-07-09,2021-07-09,TC7,SPOT,USD_MT,18.236879,30,2021,0
1218,2021-07-12,2021-07-12,TC7,SPOT,USD_MT,18.236879,30,2021,0
1217,2021-07-13,2021-07-13,TC7,SPOT,USD_MT,18.236879,30,2021,0
1216,2021-07-14,2021-07-14,TC7,SPOT,USD_MT,18.358013,30,2021,0
1215,2021-07-15,2021-07-15,TC7,SPOT,USD_MT,18.614258,30,2021,0
1214,2021-07-16,2021-07-16,TC7,SPOT,USD_MT,18.746263,30,2021,0
1213,2021-07-19,2021-07-19,TC7,SPOT,USD_MT,18.913987,30,2021,0
1212,2021-07-21,2021-07-21,TC7,SPOT,USD_MT,19.035121,30,2021,0
1211,2021-07-22,2021-07-22,TC7,SPOT,USD_MT,19.367463,30,2021,0
1210,2021-07-23,2021-07-23,TC7,SPOT,USD_MT,19.667192,30,2021,0
1209,2021-07-26,2021-07-26,TC7,SPOT,USD_MT,19.911013,30,2021,0
1208,2021-07-27,2021-07-27,TC7,SPOT,USD_MT,20.156387,30,2021,0
1207,2021-07-28,2021-07-28,TC7,SPOT,USD_MT,20.244908,30,2021,0
1206,2021-07-29,2021-07-29,TC7,SPOT,USD_MT,20.322558,30,2021,0
1205,2021-07-30,2021-07-30,TC7,SPOT,USD_MT,20.3443,30,2021,0
1204,2021-08-02,2021-08-02,TC7,SPOT,USD_MT,21.35375,30,2021,0
1203,2021-08-03,2021-08-03,TC7,SPOT,USD_MT,22.384942,30,2021,0
1202,2021-08-04,2021-08-04,TC7,SPOT,USD_MT,23.128829,30,2021,0
1201,2021-08-05,2021-08-05,TC7,SPOT,USD_MT,24.515658,30,2021,0
1200,2021-08-06,2021-08-06,TC7,SPOT,USD_MT,27.56575,30,2021,0
1199,2021-08-10,2021-08-10,TC7,SPOT,USD_MT,27.676013,30,2021,0
1198,2021-08-11,2021-08-11,TC7,SPOT,USD_MT,28.176079,30,2021,0
1197,2021-08-12,2021-08-12,TC7,SPOT,USD_MT,28.896671,30,2021,0
1196,2021-08-13,2021-08-13,TC7,SPOT,USD_MT,30.949737,30,2021,0
1195,2021-08-16,2021-08-16,TC7,SPOT,USD_MT,31.282079,30,2021,0
1194,2021-08-17,2021-08-17,TC7,SPOT,USD_MT,31.803887,30,2021,0
1193,2021-08-18,2021-08-18,TC7,SPOT,USD_MT,32.502737,30,2021,0
1192,2021-08-19,2021-08-19,TC7,SPOT,USD_MT,32.613,30,2021,0
1191,2021-08-20,2021-08-20,TC7,SPOT,USD_MT,32.613,30,2021,0
1190,2021-08-23,2021-08-23,TC7,SPOT,USD_MT,32.591258,30,2021,0
1189,2021-08-24,2021-08-24,TC7,SPOT,USD_MT,32.136229,30,2021,0
1188,2021-08-25,2021-08-25,TC7,SPOT,USD_MT,31.504158,30,2021,0
1187,2021-08-26,2021-08-26,TC7,SPOT,USD_MT,31.105037,30,2021,0
1186,2021-08-27,2021-08-27,TC7,SPOT,USD_MT,31.004092,30,2021,0
1185,2021-08-30,2021-08-30,TC7,SPOT,USD_MT,30.949737,30,2021,0
1184,2021-08-31,2021-08-31,TC7,SPOT,USD_MT,30.727658,30,2021,0
1183,2021-09-01,2021-09-01,TC7,SPOT,USD_MT,30.449671,29,2021,0
1182,2021-09-02,2021-09-02,TC7,SPOT,USD_MT,30.305242,29,2021,0
1181,2021-09-03,2021-09-03,TC7,SPOT,USD_MT,30.227592,29,2021,0
1180,2021-09-06,2021-09-06,TC7,SPOT,USD_MT,29.784987,29,2021,0
1179,2021-09-07,2021-09-07,TC7,SPOT,USD_MT,29.562908,29,2021,0
1178,2021-09-08,2021-09-08,TC7,SPOT,USD_MT,29.062842,29,2021,0
1177,2021-09-09,2021-09-09,TC7,SPOT,USD_MT,28.840763,29,2021,0
1176,2021-09-10,2021-09-10,TC7,SPOT,USD_MT,27.25515,29,2021,0
1175,2021-09-13,2021-09-13,TC7,SPOT,USD_MT,27.1775,29,2021,0
1174,2021-09-14,2021-09-14,TC7,SPOT,USD_MT,27.155758,29,2021,0
1173,2021-09-15,2021-09-15,TC7,SPOT,USD_MT,27.054813,29,2021,0
1172,2021-09-16,2021-09-16,TC7,SPOT,USD_MT,26.955421,29,2021,0
1171,2021-09-17,2021-09-17,TC7,SPOT,USD_MT,26.756637,29,2021,0
1170,2021-09-20,2021-09-20,TC7,SPOT,USD_MT,26.623079,29,2021,0
1169,2021-09-21,2021-09-21,TC7,SPOT,USD_MT,26.456908,29,2021,0
1168,2021-09-22,2021-09-22,TC7,SPOT,USD_MT,26.401,29,2021,0
1167,2021-09-23,2021-09-23,TC7,SPOT,USD_MT,26.290737,29,2021,0
1166,2021-09-24,2021-09-24,TC7,SPOT,USD_MT,26.16805,29,2021,0
1165,2021-09-27,2021-09-27,TC7,SPOT,USD_MT,26.079529,29,2021,0
1164,2021-09-28,2021-09-28,TC7,SPOT,USD_MT,26.01275,29,2021,0
1163,2021-09-29,2021-09-29,TC7,SPOT,USD_MT,25.945971,29,2021,0
1162,2021-09-30,2021-09-30,TC7,SPOT,USD_MT,25.7798,29,2021,0
1161,2021-10-01,2021-10-01,TC7,SPOT,USD_MT,25.568592,30,2021,0
1160,2021-10-04,2021-10-04,TC7,SPOT,USD_MT,25.501813,30,2021,0
1159,2021-10-05,2021-10-05,TC7,SPOT,USD_MT,25.490942,30,2021,0
1158,2021-10-06,2021-10-06,TC7,SPOT,USD_MT,25.436587,30,2021,0
1157,2021-10-07,2021-10-07,TC7,SPOT,USD_MT,25.324771,30,2021,0
1156,2021-10-08,2021-10-08,TC7,SPOT,USD_MT,25.180342,30,2021,0
1155,2021-10-11,2021-10-11,TC7,SPOT,USD_MT,25.125987,30,2021,0
1154,2021-10-12,2021-10-12,TC7,SPOT,USD_MT,25.268863,30,2021,0
1153,2021-10-13,2021-10-13,TC7,SPOT,USD_MT,25.346513,30,2021,0
1152,2021-10-14,2021-10-14,TC7,SPOT,USD_MT,25.514237,30,2021,0
1151,2021-10-15,2021-10-15,TC7,SPOT,USD_MT,25.680408,30,2021,0
1150,2021-10-18,2021-10-18,TC7,SPOT,USD_MT,25.734763,30,2021,0
1149,2021-10-19,2021-10-19,TC7,SPOT,USD_MT,25.835708,30,2021,0
1148,2021-10-20,2021-10-20,TC7,SPOT,USD_MT,25.991008,30,2021,0
1147,2021-10-21,2021-10-21,TC7,SPOT,USD_MT,26.034492,30,2021,0
1146,2021-10-22,2021-10-22,TC7,SPOT,USD_MT,26.0904,30,2021,0
1145,2021-10-25,2021-10-25,TC7,SPOT,USD_MT,26.079529,30,2021,0
1144,2021-10-26,2021-10-26,TC7,SPOT,USD_MT,26.189792,30,2021,0
1143,2021-10-27,2021-10-27,TC7,SPOT,USD_MT,26.301608,30,2021,0
1142,2021-10-28,2021-10-28,TC7,SPOT,USD_MT,26.334221,30,2021,0
1141,2021-10-29,2021-10-29,TC7,SPOT,USD_MT,26.334221,30,2021,0
1140,2021-11-01,2021-11-01,TC7,SPOT,USD_MT,26.32335,29,2021,0
1139,2021-11-02,2021-11-02,TC7,SPOT,USD_MT,26.189792,29,2021,0
1138,2021-11-03,2021-11-03,TC7,SPOT,USD_MT,26.029833,29,2021,0
1137,2021-11-05,2021-11-05,TC7,SPOT,USD_MT,25.890063,29,2021,0
1136,2021-11-08,2021-11-08,TC7,SPOT,USD_MT,25.680408,29,2021,0
1135,2021-11-09,2021-11-09,TC7,SPOT,USD_MT,25.6245,29,2021,0
1134,2021-11-10,2021-11-10,TC7,SPOT,USD_MT,25.6245,29,2021,0
1133,2021-11-11,2021-11-11,TC7,SPOT,USD_MT,25.514237,29,2021,0
1132,2021-11-12,2021-11-12,TC7,SPOT,USD_MT,25.447458,29,2021,0
1131,2021-11-15,2021-11-15,TC7,SPOT,USD_MT,25.402421,29,2021,0
1130,2021-11-16,2021-11-16,TC7,SPOT,USD_MT,25.430375,29,2021,0
1129,2021-11-17,2021-11-17,TC7,SPOT,USD_MT,25.540638,29,2021,0
1128,2021-11-18,2021-11-18,TC7,SPOT,USD_MT,25.568592,29,2021,0
1127,2021-11-19,2021-11-19,TC7,SPOT,USD_MT,25.568592,29,2021,0
1126,2021-11-22,2021-11-22,TC7,SPOT,USD_MT,25.514237,29,2021,0
1125,2021-11-23,2021-11-23,TC7,SPOT,USD_MT,25.458329,29,2021,0
1124,2021-11-24,2021-11-24,TC7,SPOT,USD_MT,25.424163,29,2021,0
1123,2021-11-25,2021-11-25,TC7,SPOT,USD_MT,25.424163,29,2021,0
1122,2021-11-26,2021-11-26,TC7,SPOT,USD_MT,25.324771,29,2021,0
1121,2021-11-29,2021-11-29,TC7,SPOT,USD_MT,25.180342,29,2021,0
1120,2021-11-30,2021-11-30,TC7,SPOT,USD_MT,25.125987,29,2021,0
1119,2021-12-01,2021-12-01,TC7,SPOT,USD_MT,24.826258,30,2021,0
1118,2021-12-02,2021-12-02,TC7,SPOT,USD_MT,24.570013,30,2021,0
1117,2021-12-03,2021-12-03,TC7,SPOT,USD_MT,24.403842,30,2021,0
1116,2021-12-06,2021-12-06,TC7,SPOT,USD_MT,24.237671,30,2021,0
1115,2021-12-07,2021-12-07,TC7,SPOT,USD_MT,24.0715,30,2021,0
1114,2021-12-08,2021-12-08,TC7,SPOT,USD_MT,24.127408,30,2021,0
1113,2021-12-09,2021-12-09,TC7,SPOT,USD_MT,24.127408,30,2021,0
1112,2021-12-10,2021-12-10,TC7,SPOT,USD_MT,24.248542,30,2021,0
1111,2021-12-13,2021-12-13,TC7,SPOT,USD_MT,24.403842,30,2021,0
1110,2021-12-14,2021-12-14,TC7,SPOT,USD_MT,24.681829,30,2021,0
1109,2021-12-15,2021-12-15,TC7,SPOT,USD_MT,25.568592,30,2021,0
1108,2021-12-16,2021-12-16,TC7,SPOT,USD_MT,27.954,30,2021,0
1107,2021-12-17,2021-12-17,TC7,SPOT,USD_MT,27.954,30,2021,0
1106,2021-12-20,2021-12-20,TC7,SPOT,USD_MT,27.954,30,2021,0
1105,2021-12-21,2021-12-21,TC7,SPOT,USD_MT,27.954,30,2021,0
1104,2021-12-22,2021-12-22,TC7,SPOT,USD_MT,28.009908,30,2021,0
1103,2021-12-23,2021-12-23,TC7,SPOT,USD_MT,28.009908,30,2021,0
1102,2021-12-24,2021-12-24,TC7,SPOT,USD_MT,27.954,30,2021,0
1101,2022-01-03,2022-01-03,TC7,SPOT,USD_MT,27.6372,30,2022,0
1100,2022-01-04,2022-01-04,TC7,SPOT,USD_MT,27.510956,30,2022,0
1099,2022-01-05,2022-01-05,TC7,SPOT,USD_MT,27.413714,30,2022,0
1098,2022-01-06,2022-01-06,TC7,SPOT,USD_MT,27.217524,30,2022,0
1097,2022-01-07,2022-01-07,TC7,SPOT,USD_MT,27.19364,30,2022,0
1096,2022-01-10,2022-01-10,TC7,SPOT,USD_MT,27.205582,30,2022,0
1095,2022-01-11,2022-01-11,TC7,SPOT,USD_MT,27.169756,30,2022,0
1094,2022-01-12,2022-01-12,TC7,SPOT,USD_MT,26.999156,30,2022,0
1093,2022-01-13,2022-01-13,TC7,SPOT,USD_MT,26.888266,30,2022,0
1092,2022-01-14,2022-01-14,TC7,SPOT,USD_MT,26.516358,30,2022,0
1091,2022-01-17,2022-01-17,TC7,SPOT,USD_MT,26.199042,30,2022,0
1090,2022-01-18,2022-01-18,TC7,SPOT,USD_MT,25.833958,30,2022,0
1089,2022-01-19,2022-01-19,TC7,SPOT,USD_MT,25.651416,30,2022,0
1088,2022-01-20,2022-01-20,TC7,SPOT,USD_MT,25.528584,30,2022,0
1087,2022-01-21,2022-01-21,TC7,SPOT,USD_MT,25.516642,30,2022,0
1086,2022-01-24,2022-01-24,TC7,SPOT,USD_MT,25.822016,30,2022,0
1085,2022-01-25,2022-01-25,TC7,SPOT,USD_MT,25.955084,30,2022,0
1084,2022-01-26,2022-01-26,TC7,SPOT,USD_MT,25.955084,30,2022,0
1083,2022-01-27,2022-01-27,TC7,SPOT,USD_MT,26.0165,30,2022,0
1082,2022-01-28,2022-01-28,TC7,SPOT,USD_MT,25.94826,30,2022,0
1081,2022-01-31,2022-01-31,TC7,SPOT,USD_MT,25.919258,30,2022,0
1080,2022-02-03,2022-02-03,TC7,SPOT,USD_MT,25.881726,27,2022,0
1079,2022-02-04,2022-02-04,TC7,SPOT,USD_MT,25.748658,27,2022,0
1078,2022-02-07,2022-02-07,TC7,SPOT,USD_MT,25.625826,27,2022,0
1077,2022-02-08,2022-02-08,TC7,SPOT,USD_MT,25.992616,27,2022,0
1076,2022-02-09,2022-02-09,TC7,SPOT,USD_MT,26.284342,27,2022,0
1075,2022-02-10,2022-02-10,TC7,SPOT,USD_MT,26.454942,27,2022,0
1074,2022-02-11,2022-02-11,TC7,SPOT,USD_MT,26.393526,27,2022,0
1073,2022-02-14,2022-02-14,TC7,SPOT,USD_MT,26.296284,27,2022,0
1072,2022-02-15,2022-02-15,TC7,SPOT,USD_MT,26.260458,27,2022,0
1071,2022-02-16,2022-02-16,TC7,SPOT,USD_MT,26.260458,27,2022,0
1070,2022-02-17,2022-02-17,TC7,SPOT,USD_MT,26.321874,27,2022,0
1069,2022-02-18,2022-02-18,TC7,SPOT,USD_MT,26.381584,27,2022,0
1068,2022-02-21,2022-02-21,TC7,SPOT,USD_MT,26.625542,27,2022,0
1067,2022-02-22,2022-02-22,TC7,SPOT,USD_MT,26.663074,27,2022,0
1066,2022-02-23,2022-02-23,TC7,SPOT,USD_MT,26.663074,27,2022,0
1065,2022-02-24,2022-02-24,TC7,SPOT,USD_MT,27.198758,27,2022,0
1064,2022-02-25,2022-02-25,TC7,SPOT,USD_MT,27.734442,27,2022,0
1063,2022-02-28,2022-02-28,TC7,SPOT,USD_MT,30.098958,27,2022,0
1062,2022-03-01,2022-03-01,TC7,SPOT,USD_MT,30.769416,30,2022,0
1061,2022-03-02,2022-03-02,TC7,SPOT,USD_MT,32.535126,30,2022,0
1060,2022-03-03,2022-03-03,TC7,SPOT,USD_MT,36.76429999999999,30,2022,0
1059,2022-03-04,2022-03-04,TC7,SPOT,USD_MT,37.909026,30,2022,0
1058,2022-03-07,2022-03-07,TC7,SPOT,USD_MT,38.567542,30,2022,0
1057,2022-03-08,2022-03-08,TC7,SPOT,USD_MT,40.212126,30,2022,0
1056,2022-03-09,2022-03-09,TC7,SPOT,USD_MT,40.882584,30,2022,0
1055,2022-03-10,2022-03-10,TC7,SPOT,USD_MT,42.893958,30,2022,0
1054,2022-03-11,2022-03-11,TC7,SPOT,USD_MT,50.814916,30,2022,0
1053,2022-03-14,2022-03-14,TC7,SPOT,USD_MT,51.241416,30,2022,0
1052,2022-03-15,2022-03-15,TC7,SPOT,USD_MT,51.362542,30,2022,0
1051,2022-03-16,2022-03-16,TC7,SPOT,USD_MT,51.241416,30,2022,0
1050,2022-03-17,2022-03-17,TC7,SPOT,USD_MT,50.509542,30,2022,0
1049,2022-03-18,2022-03-18,TC7,SPOT,USD_MT,49.961916,30,2022,0
1048,2022-03-21,2022-03-21,TC7,SPOT,USD_MT,49.0475,30,2022,0
1047,2022-03-22,2022-03-22,TC7,SPOT,USD_MT,48.377042,30,2022,0
1046,2022-03-23,2022-03-23,TC7,SPOT,USD_MT,47.88912599999999,30,2022,0
1045,2022-03-24,2022-03-24,TC7,SPOT,USD_MT,47.220374,30,2022,0
1044,2022-03-25,2022-03-25,TC7,SPOT,USD_MT,46.609626,30,2022,0
1043,2022-03-28,2022-03-28,TC7,SPOT,USD_MT,45.940874,30,2022,0
1042,2022-03-29,2022-03-29,TC7,SPOT,USD_MT,45.209,30,2022,0
1041,2022-03-30,2022-03-30,TC7,SPOT,USD_MT,44.965042,30,2022,0
1040,2022-03-31,2022-03-31,TC7,SPOT,USD_MT,44.599958,30,2022,0
1039,2022-04-01,2022-04-01,TC7,SPOT,USD_MT,44.076216,29,2022,0
1038,2022-04-04,2022-04-04,TC7,SPOT,USD_MT,43.9295,29,2022,0
1037,2022-04-05,2022-04-05,TC7,SPOT,USD_MT,43.197626,29,2022,0
1036,2022-04-06,2022-04-06,TC7,SPOT,USD_MT,42.832542,29,2022,0
1035,2022-04-07,2022-04-07,TC7,SPOT,USD_MT,42.955374,29,2022,0
1034,2022-04-08,2022-04-08,TC7,SPOT,USD_MT,42.893958,29,2022,0
1033,2022-04-11,2022-04-11,TC7,SPOT,USD_MT,43.197626,29,2022,0
1032,2022-04-12,2022-04-12,TC7,SPOT,USD_MT,43.990916,29,2022,0
1031,2022-04-13,2022-04-13,TC7,SPOT,USD_MT,47.158958,29,2022,0
1030,2022-04-14,2022-04-14,TC7,SPOT,USD_MT,47.768,29,2022,0
1029,2022-04-18,2022-04-18,TC7,SPOT,USD_MT,48.073374,29,2022,0
1028,2022-04-19,2022-04-19,TC7,SPOT,USD_MT,48.559584,29,2022,0
1027,2022-04-20,2022-04-20,TC7,SPOT,USD_MT,52.033,29,2022,0
1026,2022-04-21,2022-04-21,TC7,SPOT,USD_MT,53.55645799999999,29,2022,0
1025,2022-04-22,2022-04-22,TC7,SPOT,USD_MT,54.774542,29,2022,0
1024,2022-04-25,2022-04-25,TC7,SPOT,USD_MT,58.735874,29,2022,0
1023,2022-04-26,2022-04-26,TC7,SPOT,USD_MT,59.588874,29,2022,0
1022,2022-04-27,2022-04-27,TC7,SPOT,USD_MT,60.319042,29,2022,0
1021,2022-04-28,2022-04-28,TC7,SPOT,USD_MT,62.390126,29,2022,0
1020,2022-04-29,2022-04-29,TC7,SPOT,USD_MT,63.487084,29,2022,0
1019,2022-05-04,2022-05-04,TC7,SPOT,USD_MT,66.290042,30,2022,0
1018,2022-05-05,2022-05-05,TC7,SPOT,USD_MT,66.777958,30,2022,0
1017,2022-05-06,2022-05-06,TC7,SPOT,USD_MT,67.50812599999999,30,2022,0
1016,2022-05-09,2022-05-09,TC7,SPOT,USD_MT,66.777958,30,2022,0
1015,2022-05-10,2022-05-10,TC7,SPOT,USD_MT,65.986374,30,2022,0
1014,2022-05-11,2022-05-11,TC7,SPOT,USD_MT,64.15754199999999,30,2022,0
1013,2022-05-12,2022-05-12,TC7,SPOT,USD_MT,63.000874,30,2022,0
1012,2022-05-13,2022-05-13,TC7,SPOT,USD_MT,62.20758399999999,30,2022,0
1011,2022-05-17,2022-05-17,TC7,SPOT,USD_MT,60.806958,30,2022,0
1010,2022-05-18,2022-05-18,TC7,SPOT,USD_MT,59.95395799999999,30,2022,0
1009,2022-05-19,2022-05-19,TC7,SPOT,USD_MT,59.222084,30,2022,0
1008,2022-05-20,2022-05-20,TC7,SPOT,USD_MT,57.51608399999999,30,2022,0
1007,2022-05-23,2022-05-23,TC7,SPOT,USD_MT,54.592,30,2022,0
1006,2022-05-24,2022-05-24,TC7,SPOT,USD_MT,52.642042,30,2022,0
1005,2022-05-25,2022-05-25,TC7,SPOT,USD_MT,52.83652599999999,30,2022,0
1004,2022-05-26,2022-05-26,TC7,SPOT,USD_MT,53.129958,30,2022,0
1003,2022-05-27,2022-05-27,TC7,SPOT,USD_MT,53.25108399999999,30,2022,0
1002,2022-05-30,2022-05-30,TC7,SPOT,USD_MT,53.31249999999999,30,2022,0
1001,2022-05-31,2022-05-31,TC7,SPOT,USD_MT,53.703174,30,2022,0
1000,2022-06-01,2022-06-01,TC7,SPOT,USD_MT,53.982958,29,2022,0
999,2022-06-02,2022-06-02,TC7,SPOT,USD_MT,54.957084,29,2022,0
998,2022-06-03,2022-06-03,TC7,SPOT,USD_MT,57.394958,29,2022,0
997,2022-06-06,2022-06-06,TC7,SPOT,USD_MT,59.83112599999999,29,2022,0
996,2022-06-07,2022-06-07,TC7,SPOT,USD_MT,63.365958,29,2022,0
995,2022-06-08,2022-06-08,TC7,SPOT,USD_MT,69.824874,29,2022,0
994,2022-06-09,2022-06-09,TC7,SPOT,USD_MT,78.354874,29,2022,0
993,2022-06-10,2022-06-10,TC7,SPOT,USD_MT,80.060874,29,2022,0
992,2022-06-13,2022-06-13,TC7,SPOT,USD_MT,80.547084,29,2022,0
991,2022-06-14,2022-06-14,TC7,SPOT,USD_MT,81.88799999999999,29,2022,0
990,2022-06-15,2022-06-15,TC7,SPOT,USD_MT,82.86212599999999,29,2022,0
989,2022-06-16,2022-06-16,TC7,SPOT,USD_MT,83.594,29,2022,0
988,2022-06-17,2022-06-17,TC7,SPOT,USD_MT,84.32587399999998,29,2022,0
987,2022-06-20,2022-06-20,TC7,SPOT,USD_MT,84.690958,29,2022,0
986,2022-06-21,2022-06-21,TC7,SPOT,USD_MT,84.812084,29,2022,0
985,2022-06-22,2022-06-22,TC7,SPOT,USD_MT,85.17887400000001,29,2022,0
984,2022-06-23,2022-06-23,TC7,SPOT,USD_MT,85.84762599999999,29,2022,0
983,2022-06-24,2022-06-24,TC7,SPOT,USD_MT,85.3,29,2022,0
982,2022-06-27,2022-06-27,TC7,SPOT,USD_MT,84.203042,29,2022,0
981,2022-06-28,2022-06-28,TC7,SPOT,USD_MT,83.47287399999999,29,2022,0
980,2022-06-29,2022-06-29,TC7,SPOT,USD_MT,80.79104199999999,29,2022,0
979,2022-06-30,2022-06-30,TC7,SPOT,USD_MT,77.501874,29,2022,0
978,2022-07-01,2022-07-01,TC7,SPOT,USD_MT,76.282084,30,2022,0
977,2022-07-04,2022-07-04,TC7,SPOT,USD_MT,75.673042,30,2022,0
976,2022-07-05,2022-07-05,TC7,SPOT,USD_MT,73.35799999999999,30,2022,0
975,2022-07-06,2022-07-06,TC7,SPOT,USD_MT,71.408042,30,2022,0
974,2022-07-07,2022-07-07,TC7,SPOT,USD_MT,71.2255,30,2022,0
973,2022-07-08,2022-07-08,TC7,SPOT,USD_MT,71.652,30,2022,0
972,2022-07-12,2022-07-12,TC7,SPOT,USD_MT,72.139916,30,2022,0
971,2022-07-13,2022-07-13,TC7,SPOT,USD_MT,72.48111599999999,30,2022,0
970,2022-07-14,2022-07-14,TC7,SPOT,USD_MT,72.60224199999999,30,2022,0
969,2022-07-15,2022-07-15,TC7,SPOT,USD_MT,72.62612599999999,30,2022,0
968,2022-07-18,2022-07-18,TC7,SPOT,USD_MT,72.505,30,2022,0
967,2022-07-19,2022-07-19,TC7,SPOT,USD_MT,72.26104199999999,30,2022,0
966,2022-07-20,2022-07-20,TC7,SPOT,USD_MT,71.834542,30,2022,0
965,2022-07-21,2022-07-21,TC7,SPOT,USD_MT,71.530874,30,2022,0
964,2022-07-22,2022-07-22,TC7,SPOT,USD_MT,71.469458,30,2022,0
963,2022-07-25,2022-07-25,TC7,SPOT,USD_MT,71.164084,30,2022,0
962,2022-07-26,2022-07-26,TC7,SPOT,USD_MT,70.87235799999999,30,2022,0
961,2022-07-27,2022-07-27,TC7,SPOT,USD_MT,70.251374,30,2022,0
960,2022-07-28,2022-07-28,TC7,SPOT,USD_MT,68.91045799999999,30,2022,0
959,2022-07-29,2022-07-29,TC7,SPOT,USD_MT,68.251942,30,2022,0
958,2022-08-01,2022-08-01,TC7,SPOT,USD_MT,67.58148399999999,30,2022,0
957,2022-08-02,2022-08-02,TC7,SPOT,USD_MT,67.069684,30,2022,0
956,2022-08-03,2022-08-03,TC7,SPOT,USD_MT,66.412874,30,2022,0
955,2022-08-04,2022-08-04,TC7,SPOT,USD_MT,64.64545799999999,30,2022,0
954,2022-08-05,2022-08-05,TC7,SPOT,USD_MT,63.5485,30,2022,0
953,2022-08-08,2022-08-08,TC7,SPOT,USD_MT,63.122,30,2022,0
952,2022-08-10,2022-08-10,TC7,SPOT,USD_MT,62.87804199999999,30,2022,0
951,2022-08-11,2022-08-11,TC7,SPOT,USD_MT,62.036984,30,2022,0
950,2022-08-12,2022-08-12,TC7,SPOT,USD_MT,61.598542,30,2022,0
949,2022-08-15,2022-08-15,TC7,SPOT,USD_MT,61.172042,30,2022,0
948,2022-08-16,2022-08-16,TC7,SPOT,USD_MT,60.76942599999999,30,2022,0
947,2022-08-17,2022-08-17,TC7,SPOT,USD_MT,61.294874,30,2022,0
946,2022-08-18,2022-08-18,TC7,SPOT,USD_MT,61.74525799999999,30,2022,0
945,2022-08-19,2022-08-19,TC7,SPOT,USD_MT,61.96362599999999,30,2022,0
944,2022-08-22,2022-08-22,TC7,SPOT,USD_MT,62.074516,30,2022,0
943,2022-08-23,2022-08-23,TC7,SPOT,USD_MT,61.95168399999999,30,2022,0
942,2022-08-24,2022-08-24,TC7,SPOT,USD_MT,61.8425,30,2022,0
941,2022-08-25,2022-08-25,TC7,SPOT,USD_MT,61.537126,30,2022,0
940,2022-08-26,2022-08-26,TC7,SPOT,USD_MT,62.20758399999999,30,2022,0
939,2022-08-29,2022-08-29,TC7,SPOT,USD_MT,63.792458,30,2022,0
938,2022-08-30,2022-08-30,TC7,SPOT,USD_MT,65.498458,30,2022,0
937,2022-08-31,2022-08-31,TC7,SPOT,USD_MT,66.655126,30,2022,0
936,2022-09-01,2022-09-01,TC7,SPOT,USD_MT,69.39837399999999,29,2022,0
935,2022-09-02,2022-09-02,TC7,SPOT,USD_MT,70.00741599999999,29,2022,0
934,2022-09-05,2022-09-05,TC7,SPOT,USD_MT,70.860416,29,2022,0
933,2022-09-06,2022-09-06,TC7,SPOT,USD_MT,73.28464199999999,29,2022,0
932,2022-09-07,2022-09-07,TC7,SPOT,USD_MT,80.060874,29,2022,0
931,2022-09-08,2022-09-08,TC7,SPOT,USD_MT,81.69351599999999,29,2022,0
930,2022-09-09,2022-09-09,TC7,SPOT,USD_MT,82.25308399999999,29,2022,0
929,2022-09-12,2022-09-12,TC7,SPOT,USD_MT,82.67958399999999,29,2022,0
928,2022-09-13,2022-09-13,TC7,SPOT,USD_MT,83.046374,29,2022,0
927,2022-09-14,2022-09-14,TC7,SPOT,USD_MT,84.264458,29,2022,0
926,2022-09-15,2022-09-15,TC7,SPOT,USD_MT,84.97074199999999,29,2022,0
925,2022-09-16,2022-09-16,TC7,SPOT,USD_MT,85.482542,29,2022,0
924,2022-09-19,2022-09-19,TC7,SPOT,USD_MT,85.970458,29,2022,0
923,2022-09-20,2022-09-20,TC7,SPOT,USD_MT,86.32359999999998,29,2022,0
922,2022-09-21,2022-09-21,TC7,SPOT,USD_MT,86.53002599999999,29,2022,0
921,2022-09-22,2022-09-22,TC7,SPOT,USD_MT,86.53002599999999,29,2022,0
920,2022-09-23,2022-09-23,TC7,SPOT,USD_MT,86.15299999999999,29,2022,0
919,2022-09-26,2022-09-26,TC7,SPOT,USD_MT,85.47059999999999,29,2022,0
918,2022-09-27,2022-09-27,TC7,SPOT,USD_MT,84.19109999999999,29,2022,0
917,2022-09-28,2022-09-28,TC7,SPOT,USD_MT,81.217542,29,2022,0
916,2022-09-29,2022-09-29,TC7,SPOT,USD_MT,78.11091599999999,29,2022,0
915,2022-09-30,2022-09-30,TC7,SPOT,USD_MT,74.94287399999999,29,2022,0
914,2022-10-03,2022-10-03,TC7,SPOT,USD_MT,72.322458,30,2022,0
913,2022-10-04,2022-10-04,TC7,SPOT,USD_MT,71.042958,30,2022,0
912,2022-10-05,2022-10-05,TC7,SPOT,USD_MT,68.313358,30,2022,0
911,2022-10-06,2022-10-06,TC7,SPOT,USD_MT,63.609916,30,2022,0
910,2022-10-07,2022-10-07,TC7,SPOT,USD_MT,61.8425,30,2022,0
909,2022-10-10,2022-10-10,TC7,SPOT,USD_MT,59.83112599999999,30,2022,0
908,2022-10-11,2022-10-11,TC7,SPOT,USD_MT,59.356858,30,2022,0
907,2022-10-12,2022-10-12,TC7,SPOT,USD_MT,59.039542,30,2022,0
906,2022-10-13,2022-10-13,TC7,SPOT,USD_MT,58.918416,30,2022,0
905,2022-10-14,2022-10-14,TC7,SPOT,USD_MT,58.918416,30,2022,0
904,2022-10-17,2022-10-17,TC7,SPOT,USD_MT,59.2835,30,2022,0
903,2022-10-18,2022-10-18,TC7,SPOT,USD_MT,59.344916,30,2022,0
902,2022-10-19,2022-10-19,TC7,SPOT,USD_MT,59.527458,30,2022,0
901,2022-10-20,2022-10-20,TC7,SPOT,USD_MT,59.344916,30,2022,0
900,2022-10-21,2022-10-21,TC7,SPOT,USD_MT,59.21014199999999,30,2022,0
899,2022-10-25,2022-10-25,TC7,SPOT,USD_MT,58.735874,30,2022,0
898,2022-10-26,2022-10-26,TC7,SPOT,USD_MT,58.418558,30,2022,0
897,2022-10-27,2022-10-27,TC7,SPOT,USD_MT,58.247958,30,2022,0
896,2022-10-28,2022-10-28,TC7,SPOT,USD_MT,57.82145799999999,30,2022,0
895,2022-10-31,2022-10-31,TC7,SPOT,USD_MT,56.968458,30,2022,0
894,2022-11-01,2022-11-01,TC7,SPOT,USD_MT,56.41912599999999,29,2022,0
893,2022-11-02,2022-11-02,TC7,SPOT,USD_MT,55.762316,29,2022,0
892,2022-11-03,2022-11-03,TC7,SPOT,USD_MT,54.897374,29,2022,0
891,2022-11-04,2022-11-04,TC7,SPOT,USD_MT,57.029874,29,2022,0
890,2022-11-07,2022-11-07,TC7,SPOT,USD_MT,58.369084,29,2022,0
889,2022-11-08,2022-11-08,TC7,SPOT,USD_MT,58.61304199999999,29,2022,0
888,2022-11-09,2022-11-09,TC7,SPOT,USD_MT,59.039542,29,2022,0
887,2022-11-10,2022-11-10,TC7,SPOT,USD_MT,59.71,29,2022,0
886,2022-11-11,2022-11-11,TC7,SPOT,USD_MT,61.050916,29,2022,0
885,2022-11-14,2022-11-14,TC7,SPOT,USD_MT,62.87804199999999,29,2022,0
884,2022-11-15,2022-11-15,TC7,SPOT,USD_MT,63.792458,29,2022,0
883,2022-11-16,2022-11-16,TC7,SPOT,USD_MT,63.853874,29,2022,0
882,2022-11-17,2022-11-17,TC7,SPOT,USD_MT,64.53627399999999,29,2022,0
881,2022-11-18,2022-11-18,TC7,SPOT,USD_MT,66.595416,29,2022,0
880,2022-11-21,2022-11-21,TC7,SPOT,USD_MT,67.752084,29,2022,0
879,2022-11-22,2022-11-22,TC7,SPOT,USD_MT,69.45808399999999,29,2022,0
878,2022-11-23,2022-11-23,TC7,SPOT,USD_MT,70.12854199999998,29,2022,0
877,2022-11-24,2022-11-24,TC7,SPOT,USD_MT,70.61645800000001,29,2022,0
876,2022-11-25,2022-11-25,TC7,SPOT,USD_MT,71.286916,29,2022,0
875,2022-11-28,2022-11-28,TC7,SPOT,USD_MT,72.017084,29,2022,0
874,2022-11-29,2022-11-29,TC7,SPOT,USD_MT,72.505,29,2022,0
873,2022-11-30,2022-11-30,TC7,SPOT,USD_MT,72.992916,29,2022,0
872,2022-12-01,2022-12-01,TC7,SPOT,USD_MT,74.137642,30,2022,0
871,2022-12-02,2022-12-02,TC7,SPOT,USD_MT,75.4905,30,2022,0
870,2022-12-05,2022-12-05,TC7,SPOT,USD_MT,75.611626,30,2022,0
869,2022-12-06,2022-12-06,TC7,SPOT,USD_MT,78.59712599999999,30,2022,0
868,2022-12-07,2022-12-07,TC7,SPOT,USD_MT,78.41458399999999,30,2022,0
867,2022-12-08,2022-12-08,TC7,SPOT,USD_MT,77.744126,30,2022,0
866,2022-12-09,2022-12-09,TC7,SPOT,USD_MT,77.62299999999999,30,2022,0
865,2022-12-12,2022-12-12,TC7,SPOT,USD_MT,77.379042,30,2022,0
864,2022-12-13,2022-12-13,TC7,SPOT,USD_MT,77.0259,30,2022,0
863,2022-12-14,2022-12-14,TC7,SPOT,USD_MT,76.63522599999999,30,2022,0
862,2022-12-15,2022-12-15,TC7,SPOT,USD_MT,76.149016,30,2022,0
861,2022-12-16,2022-12-16,TC7,SPOT,USD_MT,75.06400000000001,30,2022,0
860,2022-12-19,2022-12-19,TC7,SPOT,USD_MT,74.161526,30,2022,0
859,2022-12-20,2022-12-20,TC7,SPOT,USD_MT,73.419416,30,2022,0
858,2022-12-21,2022-12-21,TC7,SPOT,USD_MT,72.810374,30,2022,0
857,2022-12-22,2022-12-22,TC7,SPOT,USD_MT,69.88458399999999,30,2022,0
856,2022-12-23,2022-12-23,TC7,SPOT,USD_MT,68.42254199999999,30,2022,0
855,2023-01-03,2023-01-03,TC7,SPOT,USD_MT,63.93972,30,2023,0
854,2023-01-04,2023-01-04,TC7,SPOT,USD_MT,62.67696,30,2023,0
853,2023-01-05,2023-01-05,TC7,SPOT,USD_MT,60.79811999999999,30,2023,0
852,2023-01-06,2023-01-06,TC7,SPOT,USD_MT,58.49088,30,2023,0
851,2023-01-09,2023-01-09,TC7,SPOT,USD_MT,53.65811999999999,30,2023,0
850,2023-01-10,2023-01-10,TC7,SPOT,USD_MT,50.98776,30,2023,0
849,2023-01-11,2023-01-11,TC7,SPOT,USD_MT,50.70828,30,2023,0
848,2023-01-12,2023-01-12,TC7,SPOT,USD_MT,49.98,30,2023,0
847,2023-01-13,2023-01-13,TC7,SPOT,USD_MT,46.92,30,2023,0
846,2023-01-16,2023-01-16,TC7,SPOT,USD_MT,46.48344,30,2023,0
845,2023-01-17,2023-01-17,TC7,SPOT,USD_MT,42.25655999999999,30,2023,0
844,2023-01-18,2023-01-18,TC7,SPOT,USD_MT,40.94483999999999,30,2023,0
843,2023-01-19,2023-01-19,TC7,SPOT,USD_MT,40.50828,30,2023,0
842,2023-01-20,2023-01-20,TC7,SPOT,USD_MT,40.37772,30,2023,0
841,2023-01-23,2023-01-23,TC7,SPOT,USD_MT,40.37772,30,2023,0
840,2023-01-24,2023-01-24,TC7,SPOT,USD_MT,40.37772,30,2023,0
839,2023-01-25,2023-01-25,TC7,SPOT,USD_MT,40.30428,30,2023,0
838,2023-01-26,2023-01-26,TC7,SPOT,USD_MT,39.99828,30,2023,0
837,2023-01-27,2023-01-27,TC7,SPOT,USD_MT,40.21656,30,2023,0
836,2023-01-30,2023-01-30,TC7,SPOT,USD_MT,41.89344000000001,30,2023,0
835,2023-01-31,2023-01-31,TC7,SPOT,USD_MT,42.82572,30,2023,0
834,2023-02-01,2023-02-01,TC7,SPOT,USD_MT,55.51656,27,2023,0
833,2023-02-02,2023-02-02,TC7,SPOT,USD_MT,56.31828,27,2023,0
832,2023-02-03,2023-02-03,TC7,SPOT,USD_MT,61.2,27,2023,0
831,2023-02-06,2023-02-06,TC7,SPOT,USD_MT,61.49172,27,2023,0
830,2023-02-07,2023-02-07,TC7,SPOT,USD_MT,60.90828,27,2023,0
829,2023-02-08,2023-02-08,TC7,SPOT,USD_MT,59.37827999999999,27,2023,0
828,2023-02-09,2023-02-09,TC7,SPOT,USD_MT,57.55655999999999,27,2023,0
827,2023-02-10,2023-02-10,TC7,SPOT,USD_MT,57.41172,27,2023,0
826,2023-02-13,2023-02-13,TC7,SPOT,USD_MT,56.82827999999999,27,2023,0
825,2023-02-14,2023-02-14,TC7,SPOT,USD_MT,55.60427999999999,27,2023,0
824,2023-02-15,2023-02-15,TC7,SPOT,USD_MT,52.60344,27,2023,0
823,2023-02-16,2023-02-16,TC7,SPOT,USD_MT,52.16484,27,2023,0
822,2023-02-17,2023-02-17,TC7,SPOT,USD_MT,52.31172,27,2023,0
821,2023-02-20,2023-02-20,TC7,SPOT,USD_MT,53.04,27,2023,0
820,2023-02-21,2023-02-21,TC7,SPOT,USD_MT,56.33256,27,2023,0
819,2023-02-22,2023-02-22,TC7,SPOT,USD_MT,57.426,27,2023,0
818,2023-02-23,2023-02-23,TC7,SPOT,USD_MT,56.46516,27,2023,0
817,2023-02-24,2023-02-24,TC7,SPOT,USD_MT,55.37172,27,2023,0
816,2023-02-27,2023-02-27,TC7,SPOT,USD_MT,53.76828,27,2023,0
815,2023-02-28,2023-02-28,TC7,SPOT,USD_MT,49.68827999999999,27,2023,0
814,2023-03-01,2023-03-01,TC7,SPOT,USD_MT,48.96,30,2023,0
813,2023-03-02,2023-03-02,TC7,SPOT,USD_MT,48.01344,30,2023,0
812,2023-03-03,2023-03-03,TC7,SPOT,USD_MT,44.44344,30,2023,0
811,2023-03-06,2023-03-06,TC7,SPOT,USD_MT,43.35,30,2023,0
810,2023-03-07,2023-03-07,TC7,SPOT,USD_MT,41.89344000000001,30,2023,0
809,2023-03-08,2023-03-08,TC7,SPOT,USD_MT,40.07172,30,2023,0
808,2023-03-09,2023-03-09,TC7,SPOT,USD_MT,38.46827999999999,30,2023,0
807,2023-03-10,2023-03-10,TC7,SPOT,USD_MT,35.99171999999999,30,2023,0
806,2023-03-13,2023-03-13,TC7,SPOT,USD_MT,34.89827999999999,30,2023,0
805,2023-03-14,2023-03-14,TC7,SPOT,USD_MT,34.75344,30,2023,0
804,2023-03-15,2023-03-15,TC7,SPOT,USD_MT,34.46172,30,2023,0
803,2023-03-16,2023-03-16,TC7,SPOT,USD_MT,34.34544,30,2023,0
802,2023-03-17,2023-03-17,TC7,SPOT,USD_MT,34.49844,30,2023,0
801,2023-03-20,2023-03-20,TC7,SPOT,USD_MT,34.89827999999999,30,2023,0
800,2023-03-21,2023-03-21,TC7,SPOT,USD_MT,37.66656,30,2023,0
799,2023-03-22,2023-03-22,TC7,SPOT,USD_MT,41.90772,30,2023,0
798,2023-03-23,2023-03-23,TC7,SPOT,USD_MT,43.42344,30,2023,0
797,2023-03-24,2023-03-24,TC7,SPOT,USD_MT,46.19172,30,2023,0
796,2023-03-27,2023-03-27,TC7,SPOT,USD_MT,46.77515999999999,30,2023,0
795,2023-03-28,2023-03-28,TC7,SPOT,USD_MT,46.77515999999999,30,2023,0
794,2023-03-29,2023-03-29,TC7,SPOT,USD_MT,48.96,30,2023,0
793,2023-03-30,2023-03-30,TC7,SPOT,USD_MT,49.39656,30,2023,0
792,2023-03-31,2023-03-31,TC7,SPOT,USD_MT,49.99428,30,2023,0
791,2023-04-03,2023-04-03,TC7,SPOT,USD_MT,49.90655999999999,29,2023,0
790,2023-04-04,2023-04-04,TC7,SPOT,USD_MT,50.27172,29,2023,0
789,2023-04-05,2023-04-05,TC7,SPOT,USD_MT,51.07344,29,2023,0
788,2023-04-06,2023-04-06,TC7,SPOT,USD_MT,51.65484,29,2023,0
787,2023-04-10,2023-04-10,TC7,SPOT,USD_MT,51.87516,29,2023,0
786,2023-04-11,2023-04-11,TC7,SPOT,USD_MT,52.02,29,2023,0
785,2023-04-12,2023-04-12,TC7,SPOT,USD_MT,52.74828,29,2023,0
784,2023-04-13,2023-04-13,TC7,SPOT,USD_MT,53.47655999999999,29,2023,0
783,2023-04-14,2023-04-14,TC7,SPOT,USD_MT,53.71116,29,2023,0
782,2023-04-17,2023-04-17,TC7,SPOT,USD_MT,53.49083999999999,29,2023,0
781,2023-04-18,2023-04-18,TC7,SPOT,USD_MT,53.49083999999999,29,2023,0
780,2023-04-19,2023-04-19,TC7,SPOT,USD_MT,54.73116,29,2023,0
779,2023-04-20,2023-04-20,TC7,SPOT,USD_MT,54.94944,29,2023,0
778,2023-04-21,2023-04-21,TC7,SPOT,USD_MT,55.08,29,2023,0
777,2023-04-24,2023-04-24,TC7,SPOT,USD_MT,54.56999999999999,29,2023,0
776,2023-04-25,2023-04-25,TC7,SPOT,USD_MT,53.69483999999999,29,2023,0
775,2023-04-26,2023-04-26,TC7,SPOT,USD_MT,52.23827999999999,29,2023,0
774,2023-04-27,2023-04-27,TC7,SPOT,USD_MT,51.29172,29,2023,0
773,2023-04-28,2023-04-28,TC7,SPOT,USD_MT,50.19828,29,2023,0
772,2023-05-02,2023-05-02,TC7,SPOT,USD_MT,48.37656,30,2023,0
771,2023-05-03,2023-05-03,TC7,SPOT,USD_MT,47.94,30,2023,0
770,2023-05-04,2023-05-04,TC7,SPOT,USD_MT,49.17828,30,2023,0
769,2023-05-05,2023-05-05,TC7,SPOT,USD_MT,49.68827999999999,30,2023,0
768,2023-05-08,2023-05-08,TC7,SPOT,USD_MT,50.082,30,2023,0
767,2023-05-09,2023-05-09,TC7,SPOT,USD_MT,50.92656,30,2023,0
766,2023-05-10,2023-05-10,TC7,SPOT,USD_MT,51.36516,30,2023,0
765,2023-05-11,2023-05-11,TC7,SPOT,USD_MT,51.29172,30,2023,0
764,2023-05-12,2023-05-12,TC7,SPOT,USD_MT,51.43655999999999,30,2023,0
763,2023-05-15,2023-05-15,TC7,SPOT,USD_MT,51.14484,30,2023,0
762,2023-05-16,2023-05-16,TC7,SPOT,USD_MT,50.70828,30,2023,0
761,2023-05-17,2023-05-17,TC7,SPOT,USD_MT,50.54915999999999,30,2023,0
760,2023-05-18,2023-05-18,TC7,SPOT,USD_MT,50.24928,30,2023,0
759,2023-05-19,2023-05-19,TC7,SPOT,USD_MT,52.74828,30,2023,0
758,2023-05-22,2023-05-22,TC7,SPOT,USD_MT,52.06284,30,2023,0
757,2023-05-23,2023-05-23,TC7,SPOT,USD_MT,51.72827999999999,30,2023,0
756,2023-05-24,2023-05-24,TC7,SPOT,USD_MT,51.65484,30,2023,0
755,2023-05-25,2023-05-25,TC7,SPOT,USD_MT,51.36516,30,2023,0
754,2023-05-26,2023-05-26,TC7,SPOT,USD_MT,50.02284,30,2023,0
753,2023-05-29,2023-05-29,TC7,SPOT,USD_MT,49.17828,30,2023,0
752,2023-05-30,2023-05-30,TC7,SPOT,USD_MT,47.79515999999999,30,2023,0
751,2023-05-31,2023-05-31,TC7,SPOT,USD_MT,46.04483999999999,30,2023,0
750,2023-06-01,2023-06-01,TC7,SPOT,USD_MT,44.73515999999999,29,2023,0
749,2023-06-05,2023-06-05,TC7,SPOT,USD_MT,43.49484,29,2023,0
748,2023-06-06,2023-06-06,TC7,SPOT,USD_MT,41.74656,29,2023,0
747,2023-06-07,2023-06-07,TC7,SPOT,USD_MT,41.01828,29,2023,0
746,2023-06-08,2023-06-08,TC7,SPOT,USD_MT,40.72656,29,2023,0
745,2023-06-09,2023-06-09,TC7,SPOT,USD_MT,41.60171999999999,29,2023,0
744,2023-06-12,2023-06-12,TC7,SPOT,USD_MT,41.89344000000001,29,2023,0
743,2023-06-13,2023-06-13,TC7,SPOT,USD_MT,41.23656,29,2023,0
742,2023-06-14,2023-06-14,TC7,SPOT,USD_MT,39.63515999999999,29,2023,0
741,2023-06-15,2023-06-15,TC7,SPOT,USD_MT,39.12516,29,2023,0
740,2023-06-16,2023-06-16,TC7,SPOT,USD_MT,38.97827999999999,29,2023,0
739,2023-06-19,2023-06-19,TC7,SPOT,USD_MT,38.92115999999999,29,2023,0
738,2023-06-20,2023-06-20,TC7,SPOT,USD_MT,38.51315999999999,29,2023,0
737,2023-06-21,2023-06-21,TC7,SPOT,USD_MT,38.22144,29,2023,0
736,2023-06-22,2023-06-22,TC7,SPOT,USD_MT,38.13372,29,2023,0
735,2023-06-23,2023-06-23,TC7,SPOT,USD_MT,37.92972,29,2023,0
734,2023-06-26,2023-06-26,TC7,SPOT,USD_MT,37.23,29,2023,0
733,2023-06-27,2023-06-27,TC7,SPOT,USD_MT,36.22427999999999,29,2023,0
732,2023-06-28,2023-06-28,TC7,SPOT,USD_MT,35.35115999999999,29,2023,0
731,2023-06-30,2023-06-30,TC7,SPOT,USD_MT,35.02884,29,2023,0
730,2023-07-03,2023-07-03,TC7,SPOT,USD_MT,34.38827999999999,30,2023,0
729,2023-07-04,2023-07-04,TC7,SPOT,USD_MT,34.02516,30,2023,0
728,2023-07-05,2023-07-05,TC7,SPOT,USD_MT,33.71916,30,2023,0
727,2023-07-06,2023-07-06,TC7,SPOT,USD_MT,33.64572,30,2023,0
726,2023-07-07,2023-07-07,TC7,SPOT,USD_MT,33.73344,30,2023,0
725,2023-07-10,2023-07-10,TC7,SPOT,USD_MT,33.73344,30,2023,0
724,2023-07-11,2023-07-11,TC7,SPOT,USD_MT,34.38827999999999,30,2023,0
723,2023-07-12,2023-07-12,TC7,SPOT,USD_MT,35.26344,30,2023,0
722,2023-07-13,2023-07-13,TC7,SPOT,USD_MT,40.8,30,2023,0
721,2023-07-14,2023-07-14,TC7,SPOT,USD_MT,40.87344,30,2023,0
720,2023-07-17,2023-07-17,TC7,SPOT,USD_MT,41.52828,30,2023,0
719,2023-07-18,2023-07-18,TC7,SPOT,USD_MT,43.13172,30,2023,0
718,2023-07-19,2023-07-19,TC7,SPOT,USD_MT,43.93344,30,2023,0
717,2023-07-20,2023-07-20,TC7,SPOT,USD_MT,44.00484,30,2023,0
716,2023-07-21,2023-07-21,TC7,SPOT,USD_MT,44.00484,30,2023,0
715,2023-07-24,2023-07-24,TC7,SPOT,USD_MT,43.42344,30,2023,0
714,2023-07-25,2023-07-25,TC7,SPOT,USD_MT,43.27656,30,2023,0
713,2023-07-26,2023-07-26,TC7,SPOT,USD_MT,43.35,30,2023,0
712,2023-07-27,2023-07-27,TC7,SPOT,USD_MT,43.35,30,2023,0
711,2023-07-28,2023-07-28,TC7,SPOT,USD_MT,43.71516,30,2023,0
710,2023-07-31,2023-07-31,TC7,SPOT,USD_MT,44.00484,30,2023,0
709,2023-08-01,2023-08-01,TC7,SPOT,USD_MT,43.758,30,2023,0
708,2023-08-02,2023-08-02,TC7,SPOT,USD_MT,43.42344,30,2023,0
707,2023-08-03,2023-08-03,TC7,SPOT,USD_MT,42.98484,30,2023,0
706,2023-08-04,2023-08-04,TC7,SPOT,USD_MT,42.92772,30,2023,0
705,2023-08-07,2023-08-07,TC7,SPOT,USD_MT,42.98484,30,2023,0
704,2023-08-08,2023-08-08,TC7,SPOT,USD_MT,43.20516,30,2023,0
703,2023-08-10,2023-08-10,TC7,SPOT,USD_MT,43.49484,30,2023,0
702,2023-08-11,2023-08-11,TC7,SPOT,USD_MT,44.51484,30,2023,0
701,2023-08-14,2023-08-14,TC7,SPOT,USD_MT,44.88,30,2023,0
700,2023-08-15,2023-08-15,TC7,SPOT,USD_MT,44.58827999999999,30,2023,0
699,2023-08-16,2023-08-16,TC7,SPOT,USD_MT,43.93344,30,2023,0
698,2023-08-17,2023-08-17,TC7,SPOT,USD_MT,43.35,30,2023,0
697,2023-08-18,2023-08-18,TC7,SPOT,USD_MT,43.13172,30,2023,0
696,2023-08-21,2023-08-21,TC7,SPOT,USD_MT,42.97055999999999,30,2023,0
695,2023-08-22,2023-08-22,TC7,SPOT,USD_MT,41.65884,30,2023,0
694,2023-08-23,2023-08-23,TC7,SPOT,USD_MT,41.22227999999999,30,2023,0
693,2023-08-24,2023-08-24,TC7,SPOT,USD_MT,40.71228,30,2023,0
692,2023-08-25,2023-08-25,TC7,SPOT,USD_MT,40.34916,30,2023,0
691,2023-08-28,2023-08-28,TC7,SPOT,USD_MT,40.11456,30,2023,0
690,2023-08-29,2023-08-29,TC7,SPOT,USD_MT,39.12516,30,2023,0
689,2023-08-30,2023-08-30,TC7,SPOT,USD_MT,39.27,30,2023,0
688,2023-08-31,2023-08-31,TC7,SPOT,USD_MT,40.8,30,2023,0
687,2023-09-04,2023-09-04,TC7,SPOT,USD_MT,45.31656,29,2023,0
686,2023-09-05,2023-09-05,TC7,SPOT,USD_MT,50.12484,29,2023,0
685,2023-09-06,2023-09-06,TC7,SPOT,USD_MT,51.36516,29,2023,0
684,2023-09-07,2023-09-07,TC7,SPOT,USD_MT,51.80172,29,2023,0
683,2023-09-08,2023-09-08,TC7,SPOT,USD_MT,51.43655999999999,29,2023,0
682,2023-09-11,2023-09-11,TC7,SPOT,USD_MT,51.29172,29,2023,0
681,2023-09-12,2023-09-12,TC7,SPOT,USD_MT,51.29172,29,2023,0
680,2023-09-13,2023-09-13,TC7,SPOT,USD_MT,51.72827999999999,29,2023,0
679,2023-09-14,2023-09-14,TC7,SPOT,USD_MT,51.94655999999999,29,2023,0
678,2023-09-15,2023-09-15,TC7,SPOT,USD_MT,52.23827999999999,29,2023,0
677,2023-09-18,2023-09-18,TC7,SPOT,USD_MT,53.62344,29,2023,0
676,2023-09-19,2023-09-19,TC7,SPOT,USD_MT,54.20483999999999,29,2023,0
675,2023-09-20,2023-09-20,TC7,SPOT,USD_MT,54.13343999999999,29,2023,0
674,2023-09-21,2023-09-21,TC7,SPOT,USD_MT,53.62344,29,2023,0
673,2023-09-22,2023-09-22,TC7,SPOT,USD_MT,52.82172,29,2023,0
672,2023-09-25,2023-09-25,TC7,SPOT,USD_MT,51.67115999999999,29,2023,0
671,2023-09-26,2023-09-26,TC7,SPOT,USD_MT,50.92656,29,2023,0
670,2023-09-27,2023-09-27,TC7,SPOT,USD_MT,50.24316,29,2023,0
669,2023-09-28,2023-09-28,TC7,SPOT,USD_MT,49.83516,29,2023,0
668,2023-09-29,2023-09-29,TC7,SPOT,USD_MT,49.17828,29,2023,0
667,2023-10-02,2023-10-02,TC7,SPOT,USD_MT,48.81516,30,2023,0
666,2023-10-03,2023-10-03,TC7,SPOT,USD_MT,48.52344,30,2023,0
665,2023-10-04,2023-10-04,TC7,SPOT,USD_MT,48.74172,30,2023,0
664,2023-10-05,2023-10-05,TC7,SPOT,USD_MT,49.68827999999999,30,2023,0
663,2023-10-06,2023-10-06,TC7,SPOT,USD_MT,50.43084,30,2023,0
662,2023-10-09,2023-10-09,TC7,SPOT,USD_MT,51.14484,30,2023,0
661,2023-10-10,2023-10-10,TC7,SPOT,USD_MT,51.36516,30,2023,0
660,2023-10-11,2023-10-11,TC7,SPOT,USD_MT,51.408,30,2023,0
659,2023-10-12,2023-10-12,TC7,SPOT,USD_MT,51.48144,30,2023,0
658,2023-10-13,2023-10-13,TC7,SPOT,USD_MT,53.25828,30,2023,0
657,2023-10-16,2023-10-16,TC7,SPOT,USD_MT,53.33172,30,2023,0
656,2023-10-17,2023-10-17,TC7,SPOT,USD_MT,51.56915999999999,30,2023,0
655,2023-10-18,2023-10-18,TC7,SPOT,USD_MT,47.94,30,2023,0
654,2023-10-19,2023-10-19,TC7,SPOT,USD_MT,47.64828,30,2023,0
653,2023-10-20,2023-10-20,TC7,SPOT,USD_MT,47.10972,30,2023,0
652,2023-10-23,2023-10-23,TC7,SPOT,USD_MT,45.04116,30,2023,0
651,2023-10-24,2023-10-24,TC7,SPOT,USD_MT,44.58827999999999,30,2023,0
650,2023-10-25,2023-10-25,TC7,SPOT,USD_MT,43.97628,30,2023,0
649,2023-10-26,2023-10-26,TC7,SPOT,USD_MT,43.56828,30,2023,0
648,2023-10-27,2023-10-27,TC7,SPOT,USD_MT,42.03827999999999,30,2023,0
647,2023-10-30,2023-10-30,TC7,SPOT,USD_MT,40.26144,30,2023,0
646,2023-10-31,2023-10-31,TC7,SPOT,USD_MT,39.168,30,2023,0
645,2023-11-01,2023-11-01,TC7,SPOT,USD_MT,38.54172,29,2023,0
644,2023-11-02,2023-11-02,TC7,SPOT,USD_MT,37.82772,29,2023,0
643,2023-11-03,2023-11-03,TC7,SPOT,USD_MT,34.38827999999999,29,2023,0
642,2023-11-06,2023-11-06,TC7,SPOT,USD_MT,34.17,29,2023,0
641,2023-11-07,2023-11-07,TC7,SPOT,USD_MT,34.09655999999999,29,2023,0
640,2023-11-08,2023-11-08,TC7,SPOT,USD_MT,34.02516,29,2023,0
639,2023-11-09,2023-11-09,TC7,SPOT,USD_MT,33.95172,29,2023,0
638,2023-11-10,2023-11-10,TC7,SPOT,USD_MT,33.74772,29,2023,0
637,2023-11-14,2023-11-14,TC7,SPOT,USD_MT,33.456,29,2023,0
636,2023-11-15,2023-11-15,TC7,SPOT,USD_MT,32.59716,29,2023,0
635,2023-11-16,2023-11-16,TC7,SPOT,USD_MT,32.27484,29,2023,0
634,2023-11-17,2023-11-17,TC7,SPOT,USD_MT,32.31972,29,2023,0
633,2023-11-20,2023-11-20,TC7,SPOT,USD_MT,32.30544,29,2023,0
632,2023-11-21,2023-11-21,TC7,SPOT,USD_MT,32.589,29,2023,0
631,2023-11-22,2023-11-22,TC7,SPOT,USD_MT,33.15,29,2023,0
630,2023-11-23,2023-11-23,TC7,SPOT,USD_MT,33.22344,29,2023,0
629,2023-11-24,2023-11-24,TC7,SPOT,USD_MT,33.16428,29,2023,0
628,2023-11-27,2023-11-27,TC7,SPOT,USD_MT,33.22344,29,2023,0
627,2023-11-28,2023-11-28,TC7,SPOT,USD_MT,33.36828,29,2023,0
626,2023-11-29,2023-11-29,TC7,SPOT,USD_MT,33.69672,29,2023,0
625,2023-11-30,2023-11-30,TC7,SPOT,USD_MT,36.15084,29,2023,0
624,2023-12-01,2023-12-01,TC7,SPOT,USD_MT,37.15656,30,2023,0
623,2023-12-04,2023-12-04,TC7,SPOT,USD_MT,37.74,30,2023,0
622,2023-12-05,2023-12-05,TC7,SPOT,USD_MT,37.95828,30,2023,0
621,2023-12-06,2023-12-06,TC7,SPOT,USD_MT,41.45484,30,2023,0
620,2023-12-07,2023-12-07,TC7,SPOT,USD_MT,43.64172,30,2023,0
619,2023-12-08,2023-12-08,TC7,SPOT,USD_MT,43.71516,30,2023,0
618,2023-12-11,2023-12-11,TC7,SPOT,USD_MT,44.07827999999999,30,2023,0
617,2023-12-12,2023-12-12,TC7,SPOT,USD_MT,44.66172,30,2023,0
616,2023-12-13,2023-12-13,TC7,SPOT,USD_MT,44.99627999999999,30,2023,0
615,2023-12-14,2023-12-14,TC7,SPOT,USD_MT,45.04116,30,2023,0
614,2023-12-15,2023-12-15,TC7,SPOT,USD_MT,44.39855999999999,30,2023,0
613,2023-12-18,2023-12-18,TC7,SPOT,USD_MT,43.62744,30,2023,0
612,2023-12-19,2023-12-19,TC7,SPOT,USD_MT,41.81999999999999,30,2023,0
611,2023-12-20,2023-12-20,TC7,SPOT,USD_MT,42.03827999999999,30,2023,0
610,2023-12-21,2023-12-21,TC7,SPOT,USD_MT,41.74656,30,2023,0
609,2023-12-22,2023-12-22,TC7,SPOT,USD_MT,43.20516,30,2023,0
608,2024-01-02,2024-01-02,TC7,SPOT,USD_MT,42.968764,30,2024,0
607,2024-01-03,2024-01-03,TC7,SPOT,USD_MT,43.32166,30,2024,0
606,2024-01-04,2024-01-04,TC7,SPOT,USD_MT,43.27571,30,2024,0
605,2024-01-05,2024-01-05,TC7,SPOT,USD_MT,43.402532,30,2024,0
604,2024-01-08,2024-01-08,TC7,SPOT,USD_MT,43.534868,30,2024,0
603,2024-01-09,2024-01-09,TC7,SPOT,USD_MT,43.952094,30,2024,0
602,2024-01-10,2024-01-10,TC7,SPOT,USD_MT,45.95,30,2024,0
601,2024-01-11,2024-01-11,TC7,SPOT,USD_MT,45.95,30,2024,0
600,2024-01-12,2024-01-12,TC7,SPOT,USD_MT,46.1338,30,2024,0
599,2024-01-15,2024-01-15,TC7,SPOT,USD_MT,46.802832,30,2024,0
598,2024-01-16,2024-01-16,TC7,SPOT,USD_MT,48.707,30,2024,0
597,2024-01-17,2024-01-17,TC7,SPOT,USD_MT,48.576502,30,2024,0
596,2024-01-18,2024-01-18,TC7,SPOT,USD_MT,48.73273199999999,30,2024,0
595,2024-01-19,2024-01-19,TC7,SPOT,USD_MT,53.039166,30,2024,0
594,2024-01-22,2024-01-22,TC7,SPOT,USD_MT,53.34059799999999,30,2024,0
593,2024-01-23,2024-01-23,TC7,SPOT,USD_MT,54.417666,30,2024,0
592,2024-01-24,2024-01-24,TC7,SPOT,USD_MT,57.897,30,2024,0
591,2024-01-25,2024-01-25,TC7,SPOT,USD_MT,58.94649799999999,30,2024,0
590,2024-01-26,2024-01-26,TC7,SPOT,USD_MT,59.288366,30,2024,0
589,2024-01-29,2024-01-29,TC7,SPOT,USD_MT,59.814034,30,2024,0
588,2024-01-30,2024-01-30,TC7,SPOT,USD_MT,61.04733199999999,30,2024,0
587,2024-01-31,2024-01-31,TC7,SPOT,USD_MT,62.754834,30,2024,0
586,2024-02-01,2024-02-01,TC7,SPOT,USD_MT,63.214334,28,2024,0
585,2024-02-02,2024-02-02,TC7,SPOT,USD_MT,64.396168,28,2024,0
584,2024-02-05,2024-02-05,TC7,SPOT,USD_MT,64.33,28,2024,0
583,2024-02-06,2024-02-06,TC7,SPOT,USD_MT,64.263832,28,2024,0
582,2024-02-07,2024-02-07,TC7,SPOT,USD_MT,63.752868,28,2024,0
581,2024-02-08,2024-02-08,TC7,SPOT,USD_MT,63.017668,28,2024,0
580,2024-02-09,2024-02-09,TC7,SPOT,USD_MT,62.361502,28,2024,0
579,2024-02-13,2024-02-13,TC7,SPOT,USD_MT,62.22916599999999,28,2024,0
578,2024-02-14,2024-02-14,TC7,SPOT,USD_MT,61.573,28,2024,0
577,2024-02-15,2024-02-15,TC7,SPOT,USD_MT,61.166802,28,2024,0
576,2024-02-16,2024-02-16,TC7,SPOT,USD_MT,61.04733199999999,28,2024,0
575,2024-02-19,2024-02-19,TC7,SPOT,USD_MT,60.720168,28,2024,0
574,2024-02-20,2024-02-20,TC7,SPOT,USD_MT,61.310166,28,2024,0
573,2024-02-21,2024-02-21,TC7,SPOT,USD_MT,61.442502,28,2024,0
572,2024-02-22,2024-02-22,TC7,SPOT,USD_MT,62.558168,28,2024,0
571,2024-02-23,2024-02-23,TC7,SPOT,USD_MT,64.067166,28,2024,0
570,2024-02-26,2024-02-26,TC7,SPOT,USD_MT,64.986166,28,2024,0
569,2024-02-27,2024-02-27,TC7,SPOT,USD_MT,64.067166,28,2024,0
568,2024-02-28,2024-02-28,TC7,SPOT,USD_MT,63.214334,28,2024,0
567,2024-02-29,2024-02-29,TC7,SPOT,USD_MT,62.82100200000001,28,2024,0
566,2024-03-01,2024-03-01,TC7,SPOT,USD_MT,61.376334,30,2024,0
565,2024-03-04,2024-03-04,TC7,SPOT,USD_MT,60.324998,30,2024,0
564,2024-03-05,2024-03-05,TC7,SPOT,USD_MT,59.735,30,2024,0
563,2024-03-06,2024-03-06,TC7,SPOT,USD_MT,59.354534,30,2024,0
562,2024-03-07,2024-03-07,TC7,SPOT,USD_MT,59.801168,30,2024,0
561,2024-03-08,2024-03-08,TC7,SPOT,USD_MT,59.735,30,2024,0
560,2024-03-11,2024-03-11,TC7,SPOT,USD_MT,59.405998,30,2024,0
559,2024-03-12,2024-03-12,TC7,SPOT,USD_MT,59.078834,30,2024,0
558,2024-03-13,2024-03-13,TC7,SPOT,USD_MT,58.685502,30,2024,0
557,2024-03-14,2024-03-14,TC7,SPOT,USD_MT,57.307002,30,2024,0
556,2024-03-15,2024-03-15,TC7,SPOT,USD_MT,56.05899999999999,30,2024,0
555,2024-03-18,2024-03-18,TC7,SPOT,USD_MT,56.45233199999999,30,2024,0
554,2024-03-19,2024-03-19,TC7,SPOT,USD_MT,56.965134,30,2024,0
553,2024-03-20,2024-03-20,TC7,SPOT,USD_MT,57.687468,30,2024,0
552,2024-03-21,2024-03-21,TC7,SPOT,USD_MT,57.897,30,2024,0
551,2024-03-22,2024-03-22,TC7,SPOT,USD_MT,57.108498,30,2024,0
550,2024-03-25,2024-03-25,TC7,SPOT,USD_MT,56.847502,30,2024,0
549,2024-03-26,2024-03-26,TC7,SPOT,USD_MT,56.373298,30,2024,0
548,2024-03-27,2024-03-27,TC7,SPOT,USD_MT,56.125168,30,2024,0
547,2024-03-28,2024-03-28,TC7,SPOT,USD_MT,55.79616599999999,30,2024,0
546,2024-04-01,2024-04-01,TC7,SPOT,USD_MT,55.206168,29,2024,0
545,2024-04-02,2024-04-02,TC7,SPOT,USD_MT,54.6805,29,2024,0
544,2024-04-03,2024-04-03,TC7,SPOT,USD_MT,54.0372,29,2024,0
543,2024-04-04,2024-04-04,TC7,SPOT,USD_MT,53.906702,29,2024,0
542,2024-04-05,2024-04-05,TC7,SPOT,USD_MT,53.368168,29,2024,0
541,2024-04-08,2024-04-08,TC7,SPOT,USD_MT,53.039166,29,2024,0
540,2024-04-09,2024-04-09,TC7,SPOT,USD_MT,52.579666,29,2024,0
539,2024-04-11,2024-04-11,TC7,SPOT,USD_MT,52.37013399999999,29,2024,0
538,2024-04-12,2024-04-12,TC7,SPOT,USD_MT,52.1073,29,2024,0
537,2024-04-15,2024-04-15,TC7,SPOT,USD_MT,51.76543199999999,29,2024,0
536,2024-04-16,2024-04-16,TC7,SPOT,USD_MT,51.070668,29,2024,0
535,2024-04-17,2024-04-17,TC7,SPOT,USD_MT,50.76739799999999,29,2024,0
534,2024-04-18,2024-04-18,TC7,SPOT,USD_MT,51.594498,29,2024,0
533,2024-04-19,2024-04-19,TC7,SPOT,USD_MT,51.66066599999999,29,2024,0
532,2024-04-22,2024-04-22,TC7,SPOT,USD_MT,51.6478,29,2024,0
531,2024-04-23,2024-04-23,TC7,SPOT,USD_MT,51.726834,29,2024,0
530,2024-04-24,2024-04-24,TC7,SPOT,USD_MT,51.989668,29,2024,0
529,2024-04-25,2024-04-25,TC7,SPOT,USD_MT,52.42159799999999,29,2024,0
528,2024-04-26,2024-04-26,TC7,SPOT,USD_MT,53.235832,29,2024,0
527,2024-04-29,2024-04-29,TC7,SPOT,USD_MT,54.090502,29,2024,0
526,2024-04-30,2024-04-30,TC7,SPOT,USD_MT,54.483834,29,2024,0
525,2024-05-02,2024-05-02,TC7,SPOT,USD_MT,54.024334,30,2024,0
524,2024-05-03,2024-05-03,TC7,SPOT,USD_MT,54.614332,30,2024,0
523,2024-05-06,2024-05-06,TC7,SPOT,USD_MT,55.009502,30,2024,0
522,2024-05-07,2024-05-07,TC7,SPOT,USD_MT,55.862334,30,2024,0
521,2024-05-08,2024-05-08,TC7,SPOT,USD_MT,56.05899999999999,30,2024,0
520,2024-05-09,2024-05-09,TC7,SPOT,USD_MT,56.584668,30,2024,0
519,2024-05-10,2024-05-10,TC7,SPOT,USD_MT,57.567998,30,2024,0
518,2024-05-13,2024-05-13,TC7,SPOT,USD_MT,58.067934,30,2024,0
517,2024-05-14,2024-05-14,TC7,SPOT,USD_MT,58.027498,30,2024,0
516,2024-05-15,2024-05-15,TC7,SPOT,USD_MT,58.047716,30,2024,0
515,2024-05-16,2024-05-16,TC7,SPOT,USD_MT,57.720552,30,2024,0
514,2024-05-17,2024-05-17,TC7,SPOT,USD_MT,57.46323199999999,30,2024,0
513,2024-05-20,2024-05-20,TC7,SPOT,USD_MT,57.292298,30,2024,0
512,2024-05-21,2024-05-21,TC7,SPOT,USD_MT,57.044168,30,2024,0
511,2024-05-23,2024-05-23,TC7,SPOT,USD_MT,57.044168,30,2024,0
510,2024-05-24,2024-05-24,TC7,SPOT,USD_MT,57.044168,30,2024,0
509,2024-05-27,2024-05-27,TC7,SPOT,USD_MT,57.4375,30,2024,0
508,2024-05-28,2024-05-28,TC7,SPOT,USD_MT,57.450366,30,2024,0
507,2024-05-29,2024-05-29,TC7,SPOT,USD_MT,57.700334,30,2024,0
506,2024-05-30,2024-05-30,TC7,SPOT,USD_MT,57.963168,30,2024,0
505,2024-05-31,2024-05-31,TC7,SPOT,USD_MT,58.2646,30,2024,0
504,2024-06-03,2024-06-03,TC7,SPOT,USD_MT,58.736966,29,2024,0
503,2024-06-04,2024-06-04,TC7,SPOT,USD_MT,59.02553199999999,29,2024,0
502,2024-06-05,2024-06-05,TC7,SPOT,USD_MT,59.405998,29,2024,0
501,2024-06-06,2024-06-06,TC7,SPOT,USD_MT,60.036432,29,2024,0
500,2024-06-07,2024-06-07,TC7,SPOT,USD_MT,59.865498,29,2024,0
499,2024-06-10,2024-06-10,TC7,SPOT,USD_MT,59.735,29,2024,0
498,2024-06-11,2024-06-11,TC7,SPOT,USD_MT,59.668832,29,2024,0
497,2024-06-12,2024-06-12,TC7,SPOT,USD_MT,59.078834,29,2024,0
496,2024-06-13,2024-06-13,TC7,SPOT,USD_MT,58.685502,29,2024,0
495,2024-06-14,2024-06-14,TC7,SPOT,USD_MT,58.185566,29,2024,0
494,2024-06-18,2024-06-18,TC7,SPOT,USD_MT,57.92273199999999,29,2024,0
493,2024-06-19,2024-06-19,TC7,SPOT,USD_MT,57.044168,29,2024,0
492,2024-06-20,2024-06-20,TC7,SPOT,USD_MT,56.64899799999999,29,2024,0
491,2024-06-21,2024-06-21,TC7,SPOT,USD_MT,55.6914,29,2024,0
490,2024-06-24,2024-06-24,TC7,SPOT,USD_MT,55.546198,29,2024,0
489,2024-06-25,2024-06-25,TC7,SPOT,USD_MT,55.402834,29,2024,0
488,2024-06-26,2024-06-26,TC7,SPOT,USD_MT,55.310934,29,2024,0
487,2024-06-27,2024-06-27,TC7,SPOT,USD_MT,55.178598,29,2024,0
486,2024-06-28,2024-06-28,TC7,SPOT,USD_MT,55.009502,29,2024,0
485,2024-07-01,2024-07-01,TC7,SPOT,USD_MT,55.009502,30,2024,0
484,2024-07-02,2024-07-02,TC7,SPOT,USD_MT,54.71909799999999,30,2024,0
483,2024-07-03,2024-07-03,TC7,SPOT,USD_MT,54.35149799999999,30,2024,0
482,2024-07-04,2024-07-04,TC7,SPOT,USD_MT,53.61629799999999,30,2024,0
481,2024-07-05,2024-07-05,TC7,SPOT,USD_MT,53.289134,30,2024,0
480,2024-07-08,2024-07-08,TC7,SPOT,USD_MT,52.881098,30,2024,0
479,2024-07-09,2024-07-09,TC7,SPOT,USD_MT,50.261948,30,2024,0
478,2024-07-10,2024-07-10,TC7,SPOT,USD_MT,49.60026800000001,30,2024,0
477,2024-07-11,2024-07-11,TC7,SPOT,USD_MT,49.036002,30,2024,0
476,2024-07-12,2024-07-12,TC7,SPOT,USD_MT,48.576502,30,2024,0
475,2024-07-15,2024-07-15,TC7,SPOT,USD_MT,48.19419799999999,30,2024,0
474,2024-07-16,2024-07-16,TC7,SPOT,USD_MT,46.802832,30,2024,0
473,2024-07-17,2024-07-17,TC7,SPOT,USD_MT,44.83433400000001,30,2024,0
472,2024-07-18,2024-07-18,TC7,SPOT,USD_MT,43.323498,30,2024,0
471,2024-07-19,2024-07-19,TC7,SPOT,USD_MT,39.320334,30,2024,0
470,2024-07-22,2024-07-22,TC7,SPOT,USD_MT,38.71563199999999,30,2024,0
469,2024-07-23,2024-07-23,TC7,SPOT,USD_MT,38.20466800000001,30,2024,0
468,2024-07-24,2024-07-24,TC7,SPOT,USD_MT,37.5871,30,2024,0
467,2024-07-25,2024-07-25,TC7,SPOT,USD_MT,37.27280199999999,30,2024,0
466,2024-07-26,2024-07-26,TC7,SPOT,USD_MT,37.022834,30,2024,0
465,2024-07-29,2024-07-29,TC7,SPOT,USD_MT,36.430998,30,2024,0
464,2024-07-30,2024-07-30,TC7,SPOT,USD_MT,35.774832,30,2024,0
463,2024-07-31,2024-07-31,TC7,SPOT,USD_MT,35.511998,30,2024,0
462,2024-08-01,2024-08-01,TC7,SPOT,USD_MT,35.184834,30,2024,0
461,2024-08-02,2024-08-02,TC7,SPOT,USD_MT,34.922,30,2024,0
460,2024-08-05,2024-08-05,TC7,SPOT,USD_MT,35.052498,30,2024,0
459,2024-08-06,2024-08-06,TC7,SPOT,USD_MT,34.883402,30,2024,0
458,2024-08-07,2024-08-07,TC7,SPOT,USD_MT,34.791502,30,2024,0
457,2024-08-08,2024-08-08,TC7,SPOT,USD_MT,34.55439999999999,30,2024,0
456,2024-08-12,2024-08-12,TC7,SPOT,USD_MT,33.753032,30,2024,0
455,2024-08-13,2024-08-13,TC7,SPOT,USD_MT,33.688702,30,2024,0
454,2024-08-14,2024-08-14,TC7,SPOT,USD_MT,34.015866,30,2024,0
453,2024-08-15,2024-08-15,TC7,SPOT,USD_MT,34.988168,30,2024,0
452,2024-08-16,2024-08-16,TC7,SPOT,USD_MT,35.159102,30,2024,0
451,2024-08-19,2024-08-19,TC7,SPOT,USD_MT,35.13153199999999,30,2024,0
450,2024-08-20,2024-08-20,TC7,SPOT,USD_MT,35.13153199999999,30,2024,0
449,2024-08-21,2024-08-21,TC7,SPOT,USD_MT,35.098448,30,2024,0
448,2024-08-22,2024-08-22,TC7,SPOT,USD_MT,35.052498,30,2024,0
447,2024-08-23,2024-08-23,TC7,SPOT,USD_MT,34.93486599999999,30,2024,0
446,2024-08-26,2024-08-26,TC7,SPOT,USD_MT,34.85583199999999,30,2024,0
445,2024-08-27,2024-08-27,TC7,SPOT,USD_MT,34.85583199999999,30,2024,0
444,2024-08-28,2024-08-28,TC7,SPOT,USD_MT,34.817234,30,2024,0
443,2024-08-29,2024-08-29,TC7,SPOT,USD_MT,34.620568,30,2024,0
442,2024-08-30,2024-08-30,TC7,SPOT,USD_MT,34.015866,30,2024,0
441,2024-09-02,2024-09-02,TC7,SPOT,USD_MT,33.673998,29,2024,0
440,2024-09-03,2024-09-03,TC7,SPOT,USD_MT,33.214498,29,2024,0
439,2024-09-04,2024-09-04,TC7,SPOT,USD_MT,33.084,29,2024,0
438,2024-09-05,2024-09-05,TC7,SPOT,USD_MT,33.01783199999999,29,2024,0
437,2024-09-06,2024-09-06,TC7,SPOT,USD_MT,32.913066,29,2024,0
436,2024-09-09,2024-09-09,TC7,SPOT,USD_MT,32.925932,29,2024,0
435,2024-09-10,2024-09-10,TC7,SPOT,USD_MT,32.874468,29,2024,0
434,2024-09-11,2024-09-11,TC7,SPOT,USD_MT,32.7164,29,2024,0
433,2024-09-12,2024-09-12,TC7,SPOT,USD_MT,32.571198,29,2024,0
432,2024-09-13,2024-09-13,TC7,SPOT,USD_MT,32.35615199999999,29,2024,0
431,2024-09-16,2024-09-16,TC7,SPOT,USD_MT,32.295498,29,2024,0
430,2024-09-17,2024-09-17,TC7,SPOT,USD_MT,32.01979799999999,29,2024,0
429,2024-09-18,2024-09-18,TC7,SPOT,USD_MT,32.00693199999999,29,2024,0
428,2024-09-19,2024-09-19,TC7,SPOT,USD_MT,32.00693199999999,29,2024,0
427,2024-09-20,2024-09-20,TC7,SPOT,USD_MT,31.575002,29,2024,0
426,2024-09-23,2024-09-23,TC7,SPOT,USD_MT,31.312168,29,2024,0
425,2024-09-24,2024-09-24,TC7,SPOT,USD_MT,31.915032,29,2024,0
424,2024-09-25,2024-09-25,TC7,SPOT,USD_MT,32.295498,29,2024,0
423,2024-09-26,2024-09-26,TC7,SPOT,USD_MT,32.920418,29,2024,0
422,2024-09-27,2024-09-27,TC7,SPOT,USD_MT,33.293532,29,2024,0
421,2024-09-30,2024-09-30,TC7,SPOT,USD_MT,33.857798,29,2024,0
420,2024-10-01,2024-10-01,TC7,SPOT,USD_MT,34.12063199999999,30,2024,0
419,2024-10-02,2024-10-02,TC7,SPOT,USD_MT,34.423902,30,2024,0
418,2024-10-03,2024-10-03,TC7,SPOT,USD_MT,34.436768,30,2024,0
417,2024-10-04,2024-10-04,TC7,SPOT,USD_MT,34.240102,30,2024,0
416,2024-10-07,2024-10-07,TC7,SPOT,USD_MT,34.12063199999999,30,2024,0
415,2024-10-08,2024-10-08,TC7,SPOT,USD_MT,34.003,30,2024,0
414,2024-10-09,2024-10-09,TC7,SPOT,USD_MT,33.793468,30,2024,0
413,2024-10-10,2024-10-10,TC7,SPOT,USD_MT,33.2678,30,2024,0
412,2024-10-11,2024-10-11,TC7,SPOT,USD_MT,33.137302,30,2024,0
411,2024-10-14,2024-10-14,TC7,SPOT,USD_MT,33.137302,30,2024,0
410,2024-10-15,2024-10-15,TC7,SPOT,USD_MT,33.084,30,2024,0
409,2024-10-16,2024-10-16,TC7,SPOT,USD_MT,33.084,30,2024,0
408,2024-10-17,2024-10-17,TC7,SPOT,USD_MT,33.084,30,2024,0
407,2024-10-18,2024-10-18,TC7,SPOT,USD_MT,33.150168,30,2024,0
406,2024-10-21,2024-10-21,TC7,SPOT,USD_MT,33.084,30,2024,0
405,2024-10-22,2024-10-22,TC7,SPOT,USD_MT,33.084,30,2024,0
404,2024-10-23,2024-10-23,TC7,SPOT,USD_MT,33.01783199999999,30,2024,0
403,2024-10-24,2024-10-24,TC7,SPOT,USD_MT,32.979234,30,2024,0
402,2024-10-25,2024-10-25,TC7,SPOT,USD_MT,32.519734,30,2024,0
401,2024-10-28,2024-10-28,TC7,SPOT,USD_MT,32.034502,30,2024,0
400,2024-10-29,2024-10-29,TC7,SPOT,USD_MT,31.312168,30,2024,0
399,2024-10-30,2024-10-30,TC7,SPOT,USD_MT,31.128368,30,2024,0
398,2024-11-01,2024-11-01,TC7,SPOT,USD_MT,31.0622,29,2024,0
397,2024-11-04,2024-11-04,TC7,SPOT,USD_MT,30.8784,29,2024,0
396,2024-11-05,2024-11-05,TC7,SPOT,USD_MT,29.762734,29,2024,0
395,2024-11-06,2024-11-06,TC7,SPOT,USD_MT,29.538498,29,2024,0
394,2024-11-07,2024-11-07,TC7,SPOT,USD_MT,29.014668,29,2024,0
393,2024-11-08,2024-11-08,TC7,SPOT,USD_MT,28.685666,29,2024,0
392,2024-11-11,2024-11-11,TC7,SPOT,USD_MT,28.542302,29,2024,0
391,2024-11-12,2024-11-12,TC7,SPOT,USD_MT,28.619498,29,2024,0
390,2024-11-13,2024-11-13,TC7,SPOT,USD_MT,28.818002,29,2024,0
389,2024-11-14,2024-11-14,TC7,SPOT,USD_MT,29.078998,29,2024,0
388,2024-11-15,2024-11-15,TC7,SPOT,USD_MT,29.341832,29,2024,0
387,2024-11-18,2024-11-18,TC7,SPOT,USD_MT,29.474168,29,2024,0
386,2024-11-19,2024-11-19,TC7,SPOT,USD_MT,29.066132,29,2024,0
385,2024-11-20,2024-11-20,TC7,SPOT,USD_MT,29.277502,29,2024,0
384,2024-11-21,2024-11-21,TC7,SPOT,USD_MT,29.277502,29,2024,0
383,2024-11-22,2024-11-22,TC7,SPOT,USD_MT,29.446598,29,2024,0
382,2024-11-25,2024-11-25,TC7,SPOT,USD_MT,29.395134,29,2024,0
381,2024-11-26,2024-11-26,TC7,SPOT,USD_MT,29.395134,29,2024,0
380,2024-11-27,2024-11-27,TC7,SPOT,USD_MT,29.328966,29,2024,0
379,2024-11-28,2024-11-28,TC7,SPOT,USD_MT,29.328966,29,2024,0
378,2024-11-29,2024-11-29,TC7,SPOT,USD_MT,29.328966,29,2024,0
377,2024-12-02,2024-12-02,TC7,SPOT,USD_MT,29.408,30,2024,0
376,2024-12-03,2024-12-03,TC7,SPOT,USD_MT,29.408,30,2024,0
375,2024-12-04,2024-12-04,TC7,SPOT,USD_MT,29.408,30,2024,0
374,2024-12-05,2024-12-05,TC7,SPOT,USD_MT,29.408,30,2024,0
373,2024-12-06,2024-12-06,TC7,SPOT,USD_MT,29.408,30,2024,0
372,2024-12-09,2024-12-09,TC7,SPOT,USD_MT,29.408,30,2024,0
371,2024-12-10,2024-12-10,TC7,SPOT,USD_MT,29.408,30,2024,0
370,2024-12-11,2024-12-11,TC7,SPOT,USD_MT,29.408,30,2024,0
369,2024-12-12,2024-12-12,TC7,SPOT,USD_MT,29.408,30,2024,0
368,2024-12-13,2024-12-13,TC7,SPOT,USD_MT,29.408,30,2024,0
367,2024-12-16,2024-12-16,TC7,SPOT,USD_MT,29.408,30,2024,0
366,2024-12-17,2024-12-17,TC7,SPOT,USD_MT,29.408,30,2024,0
365,2024-12-18,2024-12-18,TC7,SPOT,USD_MT,29.408,30,2024,0
364,2024-12-19,2024-12-19,TC7,SPOT,USD_MT,29.341832,30,2024,0
363,2024-12-20,2024-12-20,TC7,SPOT,USD_MT,29.328966,30,2024,0
362,2024-12-23,2024-12-23,TC7,SPOT,USD_MT,29.262798,30,2024,0
361,2024-12-24,2024-12-24,TC7,SPOT,USD_MT,29.262798,30,2024,0
360,2025-01-02,2025-01-02,TC7,SPOT,USD_MT,29.355004,30,2025,0
359,2025-01-03,2025-01-03,TC7,SPOT,USD_MT,29.375178,30,2025,0
358,2025-01-06,2025-01-06,TC7,SPOT,USD_MT,29.375178,30,2025,0
357,2025-01-07,2025-01-07,TC7,SPOT,USD_MT,29.366008,30,2025,0
356,2025-01-08,2025-01-08,TC7,SPOT,USD_MT,29.391684,30,2025,0
355,2025-01-09,2025-01-09,TC7,SPOT,USD_MT,29.498056,30,2025,0
354,2025-01-10,2025-01-10,TC7,SPOT,USD_MT,29.575084,30,2025,0
353,2025-01-13,2025-01-13,TC7,SPOT,USD_MT,29.681456,30,2025,0
352,2025-01-14,2025-01-14,TC7,SPOT,USD_MT,29.8942,30,2025,0
351,2025-01-15,2025-01-15,TC7,SPOT,USD_MT,30.798362,30,2025,0
350,2025-01-16,2025-01-16,TC7,SPOT,USD_MT,32.683714,30,2025,0
349,2025-01-17,2025-01-17,TC7,SPOT,USD_MT,32.986324,30,2025,0
348,2025-01-20,2025-01-20,TC7,SPOT,USD_MT,33.065186,30,2025,0
347,2025-01-21,2025-01-21,TC7,SPOT,USD_MT,32.933138,30,2025,0
346,2025-01-22,2025-01-22,TC7,SPOT,USD_MT,32.30407599999999,30,2025,0
345,2025-01-23,2025-01-23,TC7,SPOT,USD_MT,31.832738,30,2025,0
344,2025-01-24,2025-01-24,TC7,SPOT,USD_MT,30.968924,30,2025,0
343,2025-01-27,2025-01-27,TC7,SPOT,USD_MT,30.758014,30,2025,0
342,2025-01-28,2025-01-28,TC7,SPOT,USD_MT,30.772686,30,2025,0
341,2025-01-31,2025-01-31,TC7,SPOT,USD_MT,30.785524,30,2025,0
340,2025-02-03,2025-02-03,TC7,SPOT,USD_MT,30.7195,27,2025,0
339,2025-02-04,2025-02-04,TC7,SPOT,USD_MT,30.87722400000001,27,2025,0
338,2025-02-05,2025-02-05,TC7,SPOT,USD_MT,30.981762,27,2025,0
337,2025-02-06,2025-02-06,TC7,SPOT,USD_MT,31.308214,27,2025,0
336,2025-02-07,2025-02-07,TC7,SPOT,USD_MT,31.924438,27,2025,0
335,2025-02-10,2025-02-10,TC7,SPOT,USD_MT,32.120676,27,2025,0
334,2025-02-11,2025-02-11,TC7,SPOT,USD_MT,31.935442,27,2025,0
333,2025-02-12,2025-02-12,TC7,SPOT,USD_MT,32.056486,27,2025,0
332,2025-02-13,2025-02-13,TC7,SPOT,USD_MT,32.148186,27,2025,0
331,2025-02-14,2025-02-14,TC7,SPOT,USD_MT,35.632786,27,2025,0
330,2025-02-17,2025-02-17,TC7,SPOT,USD_MT,37.177014,27,2025,0
329,2025-02-18,2025-02-18,TC7,SPOT,USD_MT,37.597,27,2025,0
328,2025-02-19,2025-02-19,TC7,SPOT,USD_MT,37.597,27,2025,0
327,2025-02-20,2025-02-20,TC7,SPOT,USD_MT,37.072476,27,2025,0
326,2025-02-21,2025-02-21,TC7,SPOT,USD_MT,36.417738,27,2025,0
325,2025-02-24,2025-02-24,TC7,SPOT,USD_MT,34.976214,27,2025,0
324,2025-02-25,2025-02-25,TC7,SPOT,USD_MT,33.4705,27,2025,0
323,2025-02-26,2025-02-26,TC7,SPOT,USD_MT,33.078024,27,2025,0
322,2025-02-27,2025-02-27,TC7,SPOT,USD_MT,34.125238,27,2025,0
321,2025-02-28,2025-02-28,TC7,SPOT,USD_MT,33.666738,27,2025,0
320,2025-03-03,2025-03-03,TC7,SPOT,USD_MT,33.444824,30,2025,0
319,2025-03-04,2025-03-04,TC7,SPOT,USD_MT,34.596576,30,2025,0
318,2025-03-05,2025-03-05,TC7,SPOT,USD_MT,35.775838,30,2025,0
317,2025-03-06,2025-03-06,TC7,SPOT,USD_MT,36.430576,30,2025,0
316,2025-03-07,2025-03-07,TC7,SPOT,USD_MT,37.400762,30,2025,0
315,2025-03-10,2025-03-10,TC7,SPOT,USD_MT,37.62267599999999,30,2025,0
314,2025-03-11,2025-03-11,TC7,SPOT,USD_MT,37.530976,30,2025,0
313,2025-03-12,2025-03-12,TC7,SPOT,USD_MT,37.859262,30,2025,0
312,2025-03-13,2025-03-13,TC7,SPOT,USD_MT,37.334738,30,2025,0
311,2025-03-14,2025-03-14,TC7,SPOT,USD_MT,36.929424,30,2025,0
310,2025-03-17,2025-03-17,TC7,SPOT,USD_MT,40.923876,30,2025,0
309,2025-03-18,2025-03-18,TC7,SPOT,USD_MT,40.5314,30,2025,0
308,2025-03-19,2025-03-19,TC7,SPOT,USD_MT,38.842286,30,2025,0
307,2025-03-20,2025-03-20,TC7,SPOT,USD_MT,38.447976,30,2025,0
306,2025-03-21,2025-03-21,TC7,SPOT,USD_MT,38.304924,30,2025,0
305,2025-03-24,2025-03-24,TC7,SPOT,USD_MT,38.172876,30,2025,0
304,2025-03-25,2025-03-25,TC7,SPOT,USD_MT,37.400762,30,2025,0
303,2025-03-26,2025-03-26,TC7,SPOT,USD_MT,36.667162,30,2025,0
302,2025-03-27,2025-03-27,TC7,SPOT,USD_MT,35.500738,30,2025,0
301,2025-03-28,2025-03-28,TC7,SPOT,USD_MT,34.846,30,2025,0
300,2025-04-01,2025-04-01,TC7,SPOT,USD_MT,34.715786,29,2025,0
299,2025-04-02,2025-04-02,TC7,SPOT,USD_MT,34.178424,29,2025,0
298,2025-04-03,2025-04-03,TC7,SPOT,USD_MT,33.325614,29,2025,0
297,2025-04-04,2025-04-04,TC7,SPOT,USD_MT,33.233914,29,2025,0
296,2025-04-07,2025-04-07,TC7,SPOT,USD_MT,33.012,29,2025,0
295,2025-04-08,2025-04-08,TC7,SPOT,USD_MT,32.711224,29,2025,0
294,2025-04-09,2025-04-09,TC7,SPOT,USD_MT,32.540662,29,2025,0
293,2025-04-10,2025-04-10,TC7,SPOT,USD_MT,32.4618,29,2025,0
292,2025-04-11,2025-04-11,TC7,SPOT,USD_MT,32.395776,29,2025,0
291,2025-04-14,2025-04-14,TC7,SPOT,USD_MT,32.239886,29,2025,0
290,2025-04-15,2025-04-15,TC7,SPOT,USD_MT,31.964786,29,2025,0
289,2025-04-16,2025-04-16,TC7,SPOT,USD_MT,31.491614,29,2025,0
288,2025-04-17,2025-04-17,TC7,SPOT,USD_MT,31.282538,29,2025,0
287,2025-04-21,2025-04-21,TC7,SPOT,USD_MT,31.047786,29,2025,0
286,2025-04-22,2025-04-22,TC7,SPOT,USD_MT,30.6278,29,2025,0
285,2025-04-23,2025-04-23,TC7,SPOT,USD_MT,30.431562,29,2025,0
284,2025-04-24,2025-04-24,TC7,SPOT,USD_MT,29.736476,29,2025,0
283,2025-04-25,2025-04-25,TC7,SPOT,USD_MT,29.344,29,2025,0
282,2025-04-28,2025-04-28,TC7,SPOT,USD_MT,29.344,29,2025,0
281,2025-04-29,2025-04-29,TC7,SPOT,USD_MT,29.277976,29,2025,0
280,2025-04-30,2025-04-30,TC7,SPOT,USD_MT,29.277976,29,2025,0
279,2025-05-02,2025-05-02,TC7,SPOT,USD_MT,29.277976,30,2025,0
278,2025-05-05,2025-05-05,TC7,SPOT,USD_MT,29.344,30,2025,0
277,2025-05-06,2025-05-06,TC7,SPOT,USD_MT,29.356838,30,2025,0
276,2025-05-07,2025-05-07,TC7,SPOT,USD_MT,29.514562,30,2025,0
275,2025-05-08,2025-05-08,TC7,SPOT,USD_MT,29.565914,30,2025,0
274,2025-05-09,2025-05-09,TC7,SPOT,USD_MT,32.5535,30,2025,0
273,2025-05-13,2025-05-13,TC7,SPOT,USD_MT,33.929,30,2025,0
272,2025-05-14,2025-05-14,TC7,SPOT,USD_MT,34.059214,30,2025,0
271,2025-05-15,2025-05-15,TC7,SPOT,USD_MT,36.549786,30,2025,0
270,2025-05-16,2025-05-16,TC7,SPOT,USD_MT,36.810214,30,2025,0
269,2025-05-19,2025-05-19,TC7,SPOT,USD_MT,36.942262,30,2025,0
268,2025-05-20,2025-05-20,TC7,SPOT,USD_MT,37.727214,30,2025,0
267,2025-05-21,2025-05-21,TC7,SPOT,USD_MT,37.754724,30,2025,0
266,2025-05-22,2025-05-22,TC7,SPOT,USD_MT,37.151338,30,2025,0
265,2025-05-23,2025-05-23,TC7,SPOT,USD_MT,36.5883,30,2025,0
264,2025-05-26,2025-05-26,TC7,SPOT,USD_MT,36.300362,30,2025,0
263,2025-05-27,2025-05-27,TC7,SPOT,USD_MT,36.063776,30,2025,0
262,2025-05-28,2025-05-28,TC7,SPOT,USD_MT,36.142638,30,2025,0
261,2025-05-29,2025-05-29,TC7,SPOT,USD_MT,37.597,30,2025,0
260,2025-05-30,2025-05-30,TC7,SPOT,USD_MT,37.884938,30,2025,0
259,2025-06-02,2025-06-02,TC7,SPOT,USD_MT,37.675862,29,2025,0
258,2025-06-03,2025-06-03,TC7,SPOT,USD_MT,37.400762,29,2025,0
257,2025-06-04,2025-06-04,TC7,SPOT,USD_MT,37.008286,29,2025,0
256,2025-06-05,2025-06-05,TC7,SPOT,USD_MT,36.68,29,2025,0
255,2025-06-06,2025-06-06,TC7,SPOT,USD_MT,36.483762,29,2025,0
254,2025-06-09,2025-06-09,TC7,SPOT,USD_MT,36.208662,29,2025,0
253,2025-06-10,2025-06-10,TC7,SPOT,USD_MT,36.091286,29,2025,0
252,2025-06-11,2025-06-11,TC7,SPOT,USD_MT,35.99225,29,2025,0
251,2025-06-12,2025-06-12,TC7,SPOT,USD_MT,35.862036,29,2025,0
250,2025-06-13,2025-06-13,TC7,SPOT,USD_MT,35.867538,29,2025,0
249,2025-06-16,2025-06-16,TC7,SPOT,USD_MT,35.788676,29,2025,0
248,2025-06-17,2025-06-17,TC7,SPOT,USD_MT,37.008286,29,2025,0
247,2025-06-18,2025-06-18,TC7,SPOT,USD_MT,38.0555,29,2025,0
246,2025-06-19,2025-06-19,TC7,SPOT,USD_MT,39.693262,29,2025,0
245,2025-06-20,2025-06-20,TC7,SPOT,USD_MT,40.414024,29,2025,0
244,2025-06-23,2025-06-23,TC7,SPOT,USD_MT,40.544238,29,2025,0
243,2025-06-24,2025-06-24,TC7,SPOT,USD_MT,40.740476,29,2025,0
242,2025-06-25,2025-06-25,TC7,SPOT,USD_MT,40.34800000000001,29,2025,0
241,2025-06-26,2025-06-26,TC7,SPOT,USD_MT,39.038524,29,2025,0
240,2025-06-27,2025-06-27,TC7,SPOT,USD_MT,38.776262,29,2025,0
239,2025-06-30,2025-06-30,TC7,SPOT,USD_MT,38.38378599999999,29,2025,0
238,2025-07-01,2025-07-01,TC7,SPOT,USD_MT,37.859262,30,2025,0
237,2025-07-02,2025-07-02,TC7,SPOT,USD_MT,37.400762,30,2025,0
236,2025-07-03,2025-07-03,TC7,SPOT,USD_MT,37.204524,30,2025,0
235,2025-07-04,2025-07-04,TC7,SPOT,USD_MT,37.1385,30,2025,0
234,2025-07-07,2025-07-07,TC7,SPOT,USD_MT,37.072476,30,2025,0
233,2025-07-08,2025-07-08,TC7,SPOT,USD_MT,37.072476,30,2025,0
232,2025-07-09,2025-07-09,TC7,SPOT,USD_MT,37.072476,30,2025,0
231,2025-07-10,2025-07-10,TC7,SPOT,USD_MT,36.993614,30,2025,0
230,2025-07-11,2025-07-11,TC7,SPOT,USD_MT,36.646988,30,2025,0
229,2025-07-14,2025-07-14,TC7,SPOT,USD_MT,36.509438,30,2025,0
228,2025-07-15,2025-07-15,TC7,SPOT,USD_MT,36.247176,30,2025,0
227,2025-07-16,2025-07-16,TC7,SPOT,USD_MT,36.104124,30,2025,0
226,2025-07-17,2025-07-17,TC7,SPOT,USD_MT,36.0381,30,2025,0
225,2025-07-18,2025-07-18,TC7,SPOT,USD_MT,35.8547,30,2025,0
224,2025-07-21,2025-07-21,TC7,SPOT,USD_MT,35.841862,30,2025,0
223,2025-07-22,2025-07-22,TC7,SPOT,USD_MT,35.783174,30,2025,0
222,2025-07-23,2025-07-23,TC7,SPOT,USD_MT,35.847364,30,2025,0
221,2025-07-24,2025-07-24,TC7,SPOT,USD_MT,35.867538,30,2025,0
220,2025-07-25,2025-07-25,TC7,SPOT,USD_MT,35.90055,30,2025,0
219,2025-07-28,2025-07-28,TC7,SPOT,USD_MT,35.80885,30,2025,0
218,2025-07-29,2025-07-29,TC7,SPOT,USD_MT,35.737324,30,2025,0
217,2025-07-30,2025-07-30,TC7,SPOT,USD_MT,35.357686,30,2025,0
216,2025-07-31,2025-07-31,TC7,SPOT,USD_MT,34.912024,30,2025,0
215,2025-08-01,2025-08-01,TC7,SPOT,USD_MT,34.715786,30,2025,0
214,2025-08-04,2025-08-04,TC7,SPOT,USD_MT,34.550726,30,2025,0
213,2025-08-05,2025-08-05,TC7,SPOT,USD_MT,34.07938799999999,30,2025,0
212,2025-08-06,2025-08-06,TC7,SPOT,USD_MT,33.929,30,2025,0
211,2025-08-07,2025-08-07,TC7,SPOT,USD_MT,33.811624,30,2025,0
210,2025-08-08,2025-08-08,TC7,SPOT,USD_MT,33.798786,30,2025,0
209,2025-08-11,2025-08-11,TC7,SPOT,USD_MT,33.87581400000001,30,2025,0
208,2025-08-12,2025-08-12,TC7,SPOT,USD_MT,33.995024,30,2025,0
207,2025-08-13,2025-08-13,TC7,SPOT,USD_MT,34.125238,30,2025,0
206,2025-08-14,2025-08-14,TC7,SPOT,USD_MT,34.688276,30,2025,0
205,2025-08-15,2025-08-15,TC7,SPOT,USD_MT,35.225638,30,2025,0
204,2025-08-18,2025-08-18,TC7,SPOT,USD_MT,35.449386,30,2025,0
203,2025-08-19,2025-08-19,TC7,SPOT,USD_MT,37.66302400000001,30,2025,0
202,2025-08-20,2025-08-20,TC7,SPOT,USD_MT,37.859262,30,2025,0
201,2025-08-21,2025-08-21,TC7,SPOT,USD_MT,37.989476,30,2025,0
200,2025-08-22,2025-08-22,TC7,SPOT,USD_MT,37.925286,30,2025,0
199,2025-08-25,2025-08-25,TC7,SPOT,USD_MT,37.793238,30,2025,0
198,2025-08-26,2025-08-26,TC7,SPOT,USD_MT,37.754724,30,2025,0
197,2025-08-27,2025-08-27,TC7,SPOT,USD_MT,37.976638,30,2025,0
196,2025-08-28,2025-08-28,TC7,SPOT,USD_MT,39.221924,30,2025,0
195,2025-08-29,2025-08-29,TC7,SPOT,USD_MT,39.1559,30,2025,0
194,2025-09-01,2025-09-01,TC7,SPOT,USD_MT,39.1559,29,2025,0
193,2025-09-02,2025-09-02,TC7,SPOT,USD_MT,39.077038,29,2025,0
192,2025-09-03,2025-09-03,TC7,SPOT,USD_MT,38.98533800000001,29,2025,0
191,2025-09-04,2025-09-04,TC7,SPOT,USD_MT,39.102714,29,2025,0
190,2025-09-05,2025-09-05,TC7,SPOT,USD_MT,39.102714,29,2025,0
189,2025-09-08,2025-09-08,TC7,SPOT,USD_MT,39.038524,29,2025,0
188,2025-09-09,2025-09-09,TC7,SPOT,USD_MT,38.447976,29,2025,0
187,2025-09-10,2025-09-10,TC7,SPOT,USD_MT,38.501162,29,2025,0
186,2025-09-11,2025-09-11,TC7,SPOT,USD_MT,38.501162,29,2025,0
185,2025-09-12,2025-09-12,TC7,SPOT,USD_MT,38.4223,29,2025,0
184,2025-09-15,2025-09-15,TC7,SPOT,USD_MT,38.501162,29,2025,0
183,2025-09-16,2025-09-16,TC7,SPOT,USD_MT,38.213224,29,2025,0
182,2025-09-17,2025-09-17,TC7,SPOT,USD_MT,37.846424,29,2025,0
181,2025-09-18,2025-09-18,TC7,SPOT,USD_MT,36.942262,29,2025,0
180,2025-09-19,2025-09-19,TC7,SPOT,USD_MT,36.746024,29,2025,0
179,2025-09-22,2025-09-22,TC7,SPOT,USD_MT,36.746024,29,2025,0
178,2025-09-23,2025-09-23,TC7,SPOT,USD_MT,36.430576,29,2025,0
177,2025-09-24,2025-09-24,TC7,SPOT,USD_MT,36.300362,29,2025,0
176,2025-09-25,2025-09-25,TC7,SPOT,USD_MT,36.287524,29,2025,0
175,2025-09-26,2025-09-26,TC7,SPOT,USD_MT,36.091286,29,2025,0
174,2025-09-29,2025-09-29,TC7,SPOT,USD_MT,35.801514,29,2025,0
173,2025-09-30,2025-09-30,TC7,SPOT,USD_MT,35.763,29,2025,0
172,2025-10-01,2025-10-01,TC7,SPOT,USD_MT,35.696976,30,2025,0
171,2025-10-02,2025-10-02,TC7,SPOT,USD_MT,35.612612,30,2025,0
170,2025-10-03,2025-10-03,TC7,SPOT,USD_MT,34.846,30,2025,0
169,2025-10-06,2025-10-06,TC7,SPOT,USD_MT,34.688276,30,2025,0
168,2025-10-07,2025-10-07,TC7,SPOT,USD_MT,34.374662,30,2025,0
167,2025-10-08,2025-10-08,TC7,SPOT,USD_MT,33.903324,30,2025,0
166,2025-10-09,2025-10-09,TC7,SPOT,USD_MT,33.87581400000001,30,2025,0
165,2025-10-10,2025-10-10,TC7,SPOT,USD_MT,33.850138,30,2025,0
164,2025-10-13,2025-10-13,TC7,SPOT,USD_MT,33.903324,30,2025,0
163,2025-10-14,2025-10-14,TC7,SPOT,USD_MT,33.982186,30,2025,0
162,2025-10-15,2025-10-15,TC7,SPOT,USD_MT,34.0207,30,2025,0
161,2025-10-16,2025-10-16,TC7,SPOT,USD_MT,33.929,30,2025,0
160,2025-10-17,2025-10-17,TC7,SPOT,USD_MT,33.8373,30,2025,0
159,2025-10-21,2025-10-21,TC7,SPOT,USD_MT,33.71992400000001,30,2025,0
158,2025-10-22,2025-10-22,TC7,SPOT,USD_MT,33.53652400000001,30,2025,0
157,2025-10-23,2025-10-23,TC7,SPOT,USD_MT,33.365962,30,2025,0
156,2025-10-24,2025-10-24,TC7,SPOT,USD_MT,33.215574,30,2025,0
155,2025-10-27,2025-10-27,TC7,SPOT,USD_MT,32.94597599999999,30,2025,0
154,2025-10-28,2025-10-28,TC7,SPOT,USD_MT,32.670876,30,2025,0
153,2025-10-29,2025-10-29,TC7,SPOT,USD_MT,32.632362,30,2025,0
152,2025-10-30,2025-10-30,TC7,SPOT,USD_MT,32.61952400000001,30,2025,0
151,2025-10-31,2025-10-31,TC7,SPOT,USD_MT,32.7369,30,2025,0
150,2025-11-03,2025-11-03,TC7,SPOT,USD_MT,32.775414,29,2025,0
149,2025-11-04,2025-11-04,TC7,SPOT,USD_MT,33.037676,29,2025,0
148,2025-11-05,2025-11-05,TC7,SPOT,USD_MT,33.353124,29,2025,0
147,2025-11-06,2025-11-06,TC7,SPOT,USD_MT,33.71992400000001,29,2025,0
146,2025-11-07,2025-11-07,TC7,SPOT,USD_MT,35.500738,29,2025,0
145,2025-11-10,2025-11-10,TC7,SPOT,USD_MT,35.763,29,2025,0
144,2025-11-11,2025-11-11,TC7,SPOT,USD_MT,35.632786,29,2025,0
143,2025-11-12,2025-11-12,TC7,SPOT,USD_MT,35.696976,29,2025,0
142,2025-11-13,2025-11-13,TC7,SPOT,USD_MT,35.953736,29,2025,0
141,2025-11-14,2025-11-14,TC7,SPOT,USD_MT,36.260014,29,2025,0
140,2025-11-17,2025-11-17,TC7,SPOT,USD_MT,36.274686,29,2025,0
139,2025-11-18,2025-11-18,TC7,SPOT,USD_MT,36.274686,29,2025,0
138,2025-11-19,2025-11-19,TC7,SPOT,USD_MT,36.509438,29,2025,0
137,2025-11-20,2025-11-20,TC7,SPOT,USD_MT,36.810214,29,2025,0
136,2025-11-21,2025-11-21,TC7,SPOT,USD_MT,36.746024,29,2025,0
135,2025-11-24,2025-11-24,TC7,SPOT,USD_MT,36.746024,29,2025,0
134,2025-11-25,2025-11-25,TC7,SPOT,USD_MT,37.268714,29,2025,0
133,2025-11-26,2025-11-26,TC7,SPOT,USD_MT,39.025686,29,2025,0
132,2025-11-27,2025-11-27,TC7,SPOT,USD_MT,40.0729,29,2025,0
131,2025-11-28,2025-11-28,TC7,SPOT,USD_MT,41.002738,29,2025,0
130,2025-12-01,2025-12-01,TC7,SPOT,USD_MT,41.670314,30,2025,0
129,2025-12-02,2025-12-02,TC7,SPOT,USD_MT,44.73676200000001,30,2025,0
128,2025-12-03,2025-12-03,TC7,SPOT,USD_MT,44.933,30,2025,0
127,2025-12-04,2025-12-04,TC7,SPOT,USD_MT,44.357124,30,2025,0
126,2025-12-05,2025-12-05,TC7,SPOT,USD_MT,44.16088599999999,30,2025,0
125,2025-12-08,2025-12-08,TC7,SPOT,USD_MT,43.949976,30,2025,0
124,2025-12-09,2025-12-09,TC7,SPOT,USD_MT,43.674876,30,2025,0
123,2025-12-10,2025-12-10,TC7,SPOT,USD_MT,43.63636200000001,30,2025,0
122,2025-12-11,2025-12-11,TC7,SPOT,USD_MT,43.63636200000001,30,2025,0
121,2025-12-12,2025-12-12,TC7,SPOT,USD_MT,43.63636200000001,30,2025,0
120,2025-12-15,2025-12-15,TC7,SPOT,USD_MT,43.728062,30,2025,0
119,2025-12-16,2025-12-16,TC7,SPOT,USD_MT,42.836738,30,2025,0
118,2025-12-17,2025-12-17,TC7,SPOT,USD_MT,42.378238,30,2025,0
117,2025-12-18,2025-12-18,TC7,SPOT,USD_MT,42.115976,30,2025,0
116,2025-12-19,2025-12-19,TC7,SPOT,USD_MT,41.684986,30,2025,0
115,2025-12-22,2025-12-22,TC7,SPOT,USD_MT,41.382376,30,2025,0
114,2025-12-23,2025-12-23,TC7,SPOT,USD_MT,41.422724,30,2025,0
113,2025-12-24,2025-12-24,TC7,SPOT,USD_MT,41.226486,30,2025,0
112,2026-01-02,2026-01-02,TC7,SPOT,USD_MT,39.120354,30,2026,0
111,2026-01-05,2026-01-05,TC7,SPOT,USD_MT,39.07194199999999,30,2026,0
110,2026-01-06,2026-01-06,TC7,SPOT,USD_MT,38.195339,30,2026,0
109,2026-01-07,2026-01-07,TC7,SPOT,USD_MT,38.705394,30,2026,0
108,2026-01-08,2026-01-08,TC7,SPOT,USD_MT,40.384253,30,2026,0
107,2026-01-09,2026-01-09,TC7,SPOT,USD_MT,40.569256,30,2026,0
106,2026-01-12,2026-01-12,TC7,SPOT,USD_MT,40.569256,30,2026,0
105,2026-01-13,2026-01-13,TC7,SPOT,USD_MT,40.693744,30,2026,0
104,2026-01-14,2026-01-14,TC7,SPOT,USD_MT,42.175497,30,2026,0
103,2026-01-15,2026-01-15,TC7,SPOT,USD_MT,43.966741,30,2026,0
102,2026-01-16,2026-01-16,TC7,SPOT,USD_MT,44.274503,30,2026,0
101,2026-01-19,2026-01-19,TC7,SPOT,USD_MT,44.274503,30,2026,0
100,2026-01-20,2026-01-20,TC7,SPOT,USD_MT,44.151744,30,2026,0
99,2026-01-21,2026-01-21,TC7,SPOT,USD_MT,43.966741,30,2026,0
98,2026-01-22,2026-01-22,TC7,SPOT,USD_MT,43.65725,30,2026,0
97,2026-01-23,2026-01-23,TC7,SPOT,USD_MT,43.534491,30,2026,0
96,2026-01-26,2026-01-26,TC7,SPOT,USD_MT,43.385797,30,2026,0
95,2026-01-27,2026-01-27,TC7,SPOT,USD_MT,43.039997,30,2026,0
94,2026-01-28,2026-01-28,TC7,SPOT,USD_MT,42.816956,30,2026,0
93,2026-01-29,2026-01-29,TC7,SPOT,USD_MT,42.66307499999999,30,2026,0
92,2026-01-30,2026-01-30,TC7,SPOT,USD_MT,42.552419,30,2026,0
91,2026-02-02,2026-02-02,TC7,SPOT,USD_MT,42.32419099999999,27,2026,0
90,2026-02-03,2026-02-03,TC7,SPOT,USD_MT,40.50874099999999,27,2026,0
89,2026-02-04,2026-02-04,TC7,SPOT,USD_MT,40.278784,27,2026,0
88,2026-02-05,2026-02-05,TC7,SPOT,USD_MT,40.162941,27,2026,0
87,2026-02-06,2026-02-06,TC7,SPOT,USD_MT,40.119716,27,2026,0
86,2026-02-09,2026-02-09,TC7,SPOT,USD_MT,40.105884,27,2026,0
85,2026-02-10,2026-02-10,TC7,SPOT,USD_MT,39.872469,27,2026,0
84,2026-02-11,2026-02-11,TC7,SPOT,USD_MT,38.038,27,2026,0
83,2026-02-12,2026-02-12,TC7,SPOT,USD_MT,37.97575599999999,27,2026,0
82,2026-02-13,2026-02-13,TC7,SPOT,USD_MT,37.877203,27,2026,0
81,2026-02-16,2026-02-16,TC7,SPOT,USD_MT,37.728509,27,2026,0
80,2026-02-19,2026-02-19,TC7,SPOT,USD_MT,37.728509,27,2026,0
79,2026-02-20,2026-02-20,TC7,SPOT,USD_MT,36.679006,27,2026,0
78,2026-02-23,2026-02-23,TC7,SPOT,USD_MT,36.91414999999999,27,2026,0
77,2026-02-24,2026-02-24,TC7,SPOT,USD_MT,38.12445,27,2026,0
76,2026-02-25,2026-02-25,TC7,SPOT,USD_MT,38.593009,27,2026,0
75,2026-02-26,2026-02-26,TC7,SPOT,USD_MT,40.076491,27,2026,0
74,2026-02-27,2026-02-27,TC7,SPOT,USD_MT,40.754259,27,2026,0
73,2026-03-02,2026-03-02,TC7,SPOT,USD_MT,41.433756,30,2026,0
72,2026-03-03,2026-03-03,TC7,SPOT,USD_MT,43.102241,30,2026,0
71,2026-03-04,2026-03-04,TC7,SPOT,USD_MT,44.706753,30,2026,0
70,2026-03-05,2026-03-05,TC7,SPOT,USD_MT,46.188506,30,2026,0
69,2026-03-06,2026-03-06,TC7,SPOT,USD_MT,46.188506,30,2026,0
68,2026-03-09,2026-03-09,TC7,SPOT,USD_MT,45.2998,30,2026,0
67,2026-03-10,2026-03-10,TC7,SPOT,USD_MT,44.45950599999999,30,2026,0
66,2026-03-11,2026-03-11,TC7,SPOT,USD_MT,44.027256,30,2026,0
65,2026-03-12,2026-03-12,TC7,SPOT,USD_MT,44.120622,30,2026,0
64,2026-03-13,2026-03-13,TC7,SPOT,USD_MT,44.274503,30,2026,0
63,2026-03-16,2026-03-16,TC7,SPOT,USD_MT,44.398991,30,2026,0
62,2026-03-17,2026-03-17,TC7,SPOT,USD_MT,43.966741,30,2026,0
61,2026-03-18,2026-03-18,TC7,SPOT,USD_MT,43.904497,30,2026,0
60,2026-03-19,2026-03-19,TC7,SPOT,USD_MT,43.966741,30,2026,0
59,2026-03-20,2026-03-20,TC7,SPOT,USD_MT,46.312994,30,2026,0
58,2026-03-23,2026-03-23,TC7,SPOT,USD_MT,53.536756,30,2026,0
57,2026-03-24,2026-03-24,TC7,SPOT,USD_MT,54.4635,30,2026,0
56,2026-03-25,2026-03-25,TC7,SPOT,USD_MT,54.58625899999999,30,2026,0
55,2026-03-26,2026-03-26,TC7,SPOT,USD_MT,54.4635,30,2026,0
54,2026-03-27,2026-03-27,TC7,SPOT,USD_MT,54.03125,30,2026,0
53,2026-03-30,2026-03-30,TC7,SPOT,USD_MT,54.093494,30,2026,0
52,2026-03-31,2026-03-31,TC7,SPOT,USD_MT,53.605916,30,2026,0
51,2026-04-01,2026-04-01,TC7,SPOT,USD_MT,55.099772,29,2026,0
50,2026-04-02,2026-04-02,TC7,SPOT,USD_MT,55.48879700000001,29,2026,0
49,2026-04-06,2026-04-06,TC7,SPOT,USD_MT,55.532022,29,2026,0
48,2026-04-07,2026-04-07,TC7,SPOT,USD_MT,55.481881,29,2026,0
47,2026-04-08,2026-04-08,TC7,SPOT,USD_MT,55.481881,29,2026,0
46,2026-04-09,2026-04-09,TC7,SPOT,USD_MT,55.46459100000001,29,2026,0
45,2026-04-10,2026-04-10,TC7,SPOT,USD_MT,58.230991,29,2026,0
44,2026-04-13,2026-04-13,TC7,SPOT,USD_MT,58.848244,29,2026,0
43,2026-04-14,2026-04-14,TC7,SPOT,USD_MT,59.90984999999999,29,2026,0
42,2026-04-15,2026-04-15,TC7,SPOT,USD_MT,64.035244,29,2026,0
41,2026-04-16,2026-04-16,TC7,SPOT,USD_MT,65.63975599999999,29,2026,0
40,2026-04-17,2026-04-17,TC7,SPOT,USD_MT,66.628744,29,2026,0
39,2026-04-20,2026-04-20,TC7,SPOT,USD_MT,67.12150899999999,29,2026,0
38,2026-04-21,2026-04-21,TC7,SPOT,USD_MT,67.86325,29,2026,0
37,2026-04-22,2026-04-22,TC7,SPOT,USD_MT,67.49324399999999,29,2026,0
36,2026-04-23,2026-04-23,TC7,SPOT,USD_MT,66.763606,29,2026,0
35,2026-04-24,2026-04-24,TC7,SPOT,USD_MT,66.270841,29,2026,0
34,2026-04-27,2026-04-27,TC7,SPOT,USD_MT,65.82475899999999,29,2026,0
33,2026-04-28,2026-04-28,TC7,SPOT,USD_MT,65.57924100000001,29,2026,0
32,2026-04-29,2026-04-29,TC7,SPOT,USD_MT,64.960259,29,2026,0
31,2026-04-30,2026-04-30,TC7,SPOT,USD_MT,64.590253,29,2026,0
30,2026-05-04,2026-05-04,TC7,SPOT,USD_MT,64.28249100000001,30,2026,0
29,2026-05-05,2026-05-05,TC7,SPOT,USD_MT,63.40415899999999,30,2026,0
28,2026-05-06,2026-05-06,TC7,SPOT,USD_MT,61.502259,30,2026,0
27,2026-05-07,2026-05-07,TC7,SPOT,USD_MT,61.37949999999999,30,2026,0
26,2026-05-08,2026-05-08,TC7,SPOT,USD_MT,60.824491,30,2026,0
25,2026-05-11,2026-05-11,TC7,SPOT,USD_MT,60.637759,30,2026,0
24,2026-05-12,2026-05-12,TC7,SPOT,USD_MT,60.515,30,2026,0
23,2026-05-13,2026-05-13,TC7,SPOT,USD_MT,60.144994,30,2026,0
22,2026-05-14,2026-05-14,TC7,SPOT,USD_MT,58.971003,30,2026,0
21,2026-05-15,2026-05-15,TC7,SPOT,USD_MT,58.106503,30,2026,0
20,2026-05-18,2026-05-18,TC7,SPOT,USD_MT,57.9215,30,2026,0
19,2026-05-19,2026-05-19,TC7,SPOT,USD_MT,57.674253,30,2026,0
18,2026-05-20,2026-05-20,TC7,SPOT,USD_MT,56.80975299999999,30,2026,0
17,2026-05-21,2026-05-21,TC7,SPOT,USD_MT,56.007497,30,2026,0
16,2026-05-22,2026-05-22,TC7,SPOT,USD_MT,55.76025,30,2026,0
15,2026-05-25,2026-05-25,TC7,SPOT,USD_MT,55.698006,30,2026,0
14,2026-05-26,2026-05-26,TC7,SPOT,USD_MT,55.390244,30,2026,0
13,2026-05-28,2026-05-28,TC7,SPOT,USD_MT,54.043353,30,2026,0
12,2026-05-29,2026-05-29,TC7,SPOT,USD_MT,53.28950899999999,30,2026,0
11,2026-06-02,2026-06-02,TC7,SPOT,USD_MT,52.179491,29,2026,0
10,2026-06-03,2026-06-03,TC7,SPOT,USD_MT,51.375506,29,2026,0
9,2026-06-04,2026-06-04,TC7,SPOT,USD_MT,51.1784,29,2026,0
8,2026-06-05,2026-06-05,TC7,SPOT,USD_MT,50.820497,29,2026,0
7,2026-06-08,2026-06-08,TC7,SPOT,USD_MT,50.635494,29,2026,0
6,2026-06-09,2026-06-09,TC7,SPOT,USD_MT,50.38824699999999,29,2026,0
5,2026-06-10,2026-06-10,TC7,SPOT,USD_MT,50.078756,29,2026,0
4,2026-06-11,2026-06-11,TC7,SPOT,USD_MT,49.511644,29,2026,0
3,2026-06-12,2026-06-12,TC7,SPOT,USD_MT,49.029253,29,2026,0
2,2026-06-15,2026-06-15,TC7,SPOT,USD_MT,48.597003,29,2026,0
1,2026-06-16,2026-06-16,TC7,SPOT,USD_MT,47.053006,29,2026,0
0,2026-06-17,2026-06-17,TC7,SPOT,USD_MT,46.62075599999999,29,2026,0
