Unnamed: 0,Date,TENOR_DATE,CURVE_NAME,CURVE_TYPE,UOM,Value,DAYS_TO_EXPIRY,TENOR_YEAR,DAYS_TO_EXPIRY_MASK
7148,2018-01-02,2018-01-02,TC7,SPOT,WS,174.68,30,2018,0
7147,2018-01-03,2018-01-03,TC7,SPOT,WS,172.86,30,2018,0
7146,2018-01-04,2018-01-04,TC7,SPOT,WS,169.44,30,2018,0
7145,2018-01-05,2018-01-05,TC7,SPOT,WS,166.61,30,2018,0
7144,2018-01-08,2018-01-08,TC7,SPOT,WS,164.94,30,2018,0
7143,2018-01-09,2018-01-09,TC7,SPOT,WS,164.39,30,2018,0
7142,2018-01-10,2018-01-10,TC7,SPOT,WS,163.42,30,2018,0
7141,2018-01-11,2018-01-11,TC7,SPOT,WS,163.86,30,2018,0
7140,2018-01-12,2018-01-12,TC7,SPOT,WS,163.83,30,2018,0
7139,2018-01-15,2018-01-15,TC7,SPOT,WS,164.33,30,2018,0
7138,2018-01-16,2018-01-16,TC7,SPOT,WS,165.0,30,2018,0
7137,2018-01-17,2018-01-17,TC7,SPOT,WS,166.17,30,2018,0
7136,2018-01-18,2018-01-18,TC7,SPOT,WS,167.39,30,2018,0
7135,2018-01-19,2018-01-19,TC7,SPOT,WS,167.5,30,2018,0
7134,2018-01-22,2018-01-22,TC7,SPOT,WS,167.39,30,2018,0
7133,2018-01-23,2018-01-23,TC7,SPOT,WS,167.39,30,2018,0
7132,2018-01-24,2018-01-24,TC7,SPOT,WS,167.64,30,2018,0
7131,2018-01-25,2018-01-25,TC7,SPOT,WS,166.17,30,2018,0
7130,2018-01-26,2018-01-26,TC7,SPOT,WS,164.89,30,2018,0
7129,2018-01-29,2018-01-29,TC7,SPOT,WS,163.44,30,2018,0
7128,2018-01-30,2018-01-30,TC7,SPOT,WS,163.28,30,2018,0
7127,2018-01-31,2018-01-31,TC7,SPOT,WS,163.0,30,2018,0
7126,2018-02-01,2018-02-01,TC7,SPOT,WS,162.89,27,2018,0
7125,2018-02-02,2018-02-02,TC7,SPOT,WS,162.69,27,2018,0
7124,2018-02-05,2018-02-05,TC7,SPOT,WS,162.62,27,2018,0
7123,2018-02-06,2018-02-06,TC7,SPOT,WS,161.73,27,2018,0
7122,2018-02-07,2018-02-07,TC7,SPOT,WS,161.5,27,2018,0
7121,2018-02-08,2018-02-08,TC7,SPOT,WS,161.89,27,2018,0
7120,2018-02-09,2018-02-09,TC7,SPOT,WS,161.94,27,2018,0
7119,2018-02-12,2018-02-12,TC7,SPOT,WS,162.22,27,2018,0
7118,2018-02-13,2018-02-13,TC7,SPOT,WS,163.14,27,2018,0
7117,2018-02-14,2018-02-14,TC7,SPOT,WS,163.39,27,2018,0
7116,2018-02-15,2018-02-15,TC7,SPOT,WS,163.89,27,2018,0
7115,2018-02-19,2018-02-19,TC7,SPOT,WS,164.28,27,2018,0
7114,2018-02-20,2018-02-20,TC7,SPOT,WS,164.39,27,2018,0
7113,2018-02-21,2018-02-21,TC7,SPOT,WS,164.72,27,2018,0
7112,2018-02-22,2018-02-22,TC7,SPOT,WS,165.67,27,2018,0
7111,2018-02-23,2018-02-23,TC7,SPOT,WS,166.44,27,2018,0
7110,2018-02-26,2018-02-26,TC7,SPOT,WS,166.78,27,2018,0
7109,2018-02-27,2018-02-27,TC7,SPOT,WS,166.56,27,2018,0
7108,2018-02-28,2018-02-28,TC7,SPOT,WS,166.28,27,2018,0
7107,2018-03-01,2018-03-01,TC7,SPOT,WS,166.03,30,2018,0
7106,2018-03-02,2018-03-02,TC7,SPOT,WS,166.78,30,2018,0
7105,2018-03-05,2018-03-05,TC7,SPOT,WS,166.72,30,2018,0
7104,2018-03-06,2018-03-06,TC7,SPOT,WS,168.39,30,2018,0
7103,2018-03-07,2018-03-07,TC7,SPOT,WS,170.06,30,2018,0
7102,2018-03-08,2018-03-08,TC7,SPOT,WS,171.67,30,2018,0
7101,2018-03-09,2018-03-09,TC7,SPOT,WS,173.28,30,2018,0
7100,2018-03-12,2018-03-12,TC7,SPOT,WS,177.22,30,2018,0
7099,2018-03-13,2018-03-13,TC7,SPOT,WS,178.67,30,2018,0
7098,2018-03-14,2018-03-14,TC7,SPOT,WS,179.33,30,2018,0
7097,2018-03-15,2018-03-15,TC7,SPOT,WS,180.44,30,2018,0
7096,2018-03-16,2018-03-16,TC7,SPOT,WS,182.28,30,2018,0
7095,2018-03-19,2018-03-19,TC7,SPOT,WS,183.56,30,2018,0
7094,2018-03-20,2018-03-20,TC7,SPOT,WS,192.11,30,2018,0
7093,2018-03-21,2018-03-21,TC7,SPOT,WS,198.5,30,2018,0
7092,2018-03-22,2018-03-22,TC7,SPOT,WS,199.67,30,2018,0
7091,2018-03-23,2018-03-23,TC7,SPOT,WS,200.22,30,2018,0
7090,2018-03-26,2018-03-26,TC7,SPOT,WS,200.22,30,2018,0
7089,2018-03-27,2018-03-27,TC7,SPOT,WS,200.44,30,2018,0
7088,2018-03-28,2018-03-28,TC7,SPOT,WS,199.89,30,2018,0
7087,2018-03-29,2018-03-29,TC7,SPOT,WS,198.69,30,2018,0
7086,2018-04-02,2018-04-02,TC7,SPOT,WS,197.06,29,2018,0
7085,2018-04-03,2018-04-03,TC7,SPOT,WS,196.28,29,2018,0
7084,2018-04-04,2018-04-04,TC7,SPOT,WS,196.22,29,2018,0
7083,2018-04-05,2018-04-05,TC7,SPOT,WS,196.39,29,2018,0
7082,2018-04-06,2018-04-06,TC7,SPOT,WS,199.39,29,2018,0
7081,2018-04-09,2018-04-09,TC7,SPOT,WS,200.17,29,2018,0
7080,2018-04-10,2018-04-10,TC7,SPOT,WS,200.5,29,2018,0
7079,2018-04-11,2018-04-11,TC7,SPOT,WS,200.83,29,2018,0
7078,2018-04-12,2018-04-12,TC7,SPOT,WS,200.61,29,2018,0
7077,2018-04-13,2018-04-13,TC7,SPOT,WS,199.78,29,2018,0
7076,2018-04-16,2018-04-16,TC7,SPOT,WS,198.97,29,2018,0
7075,2018-04-17,2018-04-17,TC7,SPOT,WS,197.94,29,2018,0
7074,2018-04-18,2018-04-18,TC7,SPOT,WS,197.5,29,2018,0
7073,2018-04-19,2018-04-19,TC7,SPOT,WS,196.56,29,2018,0
7072,2018-04-20,2018-04-20,TC7,SPOT,WS,194.39,29,2018,0
7071,2018-04-23,2018-04-23,TC7,SPOT,WS,193.22,29,2018,0
7070,2018-04-24,2018-04-24,TC7,SPOT,WS,191.56,29,2018,0
7069,2018-04-25,2018-04-25,TC7,SPOT,WS,189.22,29,2018,0
7068,2018-04-26,2018-04-26,TC7,SPOT,WS,187.72,29,2018,0
7067,2018-04-27,2018-04-27,TC7,SPOT,WS,186.67,29,2018,0
7066,2018-04-30,2018-04-30,TC7,SPOT,WS,185.85,29,2018,0
7065,2018-05-02,2018-05-02,TC7,SPOT,WS,185.61,30,2018,0
7064,2018-05-03,2018-05-03,TC7,SPOT,WS,185.33,30,2018,0
7063,2018-05-04,2018-05-04,TC7,SPOT,WS,185.08,30,2018,0
7062,2018-05-07,2018-05-07,TC7,SPOT,WS,184.78,30,2018,0
7061,2018-05-08,2018-05-08,TC7,SPOT,WS,184.28,30,2018,0
7060,2018-05-09,2018-05-09,TC7,SPOT,WS,183.61,30,2018,0
7059,2018-05-10,2018-05-10,TC7,SPOT,WS,183.33,30,2018,0
7058,2018-05-11,2018-05-11,TC7,SPOT,WS,183.33,30,2018,0
7057,2018-05-14,2018-05-14,TC7,SPOT,WS,183.19,30,2018,0
7056,2018-05-15,2018-05-15,TC7,SPOT,WS,183.17,30,2018,0
7055,2018-05-16,2018-05-16,TC7,SPOT,WS,183.22,30,2018,0
7054,2018-05-17,2018-05-17,TC7,SPOT,WS,183.28,30,2018,0
7053,2018-05-18,2018-05-18,TC7,SPOT,WS,183.39,30,2018,0
7052,2018-05-21,2018-05-21,TC7,SPOT,WS,183.39,30,2018,0
7051,2018-05-22,2018-05-22,TC7,SPOT,WS,184.14,30,2018,0
7050,2018-05-23,2018-05-23,TC7,SPOT,WS,183.78,30,2018,0
7049,2018-05-24,2018-05-24,TC7,SPOT,WS,183.89,30,2018,0
7048,2018-05-25,2018-05-25,TC7,SPOT,WS,183.78,30,2018,0
7047,2018-05-28,2018-05-28,TC7,SPOT,WS,183.5,30,2018,0
7046,2018-05-30,2018-05-30,TC7,SPOT,WS,183.5,30,2018,0
7045,2018-05-31,2018-05-31,TC7,SPOT,WS,183.22,30,2018,0
7044,2018-06-01,2018-06-01,TC7,SPOT,WS,183.03,29,2018,0
7043,2018-06-04,2018-06-04,TC7,SPOT,WS,182.67,29,2018,0
7042,2018-06-05,2018-06-05,TC7,SPOT,WS,181.94,29,2018,0
7041,2018-06-06,2018-06-06,TC7,SPOT,WS,181.06,29,2018,0
7040,2018-06-07,2018-06-07,TC7,SPOT,WS,180.89,29,2018,0
7039,2018-06-08,2018-06-08,TC7,SPOT,WS,180.33,29,2018,0
7038,2018-06-11,2018-06-11,TC7,SPOT,WS,179.78,29,2018,0
7037,2018-06-12,2018-06-12,TC7,SPOT,WS,179.33,29,2018,0
7036,2018-06-13,2018-06-13,TC7,SPOT,WS,179.17,29,2018,0
7035,2018-06-14,2018-06-14,TC7,SPOT,WS,179.17,29,2018,0
7034,2018-06-18,2018-06-18,TC7,SPOT,WS,179.58,29,2018,0
7033,2018-06-19,2018-06-19,TC7,SPOT,WS,179.64,29,2018,0
7032,2018-06-20,2018-06-20,TC7,SPOT,WS,179.78,29,2018,0
7031,2018-06-21,2018-06-21,TC7,SPOT,WS,179.33,29,2018,0
7030,2018-06-22,2018-06-22,TC7,SPOT,WS,179.28,29,2018,0
7029,2018-06-25,2018-06-25,TC7,SPOT,WS,179.61,29,2018,0
7028,2018-06-26,2018-06-26,TC7,SPOT,WS,179.06,29,2018,0
7027,2018-06-27,2018-06-27,TC7,SPOT,WS,177.94,29,2018,0
7026,2018-06-28,2018-06-28,TC7,SPOT,WS,176.28,29,2018,0
7025,2018-06-29,2018-06-29,TC7,SPOT,WS,173.44,29,2018,0
7024,2018-07-02,2018-07-02,TC7,SPOT,WS,173.11,30,2018,0
7023,2018-07-03,2018-07-03,TC7,SPOT,WS,172.72,30,2018,0
7022,2018-07-04,2018-07-04,TC7,SPOT,WS,172.67,30,2018,0
7021,2018-07-05,2018-07-05,TC7,SPOT,WS,173.22,30,2018,0
7020,2018-07-06,2018-07-06,TC7,SPOT,WS,174.5,30,2018,0
7019,2018-07-09,2018-07-09,TC7,SPOT,WS,175.0,30,2018,0
7018,2018-07-10,2018-07-10,TC7,SPOT,WS,175.5,30,2018,0
7017,2018-07-11,2018-07-11,TC7,SPOT,WS,176.78,30,2018,0
7016,2018-07-12,2018-07-12,TC7,SPOT,WS,177.22,30,2018,0
7015,2018-07-13,2018-07-13,TC7,SPOT,WS,177.61,30,2018,0
7014,2018-07-16,2018-07-16,TC7,SPOT,WS,178.5,30,2018,0
7013,2018-07-17,2018-07-17,TC7,SPOT,WS,179.67,30,2018,0
7012,2018-07-18,2018-07-18,TC7,SPOT,WS,182.28,30,2018,0
7011,2018-07-19,2018-07-19,TC7,SPOT,WS,183.33,30,2018,0
7010,2018-07-20,2018-07-20,TC7,SPOT,WS,184.06,30,2018,0
7009,2018-07-23,2018-07-23,TC7,SPOT,WS,185.0,30,2018,0
7008,2018-07-24,2018-07-24,TC7,SPOT,WS,185.44,30,2018,0
7007,2018-07-25,2018-07-25,TC7,SPOT,WS,189.39,30,2018,0
7006,2018-07-26,2018-07-26,TC7,SPOT,WS,191.39,30,2018,0
7005,2018-07-27,2018-07-27,TC7,SPOT,WS,190.83,30,2018,0
7004,2018-07-30,2018-07-30,TC7,SPOT,WS,190.72,30,2018,0
7003,2018-07-31,2018-07-31,TC7,SPOT,WS,190.0,30,2018,0
7002,2018-08-01,2018-08-01,TC7,SPOT,WS,187.83,30,2018,0
7001,2018-08-02,2018-08-02,TC7,SPOT,WS,186.17,30,2018,0
7000,2018-08-03,2018-08-03,TC7,SPOT,WS,183.89,30,2018,0
6999,2018-08-06,2018-08-06,TC7,SPOT,WS,182.61,30,2018,0
6998,2018-08-07,2018-08-07,TC7,SPOT,WS,182.11,30,2018,0
6997,2018-08-08,2018-08-08,TC7,SPOT,WS,181.68,30,2018,0
6996,2018-08-10,2018-08-10,TC7,SPOT,WS,180.44,30,2018,0
6995,2018-08-13,2018-08-13,TC7,SPOT,WS,180.0,30,2018,0
6994,2018-08-14,2018-08-14,TC7,SPOT,WS,180.0,30,2018,0
6993,2018-08-15,2018-08-15,TC7,SPOT,WS,179.17,30,2018,0
6992,2018-08-16,2018-08-16,TC7,SPOT,WS,177.44,30,2018,0
6991,2018-08-17,2018-08-17,TC7,SPOT,WS,176.33,30,2018,0
6990,2018-08-20,2018-08-20,TC7,SPOT,WS,176.0,30,2018,0
6989,2018-08-21,2018-08-21,TC7,SPOT,WS,175.72,30,2018,0
6988,2018-08-23,2018-08-23,TC7,SPOT,WS,175.06,30,2018,0
6987,2018-08-24,2018-08-24,TC7,SPOT,WS,174.94,30,2018,0
6986,2018-08-27,2018-08-27,TC7,SPOT,WS,174.56,30,2018,0
6985,2018-08-28,2018-08-28,TC7,SPOT,WS,173.17,30,2018,0
6984,2018-08-29,2018-08-29,TC7,SPOT,WS,171.83,30,2018,0
6983,2018-08-30,2018-08-30,TC7,SPOT,WS,170.83,30,2018,0
6982,2018-08-31,2018-08-31,TC7,SPOT,WS,170.0,30,2018,0
6981,2018-09-03,2018-09-03,TC7,SPOT,WS,170.06,29,2018,0
6980,2018-09-04,2018-09-04,TC7,SPOT,WS,170.06,29,2018,0
6979,2018-09-05,2018-09-05,TC7,SPOT,WS,169.94,29,2018,0
6978,2018-09-06,2018-09-06,TC7,SPOT,WS,169.33,29,2018,0
6977,2018-09-07,2018-09-07,TC7,SPOT,WS,169.0,29,2018,0
6976,2018-09-10,2018-09-10,TC7,SPOT,WS,168.44,29,2018,0
6975,2018-09-11,2018-09-11,TC7,SPOT,WS,165.83,29,2018,0
6974,2018-09-12,2018-09-12,TC7,SPOT,WS,164.28,29,2018,0
6973,2018-09-13,2018-09-13,TC7,SPOT,WS,163.94,29,2018,0
6972,2018-09-14,2018-09-14,TC7,SPOT,WS,163.44,29,2018,0
6971,2018-09-17,2018-09-17,TC7,SPOT,WS,163.11,29,2018,0
6970,2018-09-18,2018-09-18,TC7,SPOT,WS,162.94,29,2018,0
6969,2018-09-19,2018-09-19,TC7,SPOT,WS,162.72,29,2018,0
6968,2018-09-20,2018-09-20,TC7,SPOT,WS,162.69,29,2018,0
6967,2018-09-21,2018-09-21,TC7,SPOT,WS,162.69,29,2018,0
6966,2018-09-24,2018-09-24,TC7,SPOT,WS,162.78,29,2018,0
6965,2018-09-25,2018-09-25,TC7,SPOT,WS,162.39,29,2018,0
6964,2018-09-26,2018-09-26,TC7,SPOT,WS,162.22,29,2018,0
6963,2018-09-27,2018-09-27,TC7,SPOT,WS,161.97,29,2018,0
6962,2018-09-28,2018-09-28,TC7,SPOT,WS,161.83,29,2018,0
6961,2018-10-01,2018-10-01,TC7,SPOT,WS,161.53,30,2018,0
6960,2018-10-02,2018-10-02,TC7,SPOT,WS,160.72,30,2018,0
6959,2018-10-03,2018-10-03,TC7,SPOT,WS,160.17,30,2018,0
6958,2018-10-04,2018-10-04,TC7,SPOT,WS,160.67,30,2018,0
6957,2018-10-05,2018-10-05,TC7,SPOT,WS,161.61,30,2018,0
6956,2018-10-08,2018-10-08,TC7,SPOT,WS,163.56,30,2018,0
6955,2018-10-09,2018-10-09,TC7,SPOT,WS,163.72,30,2018,0
6954,2018-10-10,2018-10-10,TC7,SPOT,WS,164.39,30,2018,0
6953,2018-10-11,2018-10-11,TC7,SPOT,WS,165.06,30,2018,0
6952,2018-10-12,2018-10-12,TC7,SPOT,WS,165.17,30,2018,0
6951,2018-10-15,2018-10-15,TC7,SPOT,WS,166.17,30,2018,0
6950,2018-10-16,2018-10-16,TC7,SPOT,WS,166.11,30,2018,0
6949,2018-10-17,2018-10-17,TC7,SPOT,WS,166.56,30,2018,0
6948,2018-10-18,2018-10-18,TC7,SPOT,WS,166.83,30,2018,0
6947,2018-10-19,2018-10-19,TC7,SPOT,WS,166.5,30,2018,0
6946,2018-10-22,2018-10-22,TC7,SPOT,WS,166.5,30,2018,0
6945,2018-10-23,2018-10-23,TC7,SPOT,WS,166.39,30,2018,0
6944,2018-10-24,2018-10-24,TC7,SPOT,WS,166.61,30,2018,0
6943,2018-10-25,2018-10-25,TC7,SPOT,WS,166.44,30,2018,0
6942,2018-10-26,2018-10-26,TC7,SPOT,WS,166.17,30,2018,0
6941,2018-10-29,2018-10-29,TC7,SPOT,WS,167.72,30,2018,0
6940,2018-10-30,2018-10-30,TC7,SPOT,WS,168.78,30,2018,0
6939,2018-10-31,2018-10-31,TC7,SPOT,WS,169.72,30,2018,0
6938,2018-11-01,2018-11-01,TC7,SPOT,WS,170.33,29,2018,0
6937,2018-11-02,2018-11-02,TC7,SPOT,WS,171.17,29,2018,0
6936,2018-11-05,2018-11-05,TC7,SPOT,WS,172.78,29,2018,0
6935,2018-11-07,2018-11-07,TC7,SPOT,WS,175.37,29,2018,0
6934,2018-11-08,2018-11-08,TC7,SPOT,WS,177.61,29,2018,0
6933,2018-11-09,2018-11-09,TC7,SPOT,WS,180.0,29,2018,0
6932,2018-11-12,2018-11-12,TC7,SPOT,WS,180.56,29,2018,0
6931,2018-11-13,2018-11-13,TC7,SPOT,WS,180.83,29,2018,0
6930,2018-11-14,2018-11-14,TC7,SPOT,WS,180.83,29,2018,0
6929,2018-11-15,2018-11-15,TC7,SPOT,WS,180.83,29,2018,0
6928,2018-11-16,2018-11-16,TC7,SPOT,WS,180.94,29,2018,0
6927,2018-11-19,2018-11-19,TC7,SPOT,WS,181.22,29,2018,0
6926,2018-11-20,2018-11-20,TC7,SPOT,WS,181.28,29,2018,0
6925,2018-11-21,2018-11-21,TC7,SPOT,WS,181.0,29,2018,0
6924,2018-11-22,2018-11-22,TC7,SPOT,WS,180.72,29,2018,0
6923,2018-11-23,2018-11-23,TC7,SPOT,WS,180.61,29,2018,0
6922,2018-11-26,2018-11-26,TC7,SPOT,WS,180.17,29,2018,0
6921,2018-11-27,2018-11-27,TC7,SPOT,WS,179.67,29,2018,0
6920,2018-11-28,2018-11-28,TC7,SPOT,WS,179.44,29,2018,0
6919,2018-11-29,2018-11-29,TC7,SPOT,WS,180.0,29,2018,0
6918,2018-11-30,2018-11-30,TC7,SPOT,WS,181.39,29,2018,0
6917,2018-12-03,2018-12-03,TC7,SPOT,WS,183.06,30,2018,0
6916,2018-12-04,2018-12-04,TC7,SPOT,WS,184.17,30,2018,0
6915,2018-12-05,2018-12-05,TC7,SPOT,WS,187.61,30,2018,0
6914,2018-12-06,2018-12-06,TC7,SPOT,WS,190.17,30,2018,0
6913,2018-12-07,2018-12-07,TC7,SPOT,WS,192.17,30,2018,0
6912,2018-12-10,2018-12-10,TC7,SPOT,WS,193.5,30,2018,0
6911,2018-12-11,2018-12-11,TC7,SPOT,WS,217.22,30,2018,0
6910,2018-12-12,2018-12-12,TC7,SPOT,WS,221.67,30,2018,0
6909,2018-12-13,2018-12-13,TC7,SPOT,WS,223.56,30,2018,0
6908,2018-12-14,2018-12-14,TC7,SPOT,WS,226.67,30,2018,0
6907,2018-12-17,2018-12-17,TC7,SPOT,WS,229.17,30,2018,0
6906,2018-12-18,2018-12-18,TC7,SPOT,WS,230.28,30,2018,0
6905,2018-12-19,2018-12-19,TC7,SPOT,WS,231.94,30,2018,0
6904,2018-12-20,2018-12-20,TC7,SPOT,WS,235.22,30,2018,0
6903,2018-12-21,2018-12-21,TC7,SPOT,WS,236.67,30,2018,0
6902,2018-12-24,2018-12-24,TC7,SPOT,WS,237.06,30,2018,0
6901,2019-01-02,2019-01-02,TC7,SPOT,WS,202.78,30,2019,0
6900,2019-01-03,2019-01-03,TC7,SPOT,WS,204.0,30,2019,0
6899,2019-01-04,2019-01-04,TC7,SPOT,WS,208.11,30,2019,0
6898,2019-01-07,2019-01-07,TC7,SPOT,WS,209.11,30,2019,0
6897,2019-01-08,2019-01-08,TC7,SPOT,WS,210.39,30,2019,0
6896,2019-01-09,2019-01-09,TC7,SPOT,WS,210.06,30,2019,0
6895,2019-01-10,2019-01-10,TC7,SPOT,WS,210.0000000000001,30,2019,0
6894,2019-01-11,2019-01-11,TC7,SPOT,WS,210.06,30,2019,0
6893,2019-01-14,2019-01-14,TC7,SPOT,WS,208.78,30,2019,0
6892,2019-01-15,2019-01-15,TC7,SPOT,WS,208.33,30,2019,0
6891,2019-01-16,2019-01-16,TC7,SPOT,WS,207.33,30,2019,0
6890,2019-01-17,2019-01-17,TC7,SPOT,WS,206.28,30,2019,0
6889,2019-01-18,2019-01-18,TC7,SPOT,WS,205.17,30,2019,0
6888,2019-01-21,2019-01-21,TC7,SPOT,WS,204.67,30,2019,0
6887,2019-01-22,2019-01-22,TC7,SPOT,WS,201.94,30,2019,0
6886,2019-01-23,2019-01-23,TC7,SPOT,WS,199.94,30,2019,0
6885,2019-01-24,2019-01-24,TC7,SPOT,WS,199.11,30,2019,0
6884,2019-01-25,2019-01-25,TC7,SPOT,WS,198.78,30,2019,0
6883,2019-01-28,2019-01-28,TC7,SPOT,WS,197.17,30,2019,0
6882,2019-01-29,2019-01-29,TC7,SPOT,WS,195.0,30,2019,0
6881,2019-01-30,2019-01-30,TC7,SPOT,WS,193.33,30,2019,0
6880,2019-01-31,2019-01-31,TC7,SPOT,WS,191.56,30,2019,0
6879,2019-02-01,2019-02-01,TC7,SPOT,WS,190.33,27,2019,0
6878,2019-02-04,2019-02-04,TC7,SPOT,WS,189.78,27,2019,0
6877,2019-02-07,2019-02-07,TC7,SPOT,WS,189.39,27,2019,0
6876,2019-02-08,2019-02-08,TC7,SPOT,WS,189.11,27,2019,0
6875,2019-02-11,2019-02-11,TC7,SPOT,WS,188.0,27,2019,0
6874,2019-02-12,2019-02-12,TC7,SPOT,WS,186.33,27,2019,0
6873,2019-02-13,2019-02-13,TC7,SPOT,WS,184.44,27,2019,0
6872,2019-02-14,2019-02-14,TC7,SPOT,WS,184.28,27,2019,0
6871,2019-02-15,2019-02-15,TC7,SPOT,WS,183.67,27,2019,0
6870,2019-02-18,2019-02-18,TC7,SPOT,WS,182.56,27,2019,0
6869,2019-02-19,2019-02-19,TC7,SPOT,WS,181.44,27,2019,0
6868,2019-02-20,2019-02-20,TC7,SPOT,WS,180.22,27,2019,0
6867,2019-02-21,2019-02-21,TC7,SPOT,WS,179.44,27,2019,0
6866,2019-02-22,2019-02-22,TC7,SPOT,WS,177.06,27,2019,0
6865,2019-02-25,2019-02-25,TC7,SPOT,WS,175.44,27,2019,0
6864,2019-02-26,2019-02-26,TC7,SPOT,WS,173.99,27,2019,0
6863,2019-02-27,2019-02-27,TC7,SPOT,WS,173.22,27,2019,0
6862,2019-02-28,2019-02-28,TC7,SPOT,WS,172.78,27,2019,0
6861,2019-03-01,2019-03-01,TC7,SPOT,WS,171.72,30,2019,0
6860,2019-03-04,2019-03-04,TC7,SPOT,WS,170.83,30,2019,0
6859,2019-03-05,2019-03-05,TC7,SPOT,WS,169.83,30,2019,0
6858,2019-03-06,2019-03-06,TC7,SPOT,WS,167.22,30,2019,0
6857,2019-03-07,2019-03-07,TC7,SPOT,WS,166.72,30,2019,0
6856,2019-03-08,2019-03-08,TC7,SPOT,WS,165.89,30,2019,0
6855,2019-03-11,2019-03-11,TC7,SPOT,WS,165.89,30,2019,0
6854,2019-03-12,2019-03-12,TC7,SPOT,WS,165.94,30,2019,0
6853,2019-03-13,2019-03-13,TC7,SPOT,WS,166.42,30,2019,0
6852,2019-03-14,2019-03-14,TC7,SPOT,WS,166.94,30,2019,0
6851,2019-03-15,2019-03-15,TC7,SPOT,WS,166.89,30,2019,0
6850,2019-03-18,2019-03-18,TC7,SPOT,WS,167.0,30,2019,0
6849,2019-03-19,2019-03-19,TC7,SPOT,WS,167.89,30,2019,0
6848,2019-03-20,2019-03-20,TC7,SPOT,WS,168.39,30,2019,0
6847,2019-03-21,2019-03-21,TC7,SPOT,WS,169.83,30,2019,0
6846,2019-03-22,2019-03-22,TC7,SPOT,WS,170.56,30,2019,0
6845,2019-03-25,2019-03-25,TC7,SPOT,WS,170.61,30,2019,0
6844,2019-03-26,2019-03-26,TC7,SPOT,WS,170.67,30,2019,0
6843,2019-03-27,2019-03-27,TC7,SPOT,WS,170.67,30,2019,0
6842,2019-03-28,2019-03-28,TC7,SPOT,WS,171.79,30,2019,0
6841,2019-03-29,2019-03-29,TC7,SPOT,WS,173.83,30,2019,0
6840,2019-04-01,2019-04-01,TC7,SPOT,WS,174.56,29,2019,0
6839,2019-04-02,2019-04-02,TC7,SPOT,WS,175.28,29,2019,0
6838,2019-04-03,2019-04-03,TC7,SPOT,WS,175.28,29,2019,0
6837,2019-04-04,2019-04-04,TC7,SPOT,WS,175.28,29,2019,0
6836,2019-04-05,2019-04-05,TC7,SPOT,WS,175.28,29,2019,0
6835,2019-04-08,2019-04-08,TC7,SPOT,WS,175.83,29,2019,0
6834,2019-04-09,2019-04-09,TC7,SPOT,WS,175.94,29,2019,0
6833,2019-04-10,2019-04-10,TC7,SPOT,WS,175.56,29,2019,0
6832,2019-04-11,2019-04-11,TC7,SPOT,WS,175.39,29,2019,0
6831,2019-04-12,2019-04-12,TC7,SPOT,WS,175.33,29,2019,0
6830,2019-04-15,2019-04-15,TC7,SPOT,WS,175.61,29,2019,0
6829,2019-04-16,2019-04-16,TC7,SPOT,WS,175.28,29,2019,0
6828,2019-04-17,2019-04-17,TC7,SPOT,WS,174.89,29,2019,0
6827,2019-04-18,2019-04-18,TC7,SPOT,WS,174.72,29,2019,0
6826,2019-04-22,2019-04-22,TC7,SPOT,WS,174.17,29,2019,0
6825,2019-04-23,2019-04-23,TC7,SPOT,WS,173.56,29,2019,0
6824,2019-04-24,2019-04-24,TC7,SPOT,WS,173.0,29,2019,0
6823,2019-04-25,2019-04-25,TC7,SPOT,WS,172.44,29,2019,0
6822,2019-04-26,2019-04-26,TC7,SPOT,WS,171.72,29,2019,0
6821,2019-04-29,2019-04-29,TC7,SPOT,WS,170.67,29,2019,0
6820,2019-04-30,2019-04-30,TC7,SPOT,WS,169.44,29,2019,0
6819,2019-05-02,2019-05-02,TC7,SPOT,WS,168.83,30,2019,0
6818,2019-05-03,2019-05-03,TC7,SPOT,WS,167.67,30,2019,0
6817,2019-05-06,2019-05-06,TC7,SPOT,WS,167.56,30,2019,0
6816,2019-05-07,2019-05-07,TC7,SPOT,WS,167.56,30,2019,0
6815,2019-05-08,2019-05-08,TC7,SPOT,WS,166.67,30,2019,0
6814,2019-05-09,2019-05-09,TC7,SPOT,WS,165.72,30,2019,0
6813,2019-05-10,2019-05-10,TC7,SPOT,WS,165.36,30,2019,0
6812,2019-05-13,2019-05-13,TC7,SPOT,WS,165.0,30,2019,0
6811,2019-05-14,2019-05-14,TC7,SPOT,WS,164.44,30,2019,0
6810,2019-05-15,2019-05-15,TC7,SPOT,WS,163.67,30,2019,0
6809,2019-05-16,2019-05-16,TC7,SPOT,WS,162.95,30,2019,0
6808,2019-05-17,2019-05-17,TC7,SPOT,WS,161.81,30,2019,0
6807,2019-05-21,2019-05-21,TC7,SPOT,WS,161.06,30,2019,0
6806,2019-05-22,2019-05-22,TC7,SPOT,WS,160.61,30,2019,0
6805,2019-05-23,2019-05-23,TC7,SPOT,WS,160.39,30,2019,0
6804,2019-05-24,2019-05-24,TC7,SPOT,WS,159.89,30,2019,0
6803,2019-05-27,2019-05-27,TC7,SPOT,WS,158.61,30,2019,0
6802,2019-05-28,2019-05-28,TC7,SPOT,WS,158.17,30,2019,0
6801,2019-05-29,2019-05-29,TC7,SPOT,WS,157.83,30,2019,0
6800,2019-05-30,2019-05-30,TC7,SPOT,WS,157.72,30,2019,0
6799,2019-05-31,2019-05-31,TC7,SPOT,WS,158.72,30,2019,0
6798,2019-06-03,2019-06-03,TC7,SPOT,WS,159.22,29,2019,0
6797,2019-06-04,2019-06-04,TC7,SPOT,WS,159.5,29,2019,0
6796,2019-06-06,2019-06-06,TC7,SPOT,WS,159.67,29,2019,0
6795,2019-06-07,2019-06-07,TC7,SPOT,WS,159.38,29,2019,0
6794,2019-06-10,2019-06-10,TC7,SPOT,WS,159.83,29,2019,0
6793,2019-06-11,2019-06-11,TC7,SPOT,WS,159.78,29,2019,0
6792,2019-06-12,2019-06-12,TC7,SPOT,WS,160.0,29,2019,0
6791,2019-06-13,2019-06-13,TC7,SPOT,WS,160.0,29,2019,0
6790,2019-06-14,2019-06-14,TC7,SPOT,WS,160.56,29,2019,0
6789,2019-06-17,2019-06-17,TC7,SPOT,WS,161.11,29,2019,0
6788,2019-06-18,2019-06-18,TC7,SPOT,WS,161.72,29,2019,0
6787,2019-06-19,2019-06-19,TC7,SPOT,WS,163.17,29,2019,0
6786,2019-06-20,2019-06-20,TC7,SPOT,WS,164.28,29,2019,0
6785,2019-06-21,2019-06-21,TC7,SPOT,WS,165.28,29,2019,0
6784,2019-06-24,2019-06-24,TC7,SPOT,WS,164.89,29,2019,0
6783,2019-06-25,2019-06-25,TC7,SPOT,WS,164.44,29,2019,0
6782,2019-06-26,2019-06-26,TC7,SPOT,WS,163.06,29,2019,0
6781,2019-06-27,2019-06-27,TC7,SPOT,WS,161.39,29,2019,0
6780,2019-06-28,2019-06-28,TC7,SPOT,WS,160.72,29,2019,0
6779,2019-07-01,2019-07-01,TC7,SPOT,WS,160.28,30,2019,0
6778,2019-07-02,2019-07-02,TC7,SPOT,WS,160.28,30,2019,0
6777,2019-07-03,2019-07-03,TC7,SPOT,WS,159.89,30,2019,0
6776,2019-07-04,2019-07-04,TC7,SPOT,WS,159.61,30,2019,0
6775,2019-07-05,2019-07-05,TC7,SPOT,WS,159.33,30,2019,0
6774,2019-07-08,2019-07-08,TC7,SPOT,WS,159.33,30,2019,0
6773,2019-07-09,2019-07-09,TC7,SPOT,WS,159.11,30,2019,0
6772,2019-07-10,2019-07-10,TC7,SPOT,WS,159.0,30,2019,0
6771,2019-07-11,2019-07-11,TC7,SPOT,WS,159.0,30,2019,0
6770,2019-07-12,2019-07-12,TC7,SPOT,WS,159.0,30,2019,0
6769,2019-07-15,2019-07-15,TC7,SPOT,WS,158.72,30,2019,0
6768,2019-07-16,2019-07-16,TC7,SPOT,WS,158.72,30,2019,0
6767,2019-07-17,2019-07-17,TC7,SPOT,WS,158.61,30,2019,0
6766,2019-07-18,2019-07-18,TC7,SPOT,WS,159.11,30,2019,0
6765,2019-07-19,2019-07-19,TC7,SPOT,WS,159.67,30,2019,0
6764,2019-07-22,2019-07-22,TC7,SPOT,WS,160.11,30,2019,0
6763,2019-07-23,2019-07-23,TC7,SPOT,WS,160.67,30,2019,0
6762,2019-07-24,2019-07-24,TC7,SPOT,WS,160.44,30,2019,0
6761,2019-07-25,2019-07-25,TC7,SPOT,WS,160.61,30,2019,0
6760,2019-07-26,2019-07-26,TC7,SPOT,WS,160.89,30,2019,0
6759,2019-07-29,2019-07-29,TC7,SPOT,WS,163.67,30,2019,0
6758,2019-07-30,2019-07-30,TC7,SPOT,WS,165.11,30,2019,0
6757,2019-07-31,2019-07-31,TC7,SPOT,WS,165.78,30,2019,0
6756,2019-08-01,2019-08-01,TC7,SPOT,WS,165.78,30,2019,0
6755,2019-08-02,2019-08-02,TC7,SPOT,WS,166.61,30,2019,0
6754,2019-08-05,2019-08-05,TC7,SPOT,WS,168.39,30,2019,0
6753,2019-08-06,2019-08-06,TC7,SPOT,WS,170.44,30,2019,0
6752,2019-08-07,2019-08-07,TC7,SPOT,WS,171.22,30,2019,0
6751,2019-08-08,2019-08-08,TC7,SPOT,WS,171.94,30,2019,0
6750,2019-08-13,2019-08-13,TC7,SPOT,WS,174.83,30,2019,0
6749,2019-08-14,2019-08-14,TC7,SPOT,WS,173.33,30,2019,0
6748,2019-08-15,2019-08-15,TC7,SPOT,WS,171.89,30,2019,0
6747,2019-08-16,2019-08-16,TC7,SPOT,WS,171.0,30,2019,0
6746,2019-08-19,2019-08-19,TC7,SPOT,WS,170.5,30,2019,0
6745,2019-08-20,2019-08-20,TC7,SPOT,WS,170.39,30,2019,0
6744,2019-08-21,2019-08-21,TC7,SPOT,WS,170.11,30,2019,0
6743,2019-08-22,2019-08-22,TC7,SPOT,WS,170.0,30,2019,0
6742,2019-08-23,2019-08-23,TC7,SPOT,WS,170.56,30,2019,0
6741,2019-08-26,2019-08-26,TC7,SPOT,WS,170.56,30,2019,0
6740,2019-08-27,2019-08-27,TC7,SPOT,WS,171.67,30,2019,0
6739,2019-08-28,2019-08-28,TC7,SPOT,WS,172.11,30,2019,0
6738,2019-08-29,2019-08-29,TC7,SPOT,WS,172.78,30,2019,0
6737,2019-08-30,2019-08-30,TC7,SPOT,WS,173.78,30,2019,0
6736,2019-09-02,2019-09-02,TC7,SPOT,WS,174.33,29,2019,0
6735,2019-09-03,2019-09-03,TC7,SPOT,WS,174.17,29,2019,0
6734,2019-09-04,2019-09-04,TC7,SPOT,WS,174.39,29,2019,0
6733,2019-09-05,2019-09-05,TC7,SPOT,WS,174.67,29,2019,0
6732,2019-09-06,2019-09-06,TC7,SPOT,WS,175.78,29,2019,0
6731,2019-09-09,2019-09-09,TC7,SPOT,WS,175.61,29,2019,0
6730,2019-09-10,2019-09-10,TC7,SPOT,WS,175.0,29,2019,0
6729,2019-09-11,2019-09-11,TC7,SPOT,WS,174.44,29,2019,0
6728,2019-09-12,2019-09-12,TC7,SPOT,WS,174.11,29,2019,0
6727,2019-09-13,2019-09-13,TC7,SPOT,WS,174.61,29,2019,0
6726,2019-09-16,2019-09-16,TC7,SPOT,WS,174.67,29,2019,0
6725,2019-09-18,2019-09-18,TC7,SPOT,WS,176.5,29,2019,0
6724,2019-09-19,2019-09-19,TC7,SPOT,WS,177.72,29,2019,0
6723,2019-09-20,2019-09-20,TC7,SPOT,WS,177.86,29,2019,0
6722,2019-09-23,2019-09-23,TC7,SPOT,WS,177.67,29,2019,0
6721,2019-09-24,2019-09-24,TC7,SPOT,WS,177.83,29,2019,0
6720,2019-09-25,2019-09-25,TC7,SPOT,WS,177.56,29,2019,0
6719,2019-09-26,2019-09-26,TC7,SPOT,WS,177.17,29,2019,0
6718,2019-09-27,2019-09-27,TC7,SPOT,WS,177.07,29,2019,0
6717,2019-09-30,2019-09-30,TC7,SPOT,WS,175.5,29,2019,0
6716,2019-10-01,2019-10-01,TC7,SPOT,WS,175.22,30,2019,0
6715,2019-10-02,2019-10-02,TC7,SPOT,WS,174.17,30,2019,0
6714,2019-10-03,2019-10-03,TC7,SPOT,WS,173.67,30,2019,0
6713,2019-10-04,2019-10-04,TC7,SPOT,WS,172.0,30,2019,0
6712,2019-10-07,2019-10-07,TC7,SPOT,WS,172.22,30,2019,0
6711,2019-10-08,2019-10-08,TC7,SPOT,WS,172.5,30,2019,0
6710,2019-10-09,2019-10-09,TC7,SPOT,WS,172.22,30,2019,0
6709,2019-10-10,2019-10-10,TC7,SPOT,WS,173.28,30,2019,0
6708,2019-10-11,2019-10-11,TC7,SPOT,WS,178.94,30,2019,0
6707,2019-10-14,2019-10-14,TC7,SPOT,WS,182.5,30,2019,0
6706,2019-10-15,2019-10-15,TC7,SPOT,WS,238.33,30,2019,0
6705,2019-10-16,2019-10-16,TC7,SPOT,WS,253.33,30,2019,0
6704,2019-10-17,2019-10-17,TC7,SPOT,WS,257.22,30,2019,0
6703,2019-10-18,2019-10-18,TC7,SPOT,WS,247.78,30,2019,0
6702,2019-10-21,2019-10-21,TC7,SPOT,WS,228.06,30,2019,0
6701,2019-10-22,2019-10-22,TC7,SPOT,WS,220.56,30,2019,0
6700,2019-10-23,2019-10-23,TC7,SPOT,WS,215.56,30,2019,0
6699,2019-10-24,2019-10-24,TC7,SPOT,WS,208.06,30,2019,0
6698,2019-10-25,2019-10-25,TC7,SPOT,WS,205.28,30,2019,0
6697,2019-10-29,2019-10-29,TC7,SPOT,WS,200.83,30,2019,0
6696,2019-10-30,2019-10-30,TC7,SPOT,WS,196.67,30,2019,0
6695,2019-10-31,2019-10-31,TC7,SPOT,WS,195.0,30,2019,0
6694,2019-11-01,2019-11-01,TC7,SPOT,WS,194.44,29,2019,0
6693,2019-11-04,2019-11-04,TC7,SPOT,WS,192.78,29,2019,0
6692,2019-11-05,2019-11-05,TC7,SPOT,WS,191.39,29,2019,0
6691,2019-11-06,2019-11-06,TC7,SPOT,WS,191.11,29,2019,0
6690,2019-11-07,2019-11-07,TC7,SPOT,WS,186.67,29,2019,0
6689,2019-11-08,2019-11-08,TC7,SPOT,WS,185.83,29,2019,0
6688,2019-11-11,2019-11-11,TC7,SPOT,WS,186.78,29,2019,0
6687,2019-11-12,2019-11-12,TC7,SPOT,WS,190.78,29,2019,0
6686,2019-11-13,2019-11-13,TC7,SPOT,WS,193.33,29,2019,0
6685,2019-11-14,2019-11-14,TC7,SPOT,WS,194.17,29,2019,0
6684,2019-11-15,2019-11-15,TC7,SPOT,WS,193.89,29,2019,0
6683,2019-11-18,2019-11-18,TC7,SPOT,WS,194.44,29,2019,0
6682,2019-11-19,2019-11-19,TC7,SPOT,WS,195.78,29,2019,0
6681,2019-11-20,2019-11-20,TC7,SPOT,WS,200.28,29,2019,0
6680,2019-11-21,2019-11-21,TC7,SPOT,WS,208.33,29,2019,0
6679,2019-11-22,2019-11-22,TC7,SPOT,WS,211.17,29,2019,0
6678,2019-11-25,2019-11-25,TC7,SPOT,WS,213.61,29,2019,0
6677,2019-11-26,2019-11-26,TC7,SPOT,WS,213.89,29,2019,0
6676,2019-11-27,2019-11-27,TC7,SPOT,WS,213.33,29,2019,0
6675,2019-11-28,2019-11-28,TC7,SPOT,WS,212.78,29,2019,0
6674,2019-11-29,2019-11-29,TC7,SPOT,WS,212.5,29,2019,0
6673,2019-12-02,2019-12-02,TC7,SPOT,WS,211.11,30,2019,0
6672,2019-12-03,2019-12-03,TC7,SPOT,WS,208.61,30,2019,0
6671,2019-12-04,2019-12-04,TC7,SPOT,WS,205.11,30,2019,0
6670,2019-12-05,2019-12-05,TC7,SPOT,WS,204.83,30,2019,0
6669,2019-12-06,2019-12-06,TC7,SPOT,WS,204.39,30,2019,0
6668,2019-12-09,2019-12-09,TC7,SPOT,WS,206.5,30,2019,0
6667,2019-12-10,2019-12-10,TC7,SPOT,WS,208.67,30,2019,0
6666,2019-12-11,2019-12-11,TC7,SPOT,WS,210.94,30,2019,0
6665,2019-12-12,2019-12-12,TC7,SPOT,WS,215.39,30,2019,0
6664,2019-12-13,2019-12-13,TC7,SPOT,WS,216.67,30,2019,0
6663,2019-12-16,2019-12-16,TC7,SPOT,WS,217.17,30,2019,0
6662,2019-12-17,2019-12-17,TC7,SPOT,WS,218.33,30,2019,0
6661,2019-12-18,2019-12-18,TC7,SPOT,WS,217.94,30,2019,0
6660,2019-12-19,2019-12-19,TC7,SPOT,WS,220.0000000000001,30,2019,0
6659,2019-12-20,2019-12-20,TC7,SPOT,WS,221.11,30,2019,0
6658,2019-12-23,2019-12-23,TC7,SPOT,WS,221.5,30,2019,0
6657,2019-12-24,2019-12-24,TC7,SPOT,WS,220.72,30,2019,0
6656,2020-01-02,2020-01-02,TC7,SPOT,WS,186.99,30,2020,0
6655,2020-01-03,2020-01-03,TC7,SPOT,WS,185.88,30,2020,0
6654,2020-01-06,2020-01-06,TC7,SPOT,WS,185.44,30,2020,0
6653,2020-01-07,2020-01-07,TC7,SPOT,WS,185.22,30,2020,0
6652,2020-01-08,2020-01-08,TC7,SPOT,WS,184.99,30,2020,0
6651,2020-01-09,2020-01-09,TC7,SPOT,WS,185.33,30,2020,0
6650,2020-01-10,2020-01-10,TC7,SPOT,WS,185.56,30,2020,0
6649,2020-01-13,2020-01-13,TC7,SPOT,WS,185.11,30,2020,0
6648,2020-01-14,2020-01-14,TC7,SPOT,WS,185.0,30,2020,0
6647,2020-01-15,2020-01-15,TC7,SPOT,WS,185.78,30,2020,0
6646,2020-01-16,2020-01-16,TC7,SPOT,WS,185.61,30,2020,0
6645,2020-01-17,2020-01-17,TC7,SPOT,WS,184.44,30,2020,0
6644,2020-01-20,2020-01-20,TC7,SPOT,WS,184.28,30,2020,0
6643,2020-01-21,2020-01-21,TC7,SPOT,WS,182.0,30,2020,0
6642,2020-01-22,2020-01-22,TC7,SPOT,WS,180.72,30,2020,0
6641,2020-01-23,2020-01-23,TC7,SPOT,WS,180.0,30,2020,0
6640,2020-01-24,2020-01-24,TC7,SPOT,WS,179.83,30,2020,0
6639,2020-01-28,2020-01-28,TC7,SPOT,WS,179.11,30,2020,0
6638,2020-01-29,2020-01-29,TC7,SPOT,WS,178.56,30,2020,0
6637,2020-01-30,2020-01-30,TC7,SPOT,WS,177.39,30,2020,0
6636,2020-01-31,2020-01-31,TC7,SPOT,WS,173.5,30,2020,0
6635,2020-02-03,2020-02-03,TC7,SPOT,WS,166.67,28,2020,0
6634,2020-02-04,2020-02-04,TC7,SPOT,WS,164.17,28,2020,0
6633,2020-02-05,2020-02-05,TC7,SPOT,WS,161.39,28,2020,0
6632,2020-02-06,2020-02-06,TC7,SPOT,WS,158.89,28,2020,0
6631,2020-02-07,2020-02-07,TC7,SPOT,WS,156.17,28,2020,0
6630,2020-02-10,2020-02-10,TC7,SPOT,WS,155.0,28,2020,0
6629,2020-02-11,2020-02-11,TC7,SPOT,WS,155.0,28,2020,0
6628,2020-02-12,2020-02-12,TC7,SPOT,WS,155.0,28,2020,0
6627,2020-02-13,2020-02-13,TC7,SPOT,WS,154.72,28,2020,0
6626,2020-02-14,2020-02-14,TC7,SPOT,WS,154.61,28,2020,0
6625,2020-02-17,2020-02-17,TC7,SPOT,WS,153.89,28,2020,0
6624,2020-02-18,2020-02-18,TC7,SPOT,WS,153.89,28,2020,0
6623,2020-02-19,2020-02-19,TC7,SPOT,WS,154.39,28,2020,0
6622,2020-02-20,2020-02-20,TC7,SPOT,WS,155.0,28,2020,0
6621,2020-02-21,2020-02-21,TC7,SPOT,WS,154.89,28,2020,0
6620,2020-02-24,2020-02-24,TC7,SPOT,WS,155.44,28,2020,0
6619,2020-02-25,2020-02-25,TC7,SPOT,WS,155.44,28,2020,0
6618,2020-02-26,2020-02-26,TC7,SPOT,WS,156.83,28,2020,0
6617,2020-02-27,2020-02-27,TC7,SPOT,WS,157.78,28,2020,0
6616,2020-02-28,2020-02-28,TC7,SPOT,WS,159.44,28,2020,0
6615,2020-03-02,2020-03-02,TC7,SPOT,WS,160.33,30,2020,0
6614,2020-03-03,2020-03-03,TC7,SPOT,WS,160.56,30,2020,0
6613,2020-03-04,2020-03-04,TC7,SPOT,WS,162.78,30,2020,0
6612,2020-03-05,2020-03-05,TC7,SPOT,WS,164.28,30,2020,0
6611,2020-03-06,2020-03-06,TC7,SPOT,WS,164.17,30,2020,0
6610,2020-03-09,2020-03-09,TC7,SPOT,WS,164.72,30,2020,0
6609,2020-03-10,2020-03-10,TC7,SPOT,WS,164.33,30,2020,0
6608,2020-03-11,2020-03-11,TC7,SPOT,WS,164.17,30,2020,0
6607,2020-03-12,2020-03-12,TC7,SPOT,WS,165.0,30,2020,0
6606,2020-03-13,2020-03-13,TC7,SPOT,WS,166.39,30,2020,0
6605,2020-03-16,2020-03-16,TC7,SPOT,WS,168.89,30,2020,0
6604,2020-03-17,2020-03-17,TC7,SPOT,WS,170.28,30,2020,0
6603,2020-03-18,2020-03-18,TC7,SPOT,WS,173.89,30,2020,0
6602,2020-03-19,2020-03-19,TC7,SPOT,WS,176.39,30,2020,0
6601,2020-03-20,2020-03-20,TC7,SPOT,WS,181.67,30,2020,0
6600,2020-03-23,2020-03-23,TC7,SPOT,WS,185.28,30,2020,0
6599,2020-03-24,2020-03-24,TC7,SPOT,WS,190.56,30,2020,0
6598,2020-03-25,2020-03-25,TC7,SPOT,WS,192.0,30,2020,0
6597,2020-03-26,2020-03-26,TC7,SPOT,WS,192.17,30,2020,0
6596,2020-03-27,2020-03-27,TC7,SPOT,WS,191.89,30,2020,0
6595,2020-03-30,2020-03-30,TC7,SPOT,WS,191.83,30,2020,0
6594,2020-03-31,2020-03-31,TC7,SPOT,WS,191.61,30,2020,0
6593,2020-04-01,2020-04-01,TC7,SPOT,WS,191.44,29,2020,0
6592,2020-04-02,2020-04-02,TC7,SPOT,WS,191.61,29,2020,0
6591,2020-04-03,2020-04-03,TC7,SPOT,WS,192.78,29,2020,0
6590,2020-04-06,2020-04-06,TC7,SPOT,WS,196.0,29,2020,0
6589,2020-04-07,2020-04-07,TC7,SPOT,WS,195.94,29,2020,0
6588,2020-04-08,2020-04-08,TC7,SPOT,WS,193.67,29,2020,0
6587,2020-04-09,2020-04-09,TC7,SPOT,WS,188.5,29,2020,0
6586,2020-04-13,2020-04-13,TC7,SPOT,WS,183.83,29,2020,0
6585,2020-04-14,2020-04-14,TC7,SPOT,WS,184.94,29,2020,0
6584,2020-04-15,2020-04-15,TC7,SPOT,WS,186.78,29,2020,0
6583,2020-04-16,2020-04-16,TC7,SPOT,WS,188.56,29,2020,0
6582,2020-04-17,2020-04-17,TC7,SPOT,WS,193.33,29,2020,0
6581,2020-04-20,2020-04-20,TC7,SPOT,WS,201.44,29,2020,0
6580,2020-04-21,2020-04-21,TC7,SPOT,WS,211.67,29,2020,0
6579,2020-04-22,2020-04-22,TC7,SPOT,WS,248.33,29,2020,0
6578,2020-04-23,2020-04-23,TC7,SPOT,WS,350.5599999999999,29,2020,0
6577,2020-04-24,2020-04-24,TC7,SPOT,WS,366.67,29,2020,0
6576,2020-04-27,2020-04-27,TC7,SPOT,WS,373.8899999999999,29,2020,0
6575,2020-04-28,2020-04-28,TC7,SPOT,WS,425.0,29,2020,0
6574,2020-04-29,2020-04-29,TC7,SPOT,WS,421.6700000000001,29,2020,0
6573,2020-04-30,2020-04-30,TC7,SPOT,WS,421.11,29,2020,0
6572,2020-05-04,2020-05-04,TC7,SPOT,WS,416.1100000000001,30,2020,0
6571,2020-05-05,2020-05-05,TC7,SPOT,WS,377.78,30,2020,0
6570,2020-05-06,2020-05-06,TC7,SPOT,WS,366.1100000000001,30,2020,0
6569,2020-05-08,2020-05-08,TC7,SPOT,WS,351.67,30,2020,0
6568,2020-05-11,2020-05-11,TC7,SPOT,WS,308.89,30,2020,0
6567,2020-05-12,2020-05-12,TC7,SPOT,WS,273.33,30,2020,0
6566,2020-05-13,2020-05-13,TC7,SPOT,WS,240.0,30,2020,0
6565,2020-05-14,2020-05-14,TC7,SPOT,WS,204.44,30,2020,0
6564,2020-05-15,2020-05-15,TC7,SPOT,WS,186.67,30,2020,0
6563,2020-05-18,2020-05-18,TC7,SPOT,WS,172.22,30,2020,0
6562,2020-05-19,2020-05-19,TC7,SPOT,WS,157.78,30,2020,0
6561,2020-05-20,2020-05-20,TC7,SPOT,WS,155.78,30,2020,0
6560,2020-05-21,2020-05-21,TC7,SPOT,WS,151.39,30,2020,0
6559,2020-05-22,2020-05-22,TC7,SPOT,WS,145.28,30,2020,0
6558,2020-05-26,2020-05-26,TC7,SPOT,WS,141.11,30,2020,0
6557,2020-05-27,2020-05-27,TC7,SPOT,WS,139.72,30,2020,0
6556,2020-05-28,2020-05-28,TC7,SPOT,WS,139.39,30,2020,0
6555,2020-05-29,2020-05-29,TC7,SPOT,WS,137.5,30,2020,0
6554,2020-06-01,2020-06-01,TC7,SPOT,WS,135.28,29,2020,0
6553,2020-06-02,2020-06-02,TC7,SPOT,WS,133.67,29,2020,0
6552,2020-06-03,2020-06-03,TC7,SPOT,WS,132.5,29,2020,0
6551,2020-06-04,2020-06-04,TC7,SPOT,WS,131.11,29,2020,0
6550,2020-06-05,2020-06-05,TC7,SPOT,WS,130.56,29,2020,0
6549,2020-06-08,2020-06-08,TC7,SPOT,WS,129.72,29,2020,0
6548,2020-06-09,2020-06-09,TC7,SPOT,WS,128.06,29,2020,0
6547,2020-06-10,2020-06-10,TC7,SPOT,WS,127.56,29,2020,0
6546,2020-06-11,2020-06-11,TC7,SPOT,WS,126.17,29,2020,0
6545,2020-06-12,2020-06-12,TC7,SPOT,WS,125.06,29,2020,0
6544,2020-06-15,2020-06-15,TC7,SPOT,WS,121.67,29,2020,0
6543,2020-06-16,2020-06-16,TC7,SPOT,WS,117.22,29,2020,0
6542,2020-06-17,2020-06-17,TC7,SPOT,WS,114.72,29,2020,0
6541,2020-06-18,2020-06-18,TC7,SPOT,WS,112.22,29,2020,0
6540,2020-06-19,2020-06-19,TC7,SPOT,WS,111.89,29,2020,0
6539,2020-06-22,2020-06-22,TC7,SPOT,WS,110.69,29,2020,0
6538,2020-06-23,2020-06-23,TC7,SPOT,WS,110.28,29,2020,0
6537,2020-06-24,2020-06-24,TC7,SPOT,WS,109.44,29,2020,0
6536,2020-06-25,2020-06-25,TC7,SPOT,WS,106.94,29,2020,0
6535,2020-06-26,2020-06-26,TC7,SPOT,WS,105.56,29,2020,0
6534,2020-06-29,2020-06-29,TC7,SPOT,WS,105.22,29,2020,0
6533,2020-06-30,2020-06-30,TC7,SPOT,WS,104.44,29,2020,0
6532,2020-07-01,2020-07-01,TC7,SPOT,WS,104.17,30,2020,0
6531,2020-07-02,2020-07-02,TC7,SPOT,WS,102.83,30,2020,0
6530,2020-07-03,2020-07-03,TC7,SPOT,WS,100.0,30,2020,0
6529,2020-07-06,2020-07-06,TC7,SPOT,WS,99.17000000000002,30,2020,0
6528,2020-07-07,2020-07-07,TC7,SPOT,WS,98.11,30,2020,0
6527,2020-07-08,2020-07-08,TC7,SPOT,WS,96.17,30,2020,0
6526,2020-07-09,2020-07-09,TC7,SPOT,WS,93.0,30,2020,0
6525,2020-07-13,2020-07-13,TC7,SPOT,WS,92.28,30,2020,0
6524,2020-07-14,2020-07-14,TC7,SPOT,WS,91.94,30,2020,0
6523,2020-07-15,2020-07-15,TC7,SPOT,WS,91.82999999999998,30,2020,0
6522,2020-07-16,2020-07-16,TC7,SPOT,WS,91.31,30,2020,0
6521,2020-07-17,2020-07-17,TC7,SPOT,WS,90.96999999999996,30,2020,0
6520,2020-07-20,2020-07-20,TC7,SPOT,WS,90.79,30,2020,0
6519,2020-07-21,2020-07-21,TC7,SPOT,WS,90.44,30,2020,0
6518,2020-07-22,2020-07-22,TC7,SPOT,WS,90.72,30,2020,0
6517,2020-07-23,2020-07-23,TC7,SPOT,WS,91.19,30,2020,0
6516,2020-07-24,2020-07-24,TC7,SPOT,WS,100.17,30,2020,0
6515,2020-07-27,2020-07-27,TC7,SPOT,WS,100.83,30,2020,0
6514,2020-07-28,2020-07-28,TC7,SPOT,WS,99.0,30,2020,0
6513,2020-07-29,2020-07-29,TC7,SPOT,WS,99.43999999999998,30,2020,0
6512,2020-07-30,2020-07-30,TC7,SPOT,WS,98.82999999999998,30,2020,0
6511,2020-08-03,2020-08-03,TC7,SPOT,WS,99.0,30,2020,0
6510,2020-08-04,2020-08-04,TC7,SPOT,WS,99.11,30,2020,0
6509,2020-08-05,2020-08-05,TC7,SPOT,WS,97.71999999999996,30,2020,0
6508,2020-08-06,2020-08-06,TC7,SPOT,WS,96.93999999999998,30,2020,0
6507,2020-08-07,2020-08-07,TC7,SPOT,WS,95.99999999999996,30,2020,0
6506,2020-08-11,2020-08-11,TC7,SPOT,WS,94.83,30,2020,0
6505,2020-08-12,2020-08-12,TC7,SPOT,WS,94.06,30,2020,0
6504,2020-08-13,2020-08-13,TC7,SPOT,WS,93.56,30,2020,0
6503,2020-08-14,2020-08-14,TC7,SPOT,WS,93.61,30,2020,0
6502,2020-08-17,2020-08-17,TC7,SPOT,WS,94.06,30,2020,0
6501,2020-08-18,2020-08-18,TC7,SPOT,WS,93.94,30,2020,0
6500,2020-08-19,2020-08-19,TC7,SPOT,WS,93.25,30,2020,0
6499,2020-08-20,2020-08-20,TC7,SPOT,WS,93.06,30,2020,0
6498,2020-08-21,2020-08-21,TC7,SPOT,WS,92.81,30,2020,0
6497,2020-08-24,2020-08-24,TC7,SPOT,WS,92.56,30,2020,0
6496,2020-08-25,2020-08-25,TC7,SPOT,WS,92.88,30,2020,0
6495,2020-08-26,2020-08-26,TC7,SPOT,WS,101.88,30,2020,0
6494,2020-08-27,2020-08-27,TC7,SPOT,WS,102.75,30,2020,0
6493,2020-08-28,2020-08-28,TC7,SPOT,WS,102.44,30,2020,0
6492,2020-08-31,2020-08-31,TC7,SPOT,WS,101.81,30,2020,0
6491,2020-09-01,2020-09-01,TC7,SPOT,WS,100.56,29,2020,0
6490,2020-09-02,2020-09-02,TC7,SPOT,WS,100.56,29,2020,0
6489,2020-09-03,2020-09-03,TC7,SPOT,WS,100.31,29,2020,0
6488,2020-09-04,2020-09-04,TC7,SPOT,WS,100.0,29,2020,0
6487,2020-09-07,2020-09-07,TC7,SPOT,WS,99.38,29,2020,0
6486,2020-09-08,2020-09-08,TC7,SPOT,WS,98.19,29,2020,0
6485,2020-09-09,2020-09-09,TC7,SPOT,WS,96.93999999999998,29,2020,0
6484,2020-09-10,2020-09-10,TC7,SPOT,WS,96.63,29,2020,0
6483,2020-09-11,2020-09-11,TC7,SPOT,WS,95.94,29,2020,0
6482,2020-09-14,2020-09-14,TC7,SPOT,WS,95.13,29,2020,0
6481,2020-09-15,2020-09-15,TC7,SPOT,WS,94.99999999999996,29,2020,0
6480,2020-09-16,2020-09-16,TC7,SPOT,WS,93.75,29,2020,0
6479,2020-09-17,2020-09-17,TC7,SPOT,WS,92.63,29,2020,0
6478,2020-09-18,2020-09-18,TC7,SPOT,WS,91.88,29,2020,0
6477,2020-09-21,2020-09-21,TC7,SPOT,WS,91.31,29,2020,0
6476,2020-09-22,2020-09-22,TC7,SPOT,WS,91.25,29,2020,0
6475,2020-09-23,2020-09-23,TC7,SPOT,WS,91.90999999999998,29,2020,0
6474,2020-09-24,2020-09-24,TC7,SPOT,WS,92.88,29,2020,0
6473,2020-09-25,2020-09-25,TC7,SPOT,WS,93.94,29,2020,0
6472,2020-09-28,2020-09-28,TC7,SPOT,WS,94.49999999999996,29,2020,0
6471,2020-09-29,2020-09-29,TC7,SPOT,WS,95.63,29,2020,0
6470,2020-09-30,2020-09-30,TC7,SPOT,WS,96.06,29,2020,0
6469,2020-10-01,2020-10-01,TC7,SPOT,WS,95.94,30,2020,0
6468,2020-10-02,2020-10-02,TC7,SPOT,WS,96.5,30,2020,0
6467,2020-10-05,2020-10-05,TC7,SPOT,WS,98.43999999999998,30,2020,0
6466,2020-10-06,2020-10-06,TC7,SPOT,WS,98.93999999999998,30,2020,0
6465,2020-10-07,2020-10-07,TC7,SPOT,WS,100.19,30,2020,0
6464,2020-10-08,2020-10-08,TC7,SPOT,WS,100.31,30,2020,0
6463,2020-10-09,2020-10-09,TC7,SPOT,WS,102.81,30,2020,0
6462,2020-10-12,2020-10-12,TC7,SPOT,WS,104.38,30,2020,0
6461,2020-10-13,2020-10-13,TC7,SPOT,WS,105.25,30,2020,0
6460,2020-10-14,2020-10-14,TC7,SPOT,WS,112.81,30,2020,0
6459,2020-10-15,2020-10-15,TC7,SPOT,WS,114.69,30,2020,0
6458,2020-10-16,2020-10-16,TC7,SPOT,WS,114.81,30,2020,0
6457,2020-10-19,2020-10-19,TC7,SPOT,WS,116.88,30,2020,0
6456,2020-10-20,2020-10-20,TC7,SPOT,WS,119.25,30,2020,0
6455,2020-10-21,2020-10-21,TC7,SPOT,WS,119.69,30,2020,0
6454,2020-10-22,2020-10-22,TC7,SPOT,WS,119.5,30,2020,0
6453,2020-10-23,2020-10-23,TC7,SPOT,WS,118.94,30,2020,0
6452,2020-10-26,2020-10-26,TC7,SPOT,WS,117.25,30,2020,0
6451,2020-10-27,2020-10-27,TC7,SPOT,WS,115.94,30,2020,0
6450,2020-10-28,2020-10-28,TC7,SPOT,WS,113.81,30,2020,0
6449,2020-10-29,2020-10-29,TC7,SPOT,WS,112.25,30,2020,0
6448,2020-10-30,2020-10-30,TC7,SPOT,WS,111.44,30,2020,0
6447,2020-11-02,2020-11-02,TC7,SPOT,WS,108.88,29,2020,0
6446,2020-11-03,2020-11-03,TC7,SPOT,WS,106.63,29,2020,0
6445,2020-11-04,2020-11-04,TC7,SPOT,WS,103.81,29,2020,0
6444,2020-11-05,2020-11-05,TC7,SPOT,WS,100.94,29,2020,0
6443,2020-11-06,2020-11-06,TC7,SPOT,WS,100.0,29,2020,0
6442,2020-11-09,2020-11-09,TC7,SPOT,WS,99.69,29,2020,0
6441,2020-11-10,2020-11-10,TC7,SPOT,WS,100.75,29,2020,0
6440,2020-11-11,2020-11-11,TC7,SPOT,WS,100.88,29,2020,0
6439,2020-11-12,2020-11-12,TC7,SPOT,WS,100.38,29,2020,0
6438,2020-11-13,2020-11-13,TC7,SPOT,WS,101.0,29,2020,0
6437,2020-11-16,2020-11-16,TC7,SPOT,WS,101.38,29,2020,0
6436,2020-11-17,2020-11-17,TC7,SPOT,WS,101.13,29,2020,0
6435,2020-11-18,2020-11-18,TC7,SPOT,WS,100.81,29,2020,0
6434,2020-11-19,2020-11-19,TC7,SPOT,WS,100.13,29,2020,0
6433,2020-11-20,2020-11-20,TC7,SPOT,WS,101.69,29,2020,0
6432,2020-11-23,2020-11-23,TC7,SPOT,WS,102.25,29,2020,0
6431,2020-11-24,2020-11-24,TC7,SPOT,WS,104.88,29,2020,0
6430,2020-11-25,2020-11-25,TC7,SPOT,WS,105.63,29,2020,0
6429,2020-11-26,2020-11-26,TC7,SPOT,WS,106.94,29,2020,0
6428,2020-11-27,2020-11-27,TC7,SPOT,WS,108.0,29,2020,0
6427,2020-11-30,2020-11-30,TC7,SPOT,WS,107.19,29,2020,0
6426,2020-12-01,2020-12-01,TC7,SPOT,WS,107.19,30,2020,0
6425,2020-12-02,2020-12-02,TC7,SPOT,WS,107.19,30,2020,0
6424,2020-12-03,2020-12-03,TC7,SPOT,WS,107.19,30,2020,0
6423,2020-12-04,2020-12-04,TC7,SPOT,WS,107.5,30,2020,0
6422,2020-12-07,2020-12-07,TC7,SPOT,WS,109.69,30,2020,0
6421,2020-12-08,2020-12-08,TC7,SPOT,WS,110.38,30,2020,0
6420,2020-12-09,2020-12-09,TC7,SPOT,WS,112.5,30,2020,0
6419,2020-12-10,2020-12-10,TC7,SPOT,WS,114.06,30,2020,0
6418,2020-12-11,2020-12-11,TC7,SPOT,WS,115.31,30,2020,0
6417,2020-12-14,2020-12-14,TC7,SPOT,WS,116.25,30,2020,0
6416,2020-12-15,2020-12-15,TC7,SPOT,WS,119.38,30,2020,0
6415,2020-12-16,2020-12-16,TC7,SPOT,WS,121.88,30,2020,0
6414,2020-12-17,2020-12-17,TC7,SPOT,WS,122.5,30,2020,0
6413,2020-12-18,2020-12-18,TC7,SPOT,WS,124.69,30,2020,0
6412,2020-12-21,2020-12-21,TC7,SPOT,WS,126.56,30,2020,0
6411,2020-12-22,2020-12-22,TC7,SPOT,WS,126.88,30,2020,0
6410,2020-12-23,2020-12-23,TC7,SPOT,WS,126.25,30,2020,0
6409,2020-12-24,2020-12-24,TC7,SPOT,WS,125.31,30,2020,0
6408,2021-01-04,2021-01-04,TC7,SPOT,WS,142.63,30,2021,0
6407,2021-01-05,2021-01-05,TC7,SPOT,WS,141.19,30,2021,0
6406,2021-01-06,2021-01-06,TC7,SPOT,WS,139.75,30,2021,0
6405,2021-01-07,2021-01-07,TC7,SPOT,WS,138.31,30,2021,0
6404,2021-01-08,2021-01-08,TC7,SPOT,WS,137.63,30,2021,0
6403,2021-01-11,2021-01-11,TC7,SPOT,WS,137.69,30,2021,0
6402,2021-01-12,2021-01-12,TC7,SPOT,WS,137.06,30,2021,0
6401,2021-01-13,2021-01-13,TC7,SPOT,WS,136.47,30,2021,0
6400,2021-01-14,2021-01-14,TC7,SPOT,WS,135.44,30,2021,0
6399,2021-01-15,2021-01-15,TC7,SPOT,WS,135.13,30,2021,0
6398,2021-01-18,2021-01-18,TC7,SPOT,WS,135.13,30,2021,0
6397,2021-01-19,2021-01-19,TC7,SPOT,WS,135.31,30,2021,0
6396,2021-01-20,2021-01-20,TC7,SPOT,WS,135.0,30,2021,0
6395,2021-01-21,2021-01-21,TC7,SPOT,WS,134.06,30,2021,0
6394,2021-01-22,2021-01-22,TC7,SPOT,WS,133.31,30,2021,0
6393,2021-01-25,2021-01-25,TC7,SPOT,WS,132.31,30,2021,0
6392,2021-01-26,2021-01-26,TC7,SPOT,WS,131.31,30,2021,0
6391,2021-01-27,2021-01-27,TC7,SPOT,WS,129.5,30,2021,0
6390,2021-01-28,2021-01-28,TC7,SPOT,WS,127.94,30,2021,0
6389,2021-01-29,2021-01-29,TC7,SPOT,WS,126.25,30,2021,0
6388,2021-02-01,2021-02-01,TC7,SPOT,WS,124.31,27,2021,0
6387,2021-02-02,2021-02-02,TC7,SPOT,WS,122.25,27,2021,0
6386,2021-02-03,2021-02-03,TC7,SPOT,WS,121.0,27,2021,0
6385,2021-02-04,2021-02-04,TC7,SPOT,WS,120.56,27,2021,0
6384,2021-02-05,2021-02-05,TC7,SPOT,WS,120.13,27,2021,0
6383,2021-02-08,2021-02-08,TC7,SPOT,WS,118.75,27,2021,0
6382,2021-02-09,2021-02-09,TC7,SPOT,WS,117.38,27,2021,0
6381,2021-02-10,2021-02-10,TC7,SPOT,WS,117.13,27,2021,0
6380,2021-02-11,2021-02-11,TC7,SPOT,WS,117.0,27,2021,0
6379,2021-02-15,2021-02-15,TC7,SPOT,WS,116.38,27,2021,0
6378,2021-02-16,2021-02-16,TC7,SPOT,WS,115.44,27,2021,0
6377,2021-02-17,2021-02-17,TC7,SPOT,WS,116.38,27,2021,0
6376,2021-02-18,2021-02-18,TC7,SPOT,WS,118.38,27,2021,0
6375,2021-02-19,2021-02-19,TC7,SPOT,WS,121.19,27,2021,0
6374,2021-02-22,2021-02-22,TC7,SPOT,WS,124.94,27,2021,0
6373,2021-02-23,2021-02-23,TC7,SPOT,WS,131.19,27,2021,0
6372,2021-02-24,2021-02-24,TC7,SPOT,WS,134.63,27,2021,0
6371,2021-02-25,2021-02-25,TC7,SPOT,WS,136.81,27,2021,0
6370,2021-02-26,2021-02-26,TC7,SPOT,WS,136.5,27,2021,0
6369,2021-03-01,2021-03-01,TC7,SPOT,WS,137.5,30,2021,0
6368,2021-03-02,2021-03-02,TC7,SPOT,WS,139.38,30,2021,0
6367,2021-03-03,2021-03-03,TC7,SPOT,WS,140.94,30,2021,0
6366,2021-03-04,2021-03-04,TC7,SPOT,WS,142.44,30,2021,0
6365,2021-03-05,2021-03-05,TC7,SPOT,WS,142.88,30,2021,0
6364,2021-03-08,2021-03-08,TC7,SPOT,WS,144.88,30,2021,0
6363,2021-03-09,2021-03-09,TC7,SPOT,WS,145.75,30,2021,0
6362,2021-03-10,2021-03-10,TC7,SPOT,WS,148.0,30,2021,0
6361,2021-03-11,2021-03-11,TC7,SPOT,WS,150.31,30,2021,0
6360,2021-03-12,2021-03-12,TC7,SPOT,WS,150.88,30,2021,0
6359,2021-03-15,2021-03-15,TC7,SPOT,WS,152.13,30,2021,0
6358,2021-03-16,2021-03-16,TC7,SPOT,WS,153.13,30,2021,0
6357,2021-03-17,2021-03-17,TC7,SPOT,WS,153.19,30,2021,0
6356,2021-03-18,2021-03-18,TC7,SPOT,WS,153.19,30,2021,0
6355,2021-03-19,2021-03-19,TC7,SPOT,WS,154.06,30,2021,0
6354,2021-03-22,2021-03-22,TC7,SPOT,WS,154.38,30,2021,0
6353,2021-03-23,2021-03-23,TC7,SPOT,WS,154.38,30,2021,0
6352,2021-03-24,2021-03-24,TC7,SPOT,WS,153.69,30,2021,0
6351,2021-03-25,2021-03-25,TC7,SPOT,WS,153.94,30,2021,0
6350,2021-03-26,2021-03-26,TC7,SPOT,WS,154.06,30,2021,0
6349,2021-03-29,2021-03-29,TC7,SPOT,WS,154.25,30,2021,0
6348,2021-03-30,2021-03-30,TC7,SPOT,WS,155.0,30,2021,0
6347,2021-03-31,2021-03-31,TC7,SPOT,WS,154.06,30,2021,0
6346,2021-04-01,2021-04-01,TC7,SPOT,WS,153.94,29,2021,0
6345,2021-04-05,2021-04-05,TC7,SPOT,WS,153.0,29,2021,0
6344,2021-04-06,2021-04-06,TC7,SPOT,WS,152.38,29,2021,0
6343,2021-04-07,2021-04-07,TC7,SPOT,WS,153.19,29,2021,0
6342,2021-04-08,2021-04-08,TC7,SPOT,WS,153.5,29,2021,0
6341,2021-04-09,2021-04-09,TC7,SPOT,WS,153.88,29,2021,0
6340,2021-04-12,2021-04-12,TC7,SPOT,WS,153.86,29,2021,0
6339,2021-04-13,2021-04-13,TC7,SPOT,WS,153.14,29,2021,0
6338,2021-04-14,2021-04-14,TC7,SPOT,WS,152.14,29,2021,0
6337,2021-04-15,2021-04-15,TC7,SPOT,WS,151.5,29,2021,0
6336,2021-04-16,2021-04-16,TC7,SPOT,WS,151.5,29,2021,0
6335,2021-04-19,2021-04-19,TC7,SPOT,WS,151.14,29,2021,0
6334,2021-04-20,2021-04-20,TC7,SPOT,WS,150.93,29,2021,0
6333,2021-04-21,2021-04-21,TC7,SPOT,WS,150.14,29,2021,0
6332,2021-04-22,2021-04-22,TC7,SPOT,WS,150.0,29,2021,0
6331,2021-04-23,2021-04-23,TC7,SPOT,WS,150.0,29,2021,0
6330,2021-04-26,2021-04-26,TC7,SPOT,WS,149.64,29,2021,0
6329,2021-04-27,2021-04-27,TC7,SPOT,WS,149.21,29,2021,0
6328,2021-04-28,2021-04-28,TC7,SPOT,WS,149.14,29,2021,0
6327,2021-04-29,2021-04-29,TC7,SPOT,WS,149.14,29,2021,0
6326,2021-04-30,2021-04-30,TC7,SPOT,WS,149.14,29,2021,0
6325,2021-05-03,2021-05-03,TC7,SPOT,WS,148.79,30,2021,0
6324,2021-05-04,2021-05-04,TC7,SPOT,WS,148.39,30,2021,0
6323,2021-05-05,2021-05-05,TC7,SPOT,WS,148.36,30,2021,0
6322,2021-05-06,2021-05-06,TC7,SPOT,WS,149.07,30,2021,0
6321,2021-05-07,2021-05-07,TC7,SPOT,WS,149.71,30,2021,0
6320,2021-05-10,2021-05-10,TC7,SPOT,WS,149.64,30,2021,0
6319,2021-05-11,2021-05-11,TC7,SPOT,WS,150.0,30,2021,0
6318,2021-05-12,2021-05-12,TC7,SPOT,WS,150.0,30,2021,0
6317,2021-05-14,2021-05-14,TC7,SPOT,WS,150.0,30,2021,0
6316,2021-05-17,2021-05-17,TC7,SPOT,WS,150.0,30,2021,0
6315,2021-05-18,2021-05-18,TC7,SPOT,WS,151.57,30,2021,0
6314,2021-05-19,2021-05-19,TC7,SPOT,WS,152.86,30,2021,0
6313,2021-05-20,2021-05-20,TC7,SPOT,WS,154.71,30,2021,0
6312,2021-05-21,2021-05-21,TC7,SPOT,WS,157.07,30,2021,0
6311,2021-05-24,2021-05-24,TC7,SPOT,WS,159.86,30,2021,0
6310,2021-05-25,2021-05-25,TC7,SPOT,WS,160.14,30,2021,0
6309,2021-05-27,2021-05-27,TC7,SPOT,WS,159.43,30,2021,0
6308,2021-05-28,2021-05-28,TC7,SPOT,WS,158.79,30,2021,0
6307,2021-05-31,2021-05-31,TC7,SPOT,WS,158.21,30,2021,0
6306,2021-06-01,2021-06-01,TC7,SPOT,WS,156.57,29,2021,0
6305,2021-06-02,2021-06-02,TC7,SPOT,WS,154.43,29,2021,0
6304,2021-06-03,2021-06-03,TC7,SPOT,WS,152.86,29,2021,0
6303,2021-06-04,2021-06-04,TC7,SPOT,WS,151.5,29,2021,0
6302,2021-06-07,2021-06-07,TC7,SPOT,WS,150.79,29,2021,0
6301,2021-06-08,2021-06-08,TC7,SPOT,WS,148.29,29,2021,0
6300,2021-06-09,2021-06-09,TC7,SPOT,WS,144.64,29,2021,0
6299,2021-06-10,2021-06-10,TC7,SPOT,WS,142.07,29,2021,0
6298,2021-06-11,2021-06-11,TC7,SPOT,WS,139.79,29,2021,0
6297,2021-06-14,2021-06-14,TC7,SPOT,WS,138.79,29,2021,0
6296,2021-06-15,2021-06-15,TC7,SPOT,WS,136.07,29,2021,0
6295,2021-06-16,2021-06-16,TC7,SPOT,WS,135.0,29,2021,0
6294,2021-06-17,2021-06-17,TC7,SPOT,WS,134.5,29,2021,0
6293,2021-06-18,2021-06-18,TC7,SPOT,WS,132.14,29,2021,0
6292,2021-06-21,2021-06-21,TC7,SPOT,WS,131.07,29,2021,0
6291,2021-06-22,2021-06-22,TC7,SPOT,WS,130.29,29,2021,0
6290,2021-06-23,2021-06-23,TC7,SPOT,WS,129.64,29,2021,0
6289,2021-06-24,2021-06-24,TC7,SPOT,WS,128.64,29,2021,0
6288,2021-06-25,2021-06-25,TC7,SPOT,WS,126.79,29,2021,0
6287,2021-06-28,2021-06-28,TC7,SPOT,WS,125.36,29,2021,0
6286,2021-06-29,2021-06-29,TC7,SPOT,WS,125.0,29,2021,0
6285,2021-06-30,2021-06-30,TC7,SPOT,WS,124.29,29,2021,0
6284,2021-07-01,2021-07-01,TC7,SPOT,WS,121.5,30,2021,0
6283,2021-07-02,2021-07-02,TC7,SPOT,WS,119.86,30,2021,0
6282,2021-07-05,2021-07-05,TC7,SPOT,WS,119.5,30,2021,0
6281,2021-07-06,2021-07-06,TC7,SPOT,WS,118.29,30,2021,0
6280,2021-07-07,2021-07-07,TC7,SPOT,WS,117.64,30,2021,0
6279,2021-07-08,2021-07-08,TC7,SPOT,WS,117.43,30,2021,0
6278,2021-07-09,2021-07-09,TC7,SPOT,WS,117.43,30,2021,0
6277,2021-07-12,2021-07-12,TC7,SPOT,WS,117.43,30,2021,0
6276,2021-07-13,2021-07-13,TC7,SPOT,WS,117.43,30,2021,0
6275,2021-07-14,2021-07-14,TC7,SPOT,WS,118.21,30,2021,0
6274,2021-07-15,2021-07-15,TC7,SPOT,WS,119.86,30,2021,0
6273,2021-07-16,2021-07-16,TC7,SPOT,WS,120.71,30,2021,0
6272,2021-07-19,2021-07-19,TC7,SPOT,WS,121.79,30,2021,0
6271,2021-07-21,2021-07-21,TC7,SPOT,WS,122.57,30,2021,0
6270,2021-07-22,2021-07-22,TC7,SPOT,WS,124.71,30,2021,0
6269,2021-07-23,2021-07-23,TC7,SPOT,WS,126.64,30,2021,0
6268,2021-07-26,2021-07-26,TC7,SPOT,WS,128.21,30,2021,0
6267,2021-07-27,2021-07-27,TC7,SPOT,WS,129.79,30,2021,0
6266,2021-07-28,2021-07-28,TC7,SPOT,WS,130.36,30,2021,0
6265,2021-07-29,2021-07-29,TC7,SPOT,WS,130.86,30,2021,0
6264,2021-07-30,2021-07-30,TC7,SPOT,WS,131.0,30,2021,0
6263,2021-08-02,2021-08-02,TC7,SPOT,WS,137.5,30,2021,0
6262,2021-08-03,2021-08-03,TC7,SPOT,WS,144.14,30,2021,0
6261,2021-08-04,2021-08-04,TC7,SPOT,WS,148.93,30,2021,0
6260,2021-08-05,2021-08-05,TC7,SPOT,WS,157.86,30,2021,0
6259,2021-08-06,2021-08-06,TC7,SPOT,WS,177.5,30,2021,0
6258,2021-08-10,2021-08-10,TC7,SPOT,WS,178.21,30,2021,0
6257,2021-08-11,2021-08-11,TC7,SPOT,WS,181.43,30,2021,0
6256,2021-08-12,2021-08-12,TC7,SPOT,WS,186.07,30,2021,0
6255,2021-08-13,2021-08-13,TC7,SPOT,WS,199.29,30,2021,0
6254,2021-08-16,2021-08-16,TC7,SPOT,WS,201.43,30,2021,0
6253,2021-08-17,2021-08-17,TC7,SPOT,WS,204.79,30,2021,0
6252,2021-08-18,2021-08-18,TC7,SPOT,WS,209.29,30,2021,0
6251,2021-08-19,2021-08-19,TC7,SPOT,WS,210.0,30,2021,0
6250,2021-08-20,2021-08-20,TC7,SPOT,WS,210.0,30,2021,0
6249,2021-08-23,2021-08-23,TC7,SPOT,WS,209.86,30,2021,0
6248,2021-08-24,2021-08-24,TC7,SPOT,WS,206.93,30,2021,0
6247,2021-08-25,2021-08-25,TC7,SPOT,WS,202.86,30,2021,0
6246,2021-08-26,2021-08-26,TC7,SPOT,WS,200.29,30,2021,0
6245,2021-08-27,2021-08-27,TC7,SPOT,WS,199.64,30,2021,0
6244,2021-08-30,2021-08-30,TC7,SPOT,WS,199.29,30,2021,0
6243,2021-08-31,2021-08-31,TC7,SPOT,WS,197.86,30,2021,0
6242,2021-09-01,2021-09-01,TC7,SPOT,WS,196.07,29,2021,0
6241,2021-09-02,2021-09-02,TC7,SPOT,WS,195.14,29,2021,0
6240,2021-09-03,2021-09-03,TC7,SPOT,WS,194.64,29,2021,0
6239,2021-09-06,2021-09-06,TC7,SPOT,WS,191.79,29,2021,0
6238,2021-09-07,2021-09-07,TC7,SPOT,WS,190.36,29,2021,0
6237,2021-09-08,2021-09-08,TC7,SPOT,WS,187.14,29,2021,0
6236,2021-09-09,2021-09-09,TC7,SPOT,WS,185.71,29,2021,0
6235,2021-09-10,2021-09-10,TC7,SPOT,WS,175.5,29,2021,0
6234,2021-09-13,2021-09-13,TC7,SPOT,WS,175.0,29,2021,0
6233,2021-09-14,2021-09-14,TC7,SPOT,WS,174.86,29,2021,0
6232,2021-09-15,2021-09-15,TC7,SPOT,WS,174.21,29,2021,0
6231,2021-09-16,2021-09-16,TC7,SPOT,WS,173.57,29,2021,0
6230,2021-09-17,2021-09-17,TC7,SPOT,WS,172.29,29,2021,0
6229,2021-09-20,2021-09-20,TC7,SPOT,WS,171.43,29,2021,0
6228,2021-09-21,2021-09-21,TC7,SPOT,WS,170.36,29,2021,0
6227,2021-09-22,2021-09-22,TC7,SPOT,WS,170.0,29,2021,0
6226,2021-09-23,2021-09-23,TC7,SPOT,WS,169.29,29,2021,0
6225,2021-09-24,2021-09-24,TC7,SPOT,WS,168.5,29,2021,0
6224,2021-09-27,2021-09-27,TC7,SPOT,WS,167.93,29,2021,0
6223,2021-09-28,2021-09-28,TC7,SPOT,WS,167.5,29,2021,0
6222,2021-09-29,2021-09-29,TC7,SPOT,WS,167.07,29,2021,0
6221,2021-09-30,2021-09-30,TC7,SPOT,WS,166.0,29,2021,0
6220,2021-10-01,2021-10-01,TC7,SPOT,WS,164.64,30,2021,0
6219,2021-10-04,2021-10-04,TC7,SPOT,WS,164.21,30,2021,0
6218,2021-10-05,2021-10-05,TC7,SPOT,WS,164.14,30,2021,0
6217,2021-10-06,2021-10-06,TC7,SPOT,WS,163.79,30,2021,0
6216,2021-10-07,2021-10-07,TC7,SPOT,WS,163.07,30,2021,0
6215,2021-10-08,2021-10-08,TC7,SPOT,WS,162.14,30,2021,0
6214,2021-10-11,2021-10-11,TC7,SPOT,WS,161.79,30,2021,0
6213,2021-10-12,2021-10-12,TC7,SPOT,WS,162.71,30,2021,0
6212,2021-10-13,2021-10-13,TC7,SPOT,WS,163.21,30,2021,0
6211,2021-10-14,2021-10-14,TC7,SPOT,WS,164.29,30,2021,0
6210,2021-10-15,2021-10-15,TC7,SPOT,WS,165.36,30,2021,0
6209,2021-10-18,2021-10-18,TC7,SPOT,WS,165.71,30,2021,0
6208,2021-10-19,2021-10-19,TC7,SPOT,WS,166.36,30,2021,0
6207,2021-10-20,2021-10-20,TC7,SPOT,WS,167.36,30,2021,0
6206,2021-10-21,2021-10-21,TC7,SPOT,WS,167.64,30,2021,0
6205,2021-10-22,2021-10-22,TC7,SPOT,WS,168.0,30,2021,0
6204,2021-10-25,2021-10-25,TC7,SPOT,WS,167.93,30,2021,0
6203,2021-10-26,2021-10-26,TC7,SPOT,WS,168.64,30,2021,0
6202,2021-10-27,2021-10-27,TC7,SPOT,WS,169.36,30,2021,0
6201,2021-10-28,2021-10-28,TC7,SPOT,WS,169.57,30,2021,0
6200,2021-10-29,2021-10-29,TC7,SPOT,WS,169.57,30,2021,0
6199,2021-11-01,2021-11-01,TC7,SPOT,WS,169.5,29,2021,0
6198,2021-11-02,2021-11-02,TC7,SPOT,WS,168.64,29,2021,0
6197,2021-11-03,2021-11-03,TC7,SPOT,WS,167.61,29,2021,0
6196,2021-11-05,2021-11-05,TC7,SPOT,WS,166.71,29,2021,0
6195,2021-11-08,2021-11-08,TC7,SPOT,WS,165.36,29,2021,0
6194,2021-11-09,2021-11-09,TC7,SPOT,WS,165.0,29,2021,0
6193,2021-11-10,2021-11-10,TC7,SPOT,WS,165.0,29,2021,0
6192,2021-11-11,2021-11-11,TC7,SPOT,WS,164.29,29,2021,0
6191,2021-11-12,2021-11-12,TC7,SPOT,WS,163.86,29,2021,0
6190,2021-11-15,2021-11-15,TC7,SPOT,WS,163.57,29,2021,0
6189,2021-11-16,2021-11-16,TC7,SPOT,WS,163.75,29,2021,0
6188,2021-11-17,2021-11-17,TC7,SPOT,WS,164.46,29,2021,0
6187,2021-11-18,2021-11-18,TC7,SPOT,WS,164.64,29,2021,0
6186,2021-11-19,2021-11-19,TC7,SPOT,WS,164.64,29,2021,0
6185,2021-11-22,2021-11-22,TC7,SPOT,WS,164.29,29,2021,0
6184,2021-11-23,2021-11-23,TC7,SPOT,WS,163.93,29,2021,0
6183,2021-11-24,2021-11-24,TC7,SPOT,WS,163.71,29,2021,0
6182,2021-11-25,2021-11-25,TC7,SPOT,WS,163.71,29,2021,0
6181,2021-11-26,2021-11-26,TC7,SPOT,WS,163.07,29,2021,0
6180,2021-11-29,2021-11-29,TC7,SPOT,WS,162.14,29,2021,0
6179,2021-11-30,2021-11-30,TC7,SPOT,WS,161.79,29,2021,0
6178,2021-12-01,2021-12-01,TC7,SPOT,WS,159.86,30,2021,0
6177,2021-12-02,2021-12-02,TC7,SPOT,WS,158.21,30,2021,0
6176,2021-12-03,2021-12-03,TC7,SPOT,WS,157.14,30,2021,0
6175,2021-12-06,2021-12-06,TC7,SPOT,WS,156.07,30,2021,0
6174,2021-12-07,2021-12-07,TC7,SPOT,WS,155.0,30,2021,0
6173,2021-12-08,2021-12-08,TC7,SPOT,WS,155.36,30,2021,0
6172,2021-12-09,2021-12-09,TC7,SPOT,WS,155.36,30,2021,0
6171,2021-12-10,2021-12-10,TC7,SPOT,WS,156.14,30,2021,0
6170,2021-12-13,2021-12-13,TC7,SPOT,WS,157.14,30,2021,0
6169,2021-12-14,2021-12-14,TC7,SPOT,WS,158.93,30,2021,0
6168,2021-12-15,2021-12-15,TC7,SPOT,WS,164.64,30,2021,0
6167,2021-12-16,2021-12-16,TC7,SPOT,WS,180.0,30,2021,0
6166,2021-12-17,2021-12-17,TC7,SPOT,WS,180.0,30,2021,0
6165,2021-12-20,2021-12-20,TC7,SPOT,WS,180.0,30,2021,0
6164,2021-12-21,2021-12-21,TC7,SPOT,WS,180.0,30,2021,0
6163,2021-12-22,2021-12-22,TC7,SPOT,WS,180.36,30,2021,0
6162,2021-12-23,2021-12-23,TC7,SPOT,WS,180.36,30,2021,0
6161,2021-12-24,2021-12-24,TC7,SPOT,WS,180.0,30,2021,0
6160,2022-01-03,2022-01-03,TC7,SPOT,WS,162.0,30,2022,0
6159,2022-01-04,2022-01-04,TC7,SPOT,WS,161.26,30,2022,0
6158,2022-01-05,2022-01-05,TC7,SPOT,WS,160.69,30,2022,0
6157,2022-01-06,2022-01-06,TC7,SPOT,WS,159.54,30,2022,0
6156,2022-01-07,2022-01-07,TC7,SPOT,WS,159.4,30,2022,0
6155,2022-01-10,2022-01-10,TC7,SPOT,WS,159.47,30,2022,0
6154,2022-01-11,2022-01-11,TC7,SPOT,WS,159.26,30,2022,0
6153,2022-01-12,2022-01-12,TC7,SPOT,WS,158.26,30,2022,0
6152,2022-01-13,2022-01-13,TC7,SPOT,WS,157.61,30,2022,0
6151,2022-01-14,2022-01-14,TC7,SPOT,WS,155.43,30,2022,0
6150,2022-01-17,2022-01-17,TC7,SPOT,WS,153.57,30,2022,0
6149,2022-01-18,2022-01-18,TC7,SPOT,WS,151.43,30,2022,0
6148,2022-01-19,2022-01-19,TC7,SPOT,WS,150.36,30,2022,0
6147,2022-01-20,2022-01-20,TC7,SPOT,WS,149.64,30,2022,0
6146,2022-01-21,2022-01-21,TC7,SPOT,WS,149.57,30,2022,0
6145,2022-01-24,2022-01-24,TC7,SPOT,WS,151.36,30,2022,0
6144,2022-01-25,2022-01-25,TC7,SPOT,WS,152.14,30,2022,0
6143,2022-01-26,2022-01-26,TC7,SPOT,WS,152.14,30,2022,0
6142,2022-01-27,2022-01-27,TC7,SPOT,WS,152.5,30,2022,0
6141,2022-01-28,2022-01-28,TC7,SPOT,WS,152.1,30,2022,0
6140,2022-01-31,2022-01-31,TC7,SPOT,WS,151.93,30,2022,0
6139,2022-02-03,2022-02-03,TC7,SPOT,WS,151.71,27,2022,0
6138,2022-02-04,2022-02-04,TC7,SPOT,WS,150.93,27,2022,0
6137,2022-02-07,2022-02-07,TC7,SPOT,WS,150.21,27,2022,0
6136,2022-02-08,2022-02-08,TC7,SPOT,WS,152.36,27,2022,0
6135,2022-02-09,2022-02-09,TC7,SPOT,WS,154.07,27,2022,0
6134,2022-02-10,2022-02-10,TC7,SPOT,WS,155.07,27,2022,0
6133,2022-02-11,2022-02-11,TC7,SPOT,WS,154.71,27,2022,0
6132,2022-02-14,2022-02-14,TC7,SPOT,WS,154.14,27,2022,0
6131,2022-02-15,2022-02-15,TC7,SPOT,WS,153.93,27,2022,0
6130,2022-02-16,2022-02-16,TC7,SPOT,WS,153.93,27,2022,0
6129,2022-02-17,2022-02-17,TC7,SPOT,WS,154.29,27,2022,0
6128,2022-02-18,2022-02-18,TC7,SPOT,WS,154.64,27,2022,0
6127,2022-02-21,2022-02-21,TC7,SPOT,WS,156.07,27,2022,0
6126,2022-02-22,2022-02-22,TC7,SPOT,WS,156.29,27,2022,0
6125,2022-02-23,2022-02-23,TC7,SPOT,WS,156.29,27,2022,0
6124,2022-02-24,2022-02-24,TC7,SPOT,WS,159.43,27,2022,0
6123,2022-02-25,2022-02-25,TC7,SPOT,WS,162.57,27,2022,0
6122,2022-02-28,2022-02-28,TC7,SPOT,WS,176.43,27,2022,0
6121,2022-03-01,2022-03-01,TC7,SPOT,WS,180.36,30,2022,0
6120,2022-03-02,2022-03-02,TC7,SPOT,WS,190.71,30,2022,0
6119,2022-03-03,2022-03-03,TC7,SPOT,WS,215.5,30,2022,0
6118,2022-03-04,2022-03-04,TC7,SPOT,WS,222.21,30,2022,0
6117,2022-03-07,2022-03-07,TC7,SPOT,WS,226.07,30,2022,0
6116,2022-03-08,2022-03-08,TC7,SPOT,WS,235.71,30,2022,0
6115,2022-03-09,2022-03-09,TC7,SPOT,WS,239.64,30,2022,0
6114,2022-03-10,2022-03-10,TC7,SPOT,WS,251.43,30,2022,0
6113,2022-03-11,2022-03-11,TC7,SPOT,WS,297.86,30,2022,0
6112,2022-03-14,2022-03-14,TC7,SPOT,WS,300.36,30,2022,0
6111,2022-03-15,2022-03-15,TC7,SPOT,WS,301.07,30,2022,0
6110,2022-03-16,2022-03-16,TC7,SPOT,WS,300.36,30,2022,0
6109,2022-03-17,2022-03-17,TC7,SPOT,WS,296.07,30,2022,0
6108,2022-03-18,2022-03-18,TC7,SPOT,WS,292.86,30,2022,0
6107,2022-03-21,2022-03-21,TC7,SPOT,WS,287.5,30,2022,0
6106,2022-03-22,2022-03-22,TC7,SPOT,WS,283.57,30,2022,0
6105,2022-03-23,2022-03-23,TC7,SPOT,WS,280.7099999999999,30,2022,0
6104,2022-03-24,2022-03-24,TC7,SPOT,WS,276.79,30,2022,0
6103,2022-03-25,2022-03-25,TC7,SPOT,WS,273.21,30,2022,0
6102,2022-03-28,2022-03-28,TC7,SPOT,WS,269.29,30,2022,0
6101,2022-03-29,2022-03-29,TC7,SPOT,WS,264.9999999999999,30,2022,0
6100,2022-03-30,2022-03-30,TC7,SPOT,WS,263.57,30,2022,0
6099,2022-03-31,2022-03-31,TC7,SPOT,WS,261.43,30,2022,0
6098,2022-04-01,2022-04-01,TC7,SPOT,WS,258.36,29,2022,0
6097,2022-04-04,2022-04-04,TC7,SPOT,WS,257.5,29,2022,0
6096,2022-04-05,2022-04-05,TC7,SPOT,WS,253.21,29,2022,0
6095,2022-04-06,2022-04-06,TC7,SPOT,WS,251.07,29,2022,0
6094,2022-04-07,2022-04-07,TC7,SPOT,WS,251.79,29,2022,0
6093,2022-04-08,2022-04-08,TC7,SPOT,WS,251.43,29,2022,0
6092,2022-04-11,2022-04-11,TC7,SPOT,WS,253.21,29,2022,0
6091,2022-04-12,2022-04-12,TC7,SPOT,WS,257.86,29,2022,0
6090,2022-04-13,2022-04-13,TC7,SPOT,WS,276.43,29,2022,0
6089,2022-04-14,2022-04-14,TC7,SPOT,WS,279.9999999999999,29,2022,0
6088,2022-04-18,2022-04-18,TC7,SPOT,WS,281.79,29,2022,0
6087,2022-04-19,2022-04-19,TC7,SPOT,WS,284.64,29,2022,0
6086,2022-04-20,2022-04-20,TC7,SPOT,WS,304.9999999999999,29,2022,0
6085,2022-04-21,2022-04-21,TC7,SPOT,WS,313.9299999999999,29,2022,0
6084,2022-04-22,2022-04-22,TC7,SPOT,WS,321.07,29,2022,0
6083,2022-04-25,2022-04-25,TC7,SPOT,WS,344.29,29,2022,0
6082,2022-04-26,2022-04-26,TC7,SPOT,WS,349.29,29,2022,0
6081,2022-04-27,2022-04-27,TC7,SPOT,WS,353.5699999999999,29,2022,0
6080,2022-04-28,2022-04-28,TC7,SPOT,WS,365.7099999999999,29,2022,0
6079,2022-04-29,2022-04-29,TC7,SPOT,WS,372.14,29,2022,0
6078,2022-05-04,2022-05-04,TC7,SPOT,WS,388.5700000000001,30,2022,0
6077,2022-05-05,2022-05-05,TC7,SPOT,WS,391.43,30,2022,0
6076,2022-05-06,2022-05-06,TC7,SPOT,WS,395.7099999999999,30,2022,0
6075,2022-05-09,2022-05-09,TC7,SPOT,WS,391.43,30,2022,0
6074,2022-05-10,2022-05-10,TC7,SPOT,WS,386.79,30,2022,0
6073,2022-05-11,2022-05-11,TC7,SPOT,WS,376.07,30,2022,0
6072,2022-05-12,2022-05-12,TC7,SPOT,WS,369.2900000000001,30,2022,0
6071,2022-05-13,2022-05-13,TC7,SPOT,WS,364.6399999999999,30,2022,0
6070,2022-05-17,2022-05-17,TC7,SPOT,WS,356.4300000000001,30,2022,0
6069,2022-05-18,2022-05-18,TC7,SPOT,WS,351.4299999999999,30,2022,0
6068,2022-05-19,2022-05-19,TC7,SPOT,WS,347.14,30,2022,0
6067,2022-05-20,2022-05-20,TC7,SPOT,WS,337.14,30,2022,0
6066,2022-05-23,2022-05-23,TC7,SPOT,WS,320.0,30,2022,0
6065,2022-05-24,2022-05-24,TC7,SPOT,WS,308.57,30,2022,0
6064,2022-05-25,2022-05-25,TC7,SPOT,WS,309.7099999999999,30,2022,0
6063,2022-05-26,2022-05-26,TC7,SPOT,WS,311.4299999999999,30,2022,0
6062,2022-05-27,2022-05-27,TC7,SPOT,WS,312.14,30,2022,0
6061,2022-05-30,2022-05-30,TC7,SPOT,WS,312.4999999999999,30,2022,0
6060,2022-05-31,2022-05-31,TC7,SPOT,WS,314.79,30,2022,0
6059,2022-06-01,2022-06-01,TC7,SPOT,WS,316.4299999999999,29,2022,0
6058,2022-06-02,2022-06-02,TC7,SPOT,WS,322.14,29,2022,0
6057,2022-06-03,2022-06-03,TC7,SPOT,WS,336.4299999999999,29,2022,0
6056,2022-06-06,2022-06-06,TC7,SPOT,WS,350.7099999999999,29,2022,0
6055,2022-06-07,2022-06-07,TC7,SPOT,WS,371.43,29,2022,0
6054,2022-06-08,2022-06-08,TC7,SPOT,WS,409.29,29,2022,0
6053,2022-06-09,2022-06-09,TC7,SPOT,WS,459.29,29,2022,0
6052,2022-06-10,2022-06-10,TC7,SPOT,WS,469.29,29,2022,0
6051,2022-06-13,2022-06-13,TC7,SPOT,WS,472.14,29,2022,0
6050,2022-06-14,2022-06-14,TC7,SPOT,WS,479.9999999999999,29,2022,0
6049,2022-06-15,2022-06-15,TC7,SPOT,WS,485.7099999999999,29,2022,0
6048,2022-06-16,2022-06-16,TC7,SPOT,WS,490.0,29,2022,0
6047,2022-06-17,2022-06-17,TC7,SPOT,WS,494.2899999999999,29,2022,0
6046,2022-06-20,2022-06-20,TC7,SPOT,WS,496.43,29,2022,0
6045,2022-06-21,2022-06-21,TC7,SPOT,WS,497.14,29,2022,0
6044,2022-06-22,2022-06-22,TC7,SPOT,WS,499.2900000000001,29,2022,0
6043,2022-06-23,2022-06-23,TC7,SPOT,WS,503.2099999999999,29,2022,0
6042,2022-06-24,2022-06-24,TC7,SPOT,WS,500.0,29,2022,0
6041,2022-06-27,2022-06-27,TC7,SPOT,WS,493.57,29,2022,0
6040,2022-06-28,2022-06-28,TC7,SPOT,WS,489.29,29,2022,0
6039,2022-06-29,2022-06-29,TC7,SPOT,WS,473.57,29,2022,0
6038,2022-06-30,2022-06-30,TC7,SPOT,WS,454.29,29,2022,0
6037,2022-07-01,2022-07-01,TC7,SPOT,WS,447.14,30,2022,0
6036,2022-07-04,2022-07-04,TC7,SPOT,WS,443.57,30,2022,0
6035,2022-07-05,2022-07-05,TC7,SPOT,WS,429.9999999999999,30,2022,0
6034,2022-07-06,2022-07-06,TC7,SPOT,WS,418.57,30,2022,0
6033,2022-07-07,2022-07-07,TC7,SPOT,WS,417.5,30,2022,0
6032,2022-07-08,2022-07-08,TC7,SPOT,WS,420.0,30,2022,0
6031,2022-07-12,2022-07-12,TC7,SPOT,WS,422.86,30,2022,0
6030,2022-07-13,2022-07-13,TC7,SPOT,WS,424.86,30,2022,0
6029,2022-07-14,2022-07-14,TC7,SPOT,WS,425.57,30,2022,0
6028,2022-07-15,2022-07-15,TC7,SPOT,WS,425.7099999999999,30,2022,0
6027,2022-07-18,2022-07-18,TC7,SPOT,WS,425.0,30,2022,0
6026,2022-07-19,2022-07-19,TC7,SPOT,WS,423.57,30,2022,0
6025,2022-07-20,2022-07-20,TC7,SPOT,WS,421.07,30,2022,0
6024,2022-07-21,2022-07-21,TC7,SPOT,WS,419.29,30,2022,0
6023,2022-07-22,2022-07-22,TC7,SPOT,WS,418.9300000000001,30,2022,0
6022,2022-07-25,2022-07-25,TC7,SPOT,WS,417.14,30,2022,0
6021,2022-07-26,2022-07-26,TC7,SPOT,WS,415.43,30,2022,0
6020,2022-07-27,2022-07-27,TC7,SPOT,WS,411.79,30,2022,0
6019,2022-07-28,2022-07-28,TC7,SPOT,WS,403.93,30,2022,0
6018,2022-07-29,2022-07-29,TC7,SPOT,WS,400.0700000000001,30,2022,0
6017,2022-08-01,2022-08-01,TC7,SPOT,WS,396.1399999999999,30,2022,0
6016,2022-08-02,2022-08-02,TC7,SPOT,WS,393.14,30,2022,0
6015,2022-08-03,2022-08-03,TC7,SPOT,WS,389.29,30,2022,0
6014,2022-08-04,2022-08-04,TC7,SPOT,WS,378.93,30,2022,0
6013,2022-08-05,2022-08-05,TC7,SPOT,WS,372.5,30,2022,0
6012,2022-08-08,2022-08-08,TC7,SPOT,WS,370.0,30,2022,0
6011,2022-08-10,2022-08-10,TC7,SPOT,WS,368.57,30,2022,0
6010,2022-08-11,2022-08-11,TC7,SPOT,WS,363.64,30,2022,0
6009,2022-08-12,2022-08-12,TC7,SPOT,WS,361.07,30,2022,0
6008,2022-08-15,2022-08-15,TC7,SPOT,WS,358.5699999999999,30,2022,0
6007,2022-08-16,2022-08-16,TC7,SPOT,WS,356.2099999999999,30,2022,0
6006,2022-08-17,2022-08-17,TC7,SPOT,WS,359.29,30,2022,0
6005,2022-08-18,2022-08-18,TC7,SPOT,WS,361.93,30,2022,0
6004,2022-08-19,2022-08-19,TC7,SPOT,WS,363.2099999999999,30,2022,0
6003,2022-08-22,2022-08-22,TC7,SPOT,WS,363.86,30,2022,0
6002,2022-08-23,2022-08-23,TC7,SPOT,WS,363.14,30,2022,0
6001,2022-08-24,2022-08-24,TC7,SPOT,WS,362.5,30,2022,0
6000,2022-08-25,2022-08-25,TC7,SPOT,WS,360.7099999999999,30,2022,0
5999,2022-08-26,2022-08-26,TC7,SPOT,WS,364.6399999999999,30,2022,0
5998,2022-08-29,2022-08-29,TC7,SPOT,WS,373.93,30,2022,0
5997,2022-08-30,2022-08-30,TC7,SPOT,WS,383.93,30,2022,0
5996,2022-08-31,2022-08-31,TC7,SPOT,WS,390.7099999999999,30,2022,0
5995,2022-09-01,2022-09-01,TC7,SPOT,WS,406.79,29,2022,0
5994,2022-09-02,2022-09-02,TC7,SPOT,WS,410.36,29,2022,0
5993,2022-09-05,2022-09-05,TC7,SPOT,WS,415.36,29,2022,0
5992,2022-09-06,2022-09-06,TC7,SPOT,WS,429.57,29,2022,0
5991,2022-09-07,2022-09-07,TC7,SPOT,WS,469.29,29,2022,0
5990,2022-09-08,2022-09-08,TC7,SPOT,WS,478.8599999999999,29,2022,0
5989,2022-09-09,2022-09-09,TC7,SPOT,WS,482.1399999999999,29,2022,0
5988,2022-09-12,2022-09-12,TC7,SPOT,WS,484.6399999999999,29,2022,0
5987,2022-09-13,2022-09-13,TC7,SPOT,WS,486.79,29,2022,0
5986,2022-09-14,2022-09-14,TC7,SPOT,WS,493.93,29,2022,0
5985,2022-09-15,2022-09-15,TC7,SPOT,WS,498.07,29,2022,0
5984,2022-09-16,2022-09-16,TC7,SPOT,WS,501.07,29,2022,0
5983,2022-09-19,2022-09-19,TC7,SPOT,WS,503.93,29,2022,0
5982,2022-09-20,2022-09-20,TC7,SPOT,WS,505.9999999999999,29,2022,0
5981,2022-09-21,2022-09-21,TC7,SPOT,WS,507.2099999999999,29,2022,0
5980,2022-09-22,2022-09-22,TC7,SPOT,WS,507.2099999999999,29,2022,0
5979,2022-09-23,2022-09-23,TC7,SPOT,WS,504.9999999999999,29,2022,0
5978,2022-09-26,2022-09-26,TC7,SPOT,WS,500.9999999999999,29,2022,0
5977,2022-09-27,2022-09-27,TC7,SPOT,WS,493.4999999999999,29,2022,0
5976,2022-09-28,2022-09-28,TC7,SPOT,WS,476.07,29,2022,0
5975,2022-09-29,2022-09-29,TC7,SPOT,WS,457.8599999999999,29,2022,0
5974,2022-09-30,2022-09-30,TC7,SPOT,WS,439.29,29,2022,0
5973,2022-10-03,2022-10-03,TC7,SPOT,WS,423.93,30,2022,0
5972,2022-10-04,2022-10-04,TC7,SPOT,WS,416.43,30,2022,0
5971,2022-10-05,2022-10-05,TC7,SPOT,WS,400.43,30,2022,0
5970,2022-10-06,2022-10-06,TC7,SPOT,WS,372.86,30,2022,0
5969,2022-10-07,2022-10-07,TC7,SPOT,WS,362.5,30,2022,0
5968,2022-10-10,2022-10-10,TC7,SPOT,WS,350.7099999999999,30,2022,0
5967,2022-10-11,2022-10-11,TC7,SPOT,WS,347.93,30,2022,0
5966,2022-10-12,2022-10-12,TC7,SPOT,WS,346.07,30,2022,0
5965,2022-10-13,2022-10-13,TC7,SPOT,WS,345.36,30,2022,0
5964,2022-10-14,2022-10-14,TC7,SPOT,WS,345.36,30,2022,0
5963,2022-10-17,2022-10-17,TC7,SPOT,WS,347.4999999999999,30,2022,0
5962,2022-10-18,2022-10-18,TC7,SPOT,WS,347.86,30,2022,0
5961,2022-10-19,2022-10-19,TC7,SPOT,WS,348.9299999999999,30,2022,0
5960,2022-10-20,2022-10-20,TC7,SPOT,WS,347.86,30,2022,0
5959,2022-10-21,2022-10-21,TC7,SPOT,WS,347.0699999999999,30,2022,0
5958,2022-10-25,2022-10-25,TC7,SPOT,WS,344.29,30,2022,0
5957,2022-10-26,2022-10-26,TC7,SPOT,WS,342.4299999999999,30,2022,0
5956,2022-10-27,2022-10-27,TC7,SPOT,WS,341.4299999999999,30,2022,0
5955,2022-10-28,2022-10-28,TC7,SPOT,WS,338.9299999999999,30,2022,0
5954,2022-10-31,2022-10-31,TC7,SPOT,WS,333.93,30,2022,0
5953,2022-11-01,2022-11-01,TC7,SPOT,WS,330.7099999999999,29,2022,0
5952,2022-11-02,2022-11-02,TC7,SPOT,WS,326.86,29,2022,0
5951,2022-11-03,2022-11-03,TC7,SPOT,WS,321.79,29,2022,0
5950,2022-11-04,2022-11-04,TC7,SPOT,WS,334.29,29,2022,0
5949,2022-11-07,2022-11-07,TC7,SPOT,WS,342.14,29,2022,0
5948,2022-11-08,2022-11-08,TC7,SPOT,WS,343.5699999999999,29,2022,0
5947,2022-11-09,2022-11-09,TC7,SPOT,WS,346.07,29,2022,0
5946,2022-11-10,2022-11-10,TC7,SPOT,WS,349.9999999999999,29,2022,0
5945,2022-11-11,2022-11-11,TC7,SPOT,WS,357.86,29,2022,0
5944,2022-11-14,2022-11-14,TC7,SPOT,WS,368.57,29,2022,0
5943,2022-11-15,2022-11-15,TC7,SPOT,WS,373.93,29,2022,0
5942,2022-11-16,2022-11-16,TC7,SPOT,WS,374.29,29,2022,0
5941,2022-11-17,2022-11-17,TC7,SPOT,WS,378.29,29,2022,0
5940,2022-11-18,2022-11-18,TC7,SPOT,WS,390.36,29,2022,0
5939,2022-11-21,2022-11-21,TC7,SPOT,WS,397.14,29,2022,0
5938,2022-11-22,2022-11-22,TC7,SPOT,WS,407.1399999999999,29,2022,0
5937,2022-11-23,2022-11-23,TC7,SPOT,WS,411.0699999999999,29,2022,0
5936,2022-11-24,2022-11-24,TC7,SPOT,WS,413.9300000000001,29,2022,0
5935,2022-11-25,2022-11-25,TC7,SPOT,WS,417.86,29,2022,0
5934,2022-11-28,2022-11-28,TC7,SPOT,WS,422.14,29,2022,0
5933,2022-11-29,2022-11-29,TC7,SPOT,WS,425.0,29,2022,0
5932,2022-11-30,2022-11-30,TC7,SPOT,WS,427.86,29,2022,0
5931,2022-12-01,2022-12-01,TC7,SPOT,WS,434.5700000000001,30,2022,0
5930,2022-12-02,2022-12-02,TC7,SPOT,WS,442.5,30,2022,0
5929,2022-12-05,2022-12-05,TC7,SPOT,WS,443.21,30,2022,0
5928,2022-12-06,2022-12-06,TC7,SPOT,WS,460.7099999999999,30,2022,0
5927,2022-12-07,2022-12-07,TC7,SPOT,WS,459.6399999999999,30,2022,0
5926,2022-12-08,2022-12-08,TC7,SPOT,WS,455.7099999999999,30,2022,0
5925,2022-12-09,2022-12-09,TC7,SPOT,WS,454.9999999999999,30,2022,0
5924,2022-12-12,2022-12-12,TC7,SPOT,WS,453.57,30,2022,0
5923,2022-12-13,2022-12-13,TC7,SPOT,WS,451.4999999999999,30,2022,0
5922,2022-12-14,2022-12-14,TC7,SPOT,WS,449.2099999999999,30,2022,0
5921,2022-12-15,2022-12-15,TC7,SPOT,WS,446.36,30,2022,0
5920,2022-12-16,2022-12-16,TC7,SPOT,WS,440.0000000000001,30,2022,0
5919,2022-12-19,2022-12-19,TC7,SPOT,WS,434.7099999999999,30,2022,0
5918,2022-12-20,2022-12-20,TC7,SPOT,WS,430.36,30,2022,0
5917,2022-12-21,2022-12-21,TC7,SPOT,WS,426.79,30,2022,0
5916,2022-12-22,2022-12-22,TC7,SPOT,WS,409.6399999999999,30,2022,0
5915,2022-12-23,2022-12-23,TC7,SPOT,WS,401.07,30,2022,0
5914,2023-01-03,2023-01-03,TC7,SPOT,WS,313.4299999999999,30,2023,0
5913,2023-01-04,2023-01-04,TC7,SPOT,WS,307.24,30,2023,0
5912,2023-01-05,2023-01-05,TC7,SPOT,WS,298.03,30,2023,0
5911,2023-01-06,2023-01-06,TC7,SPOT,WS,286.72,30,2023,0
5910,2023-01-09,2023-01-09,TC7,SPOT,WS,263.03,30,2023,0
5909,2023-01-10,2023-01-10,TC7,SPOT,WS,249.94,30,2023,0
5908,2023-01-11,2023-01-11,TC7,SPOT,WS,248.57,30,2023,0
5907,2023-01-12,2023-01-12,TC7,SPOT,WS,245.0,30,2023,0
5906,2023-01-13,2023-01-13,TC7,SPOT,WS,230.0,30,2023,0
5905,2023-01-16,2023-01-16,TC7,SPOT,WS,227.86,30,2023,0
5904,2023-01-17,2023-01-17,TC7,SPOT,WS,207.14,30,2023,0
5903,2023-01-18,2023-01-18,TC7,SPOT,WS,200.71,30,2023,0
5902,2023-01-19,2023-01-19,TC7,SPOT,WS,198.57,30,2023,0
5901,2023-01-20,2023-01-20,TC7,SPOT,WS,197.93,30,2023,0
5900,2023-01-23,2023-01-23,TC7,SPOT,WS,197.93,30,2023,0
5899,2023-01-24,2023-01-24,TC7,SPOT,WS,197.93,30,2023,0
5898,2023-01-25,2023-01-25,TC7,SPOT,WS,197.57,30,2023,0
5897,2023-01-26,2023-01-26,TC7,SPOT,WS,196.07,30,2023,0
5896,2023-01-27,2023-01-27,TC7,SPOT,WS,197.14,30,2023,0
5895,2023-01-30,2023-01-30,TC7,SPOT,WS,205.36,30,2023,0
5894,2023-01-31,2023-01-31,TC7,SPOT,WS,209.93,30,2023,0
5893,2023-02-01,2023-02-01,TC7,SPOT,WS,272.14,27,2023,0
5892,2023-02-02,2023-02-02,TC7,SPOT,WS,276.0699999999999,27,2023,0
5891,2023-02-03,2023-02-03,TC7,SPOT,WS,300.0,27,2023,0
5890,2023-02-06,2023-02-06,TC7,SPOT,WS,301.4299999999999,27,2023,0
5889,2023-02-07,2023-02-07,TC7,SPOT,WS,298.5699999999999,27,2023,0
5888,2023-02-08,2023-02-08,TC7,SPOT,WS,291.0699999999999,27,2023,0
5887,2023-02-09,2023-02-09,TC7,SPOT,WS,282.14,27,2023,0
5886,2023-02-10,2023-02-10,TC7,SPOT,WS,281.4300000000001,27,2023,0
5885,2023-02-13,2023-02-13,TC7,SPOT,WS,278.5699999999999,27,2023,0
5884,2023-02-14,2023-02-14,TC7,SPOT,WS,272.5699999999999,27,2023,0
5883,2023-02-15,2023-02-15,TC7,SPOT,WS,257.86,27,2023,0
5882,2023-02-16,2023-02-16,TC7,SPOT,WS,255.71,27,2023,0
5881,2023-02-17,2023-02-17,TC7,SPOT,WS,256.43,27,2023,0
5880,2023-02-20,2023-02-20,TC7,SPOT,WS,260.0,27,2023,0
5879,2023-02-21,2023-02-21,TC7,SPOT,WS,276.14,27,2023,0
5878,2023-02-22,2023-02-22,TC7,SPOT,WS,281.4999999999999,27,2023,0
5877,2023-02-23,2023-02-23,TC7,SPOT,WS,276.79,27,2023,0
5876,2023-02-24,2023-02-24,TC7,SPOT,WS,271.43,27,2023,0
5875,2023-02-27,2023-02-27,TC7,SPOT,WS,263.5699999999999,27,2023,0
5874,2023-02-28,2023-02-28,TC7,SPOT,WS,243.57,27,2023,0
5873,2023-03-01,2023-03-01,TC7,SPOT,WS,240.0,30,2023,0
5872,2023-03-02,2023-03-02,TC7,SPOT,WS,235.36,30,2023,0
5871,2023-03-03,2023-03-03,TC7,SPOT,WS,217.86,30,2023,0
5870,2023-03-06,2023-03-06,TC7,SPOT,WS,212.5,30,2023,0
5869,2023-03-07,2023-03-07,TC7,SPOT,WS,205.36,30,2023,0
5868,2023-03-08,2023-03-08,TC7,SPOT,WS,196.43,30,2023,0
5867,2023-03-09,2023-03-09,TC7,SPOT,WS,188.57,30,2023,0
5866,2023-03-10,2023-03-10,TC7,SPOT,WS,176.4299999999999,30,2023,0
5865,2023-03-13,2023-03-13,TC7,SPOT,WS,171.07,30,2023,0
5864,2023-03-14,2023-03-14,TC7,SPOT,WS,170.36,30,2023,0
5863,2023-03-15,2023-03-15,TC7,SPOT,WS,168.93,30,2023,0
5862,2023-03-16,2023-03-16,TC7,SPOT,WS,168.36,30,2023,0
5861,2023-03-17,2023-03-17,TC7,SPOT,WS,169.11,30,2023,0
5860,2023-03-20,2023-03-20,TC7,SPOT,WS,171.07,30,2023,0
5859,2023-03-21,2023-03-21,TC7,SPOT,WS,184.64,30,2023,0
5858,2023-03-22,2023-03-22,TC7,SPOT,WS,205.43,30,2023,0
5857,2023-03-23,2023-03-23,TC7,SPOT,WS,212.86,30,2023,0
5856,2023-03-24,2023-03-24,TC7,SPOT,WS,226.43,30,2023,0
5855,2023-03-27,2023-03-27,TC7,SPOT,WS,229.29,30,2023,0
5854,2023-03-28,2023-03-28,TC7,SPOT,WS,229.29,30,2023,0
5853,2023-03-29,2023-03-29,TC7,SPOT,WS,240.0,30,2023,0
5852,2023-03-30,2023-03-30,TC7,SPOT,WS,242.14,30,2023,0
5851,2023-03-31,2023-03-31,TC7,SPOT,WS,245.07,30,2023,0
5850,2023-04-03,2023-04-03,TC7,SPOT,WS,244.64,29,2023,0
5849,2023-04-04,2023-04-04,TC7,SPOT,WS,246.43,29,2023,0
5848,2023-04-05,2023-04-05,TC7,SPOT,WS,250.36,29,2023,0
5847,2023-04-06,2023-04-06,TC7,SPOT,WS,253.21,29,2023,0
5846,2023-04-10,2023-04-10,TC7,SPOT,WS,254.29,29,2023,0
5845,2023-04-11,2023-04-11,TC7,SPOT,WS,255.0,29,2023,0
5844,2023-04-12,2023-04-12,TC7,SPOT,WS,258.57,29,2023,0
5843,2023-04-13,2023-04-13,TC7,SPOT,WS,262.14,29,2023,0
5842,2023-04-14,2023-04-14,TC7,SPOT,WS,263.29,29,2023,0
5841,2023-04-17,2023-04-17,TC7,SPOT,WS,262.21,29,2023,0
5840,2023-04-18,2023-04-18,TC7,SPOT,WS,262.21,29,2023,0
5839,2023-04-19,2023-04-19,TC7,SPOT,WS,268.29,29,2023,0
5838,2023-04-20,2023-04-20,TC7,SPOT,WS,269.36,29,2023,0
5837,2023-04-21,2023-04-21,TC7,SPOT,WS,270.0,29,2023,0
5836,2023-04-24,2023-04-24,TC7,SPOT,WS,267.4999999999999,29,2023,0
5835,2023-04-25,2023-04-25,TC7,SPOT,WS,263.21,29,2023,0
5834,2023-04-26,2023-04-26,TC7,SPOT,WS,256.0699999999999,29,2023,0
5833,2023-04-27,2023-04-27,TC7,SPOT,WS,251.43,29,2023,0
5832,2023-04-28,2023-04-28,TC7,SPOT,WS,246.07,29,2023,0
5831,2023-05-02,2023-05-02,TC7,SPOT,WS,237.14,30,2023,0
5830,2023-05-03,2023-05-03,TC7,SPOT,WS,235.0,30,2023,0
5829,2023-05-04,2023-05-04,TC7,SPOT,WS,241.07,30,2023,0
5828,2023-05-05,2023-05-05,TC7,SPOT,WS,243.57,30,2023,0
5827,2023-05-08,2023-05-08,TC7,SPOT,WS,245.5,30,2023,0
5826,2023-05-09,2023-05-09,TC7,SPOT,WS,249.64,30,2023,0
5825,2023-05-10,2023-05-10,TC7,SPOT,WS,251.79,30,2023,0
5824,2023-05-11,2023-05-11,TC7,SPOT,WS,251.43,30,2023,0
5823,2023-05-12,2023-05-12,TC7,SPOT,WS,252.14,30,2023,0
5822,2023-05-15,2023-05-15,TC7,SPOT,WS,250.71,30,2023,0
5821,2023-05-16,2023-05-16,TC7,SPOT,WS,248.57,30,2023,0
5820,2023-05-17,2023-05-17,TC7,SPOT,WS,247.79,30,2023,0
5819,2023-05-18,2023-05-18,TC7,SPOT,WS,246.32,30,2023,0
5818,2023-05-19,2023-05-19,TC7,SPOT,WS,258.57,30,2023,0
5817,2023-05-22,2023-05-22,TC7,SPOT,WS,255.21,30,2023,0
5816,2023-05-23,2023-05-23,TC7,SPOT,WS,253.57,30,2023,0
5815,2023-05-24,2023-05-24,TC7,SPOT,WS,253.21,30,2023,0
5814,2023-05-25,2023-05-25,TC7,SPOT,WS,251.79,30,2023,0
5813,2023-05-26,2023-05-26,TC7,SPOT,WS,245.21,30,2023,0
5812,2023-05-29,2023-05-29,TC7,SPOT,WS,241.07,30,2023,0
5811,2023-05-30,2023-05-30,TC7,SPOT,WS,234.29,30,2023,0
5810,2023-05-31,2023-05-31,TC7,SPOT,WS,225.71,30,2023,0
5809,2023-06-01,2023-06-01,TC7,SPOT,WS,219.29,29,2023,0
5808,2023-06-05,2023-06-05,TC7,SPOT,WS,213.21,29,2023,0
5807,2023-06-06,2023-06-06,TC7,SPOT,WS,204.64,29,2023,0
5806,2023-06-07,2023-06-07,TC7,SPOT,WS,201.07,29,2023,0
5805,2023-06-08,2023-06-08,TC7,SPOT,WS,199.64,29,2023,0
5804,2023-06-09,2023-06-09,TC7,SPOT,WS,203.9299999999999,29,2023,0
5803,2023-06-12,2023-06-12,TC7,SPOT,WS,205.36,29,2023,0
5802,2023-06-13,2023-06-13,TC7,SPOT,WS,202.14,29,2023,0
5801,2023-06-14,2023-06-14,TC7,SPOT,WS,194.29,29,2023,0
5800,2023-06-15,2023-06-15,TC7,SPOT,WS,191.79,29,2023,0
5799,2023-06-16,2023-06-16,TC7,SPOT,WS,191.07,29,2023,0
5798,2023-06-19,2023-06-19,TC7,SPOT,WS,190.79,29,2023,0
5797,2023-06-20,2023-06-20,TC7,SPOT,WS,188.79,29,2023,0
5796,2023-06-21,2023-06-21,TC7,SPOT,WS,187.36,29,2023,0
5795,2023-06-22,2023-06-22,TC7,SPOT,WS,186.93,29,2023,0
5794,2023-06-23,2023-06-23,TC7,SPOT,WS,185.93,29,2023,0
5793,2023-06-26,2023-06-26,TC7,SPOT,WS,182.5,29,2023,0
5792,2023-06-27,2023-06-27,TC7,SPOT,WS,177.57,29,2023,0
5791,2023-06-28,2023-06-28,TC7,SPOT,WS,173.29,29,2023,0
5790,2023-06-30,2023-06-30,TC7,SPOT,WS,171.71,29,2023,0
5789,2023-07-03,2023-07-03,TC7,SPOT,WS,168.57,30,2023,0
5788,2023-07-04,2023-07-04,TC7,SPOT,WS,166.79,30,2023,0
5787,2023-07-05,2023-07-05,TC7,SPOT,WS,165.29,30,2023,0
5786,2023-07-06,2023-07-06,TC7,SPOT,WS,164.93,30,2023,0
5785,2023-07-07,2023-07-07,TC7,SPOT,WS,165.36,30,2023,0
5784,2023-07-10,2023-07-10,TC7,SPOT,WS,165.36,30,2023,0
5783,2023-07-11,2023-07-11,TC7,SPOT,WS,168.57,30,2023,0
5782,2023-07-12,2023-07-12,TC7,SPOT,WS,172.86,30,2023,0
5781,2023-07-13,2023-07-13,TC7,SPOT,WS,200.0,30,2023,0
5780,2023-07-14,2023-07-14,TC7,SPOT,WS,200.36,30,2023,0
5779,2023-07-17,2023-07-17,TC7,SPOT,WS,203.57,30,2023,0
5778,2023-07-18,2023-07-18,TC7,SPOT,WS,211.43,30,2023,0
5777,2023-07-19,2023-07-19,TC7,SPOT,WS,215.36,30,2023,0
5776,2023-07-20,2023-07-20,TC7,SPOT,WS,215.71,30,2023,0
5775,2023-07-21,2023-07-21,TC7,SPOT,WS,215.71,30,2023,0
5774,2023-07-24,2023-07-24,TC7,SPOT,WS,212.86,30,2023,0
5773,2023-07-25,2023-07-25,TC7,SPOT,WS,212.14,30,2023,0
5772,2023-07-26,2023-07-26,TC7,SPOT,WS,212.5,30,2023,0
5771,2023-07-27,2023-07-27,TC7,SPOT,WS,212.5,30,2023,0
5770,2023-07-28,2023-07-28,TC7,SPOT,WS,214.29,30,2023,0
5769,2023-07-31,2023-07-31,TC7,SPOT,WS,215.71,30,2023,0
5768,2023-08-01,2023-08-01,TC7,SPOT,WS,214.5,30,2023,0
5767,2023-08-02,2023-08-02,TC7,SPOT,WS,212.86,30,2023,0
5766,2023-08-03,2023-08-03,TC7,SPOT,WS,210.71,30,2023,0
5765,2023-08-04,2023-08-04,TC7,SPOT,WS,210.43,30,2023,0
5764,2023-08-07,2023-08-07,TC7,SPOT,WS,210.71,30,2023,0
5763,2023-08-08,2023-08-08,TC7,SPOT,WS,211.79,30,2023,0
5762,2023-08-10,2023-08-10,TC7,SPOT,WS,213.21,30,2023,0
5761,2023-08-11,2023-08-11,TC7,SPOT,WS,218.21,30,2023,0
5760,2023-08-14,2023-08-14,TC7,SPOT,WS,220.0,30,2023,0
5759,2023-08-15,2023-08-15,TC7,SPOT,WS,218.57,30,2023,0
5758,2023-08-16,2023-08-16,TC7,SPOT,WS,215.36,30,2023,0
5757,2023-08-17,2023-08-17,TC7,SPOT,WS,212.5,30,2023,0
5756,2023-08-18,2023-08-18,TC7,SPOT,WS,211.43,30,2023,0
5755,2023-08-21,2023-08-21,TC7,SPOT,WS,210.64,30,2023,0
5754,2023-08-22,2023-08-22,TC7,SPOT,WS,204.21,30,2023,0
5753,2023-08-23,2023-08-23,TC7,SPOT,WS,202.07,30,2023,0
5752,2023-08-24,2023-08-24,TC7,SPOT,WS,199.57,30,2023,0
5751,2023-08-25,2023-08-25,TC7,SPOT,WS,197.79,30,2023,0
5750,2023-08-28,2023-08-28,TC7,SPOT,WS,196.64,30,2023,0
5749,2023-08-29,2023-08-29,TC7,SPOT,WS,191.79,30,2023,0
5748,2023-08-30,2023-08-30,TC7,SPOT,WS,192.5,30,2023,0
5747,2023-08-31,2023-08-31,TC7,SPOT,WS,200.0,30,2023,0
5746,2023-09-04,2023-09-04,TC7,SPOT,WS,222.14,29,2023,0
5745,2023-09-05,2023-09-05,TC7,SPOT,WS,245.71,29,2023,0
5744,2023-09-06,2023-09-06,TC7,SPOT,WS,251.79,29,2023,0
5743,2023-09-07,2023-09-07,TC7,SPOT,WS,253.93,29,2023,0
5742,2023-09-08,2023-09-08,TC7,SPOT,WS,252.14,29,2023,0
5741,2023-09-11,2023-09-11,TC7,SPOT,WS,251.43,29,2023,0
5740,2023-09-12,2023-09-12,TC7,SPOT,WS,251.43,29,2023,0
5739,2023-09-13,2023-09-13,TC7,SPOT,WS,253.57,29,2023,0
5738,2023-09-14,2023-09-14,TC7,SPOT,WS,254.64,29,2023,0
5737,2023-09-15,2023-09-15,TC7,SPOT,WS,256.0699999999999,29,2023,0
5736,2023-09-18,2023-09-18,TC7,SPOT,WS,262.86,29,2023,0
5735,2023-09-19,2023-09-19,TC7,SPOT,WS,265.71,29,2023,0
5734,2023-09-20,2023-09-20,TC7,SPOT,WS,265.36,29,2023,0
5733,2023-09-21,2023-09-21,TC7,SPOT,WS,262.86,29,2023,0
5732,2023-09-22,2023-09-22,TC7,SPOT,WS,258.93,29,2023,0
5731,2023-09-25,2023-09-25,TC7,SPOT,WS,253.29,29,2023,0
5730,2023-09-26,2023-09-26,TC7,SPOT,WS,249.64,29,2023,0
5729,2023-09-27,2023-09-27,TC7,SPOT,WS,246.29,29,2023,0
5728,2023-09-28,2023-09-28,TC7,SPOT,WS,244.29,29,2023,0
5727,2023-09-29,2023-09-29,TC7,SPOT,WS,241.07,29,2023,0
5726,2023-10-02,2023-10-02,TC7,SPOT,WS,239.29,30,2023,0
5725,2023-10-03,2023-10-03,TC7,SPOT,WS,237.86,30,2023,0
5724,2023-10-04,2023-10-04,TC7,SPOT,WS,238.9299999999999,30,2023,0
5723,2023-10-05,2023-10-05,TC7,SPOT,WS,243.57,30,2023,0
5722,2023-10-06,2023-10-06,TC7,SPOT,WS,247.21,30,2023,0
5721,2023-10-09,2023-10-09,TC7,SPOT,WS,250.71,30,2023,0
5720,2023-10-10,2023-10-10,TC7,SPOT,WS,251.79,30,2023,0
5719,2023-10-11,2023-10-11,TC7,SPOT,WS,252.0,30,2023,0
5718,2023-10-12,2023-10-12,TC7,SPOT,WS,252.36,30,2023,0
5717,2023-10-13,2023-10-13,TC7,SPOT,WS,261.07,30,2023,0
5716,2023-10-16,2023-10-16,TC7,SPOT,WS,261.43,30,2023,0
5715,2023-10-17,2023-10-17,TC7,SPOT,WS,252.79,30,2023,0
5714,2023-10-18,2023-10-18,TC7,SPOT,WS,235.0,30,2023,0
5713,2023-10-19,2023-10-19,TC7,SPOT,WS,233.57,30,2023,0
5712,2023-10-20,2023-10-20,TC7,SPOT,WS,230.93,30,2023,0
5711,2023-10-23,2023-10-23,TC7,SPOT,WS,220.79,30,2023,0
5710,2023-10-24,2023-10-24,TC7,SPOT,WS,218.57,30,2023,0
5709,2023-10-25,2023-10-25,TC7,SPOT,WS,215.57,30,2023,0
5708,2023-10-26,2023-10-26,TC7,SPOT,WS,213.57,30,2023,0
5707,2023-10-27,2023-10-27,TC7,SPOT,WS,206.07,30,2023,0
5706,2023-10-30,2023-10-30,TC7,SPOT,WS,197.36,30,2023,0
5705,2023-10-31,2023-10-31,TC7,SPOT,WS,192.0,30,2023,0
5704,2023-11-01,2023-11-01,TC7,SPOT,WS,188.93,29,2023,0
5703,2023-11-02,2023-11-02,TC7,SPOT,WS,185.43,29,2023,0
5702,2023-11-03,2023-11-03,TC7,SPOT,WS,168.57,29,2023,0
5701,2023-11-06,2023-11-06,TC7,SPOT,WS,167.5,29,2023,0
5700,2023-11-07,2023-11-07,TC7,SPOT,WS,167.14,29,2023,0
5699,2023-11-08,2023-11-08,TC7,SPOT,WS,166.79,29,2023,0
5698,2023-11-09,2023-11-09,TC7,SPOT,WS,166.43,29,2023,0
5697,2023-11-10,2023-11-10,TC7,SPOT,WS,165.43,29,2023,0
5696,2023-11-14,2023-11-14,TC7,SPOT,WS,164.0,29,2023,0
5695,2023-11-15,2023-11-15,TC7,SPOT,WS,159.79,29,2023,0
5694,2023-11-16,2023-11-16,TC7,SPOT,WS,158.21,29,2023,0
5693,2023-11-17,2023-11-17,TC7,SPOT,WS,158.43,29,2023,0
5692,2023-11-20,2023-11-20,TC7,SPOT,WS,158.36,29,2023,0
5691,2023-11-21,2023-11-21,TC7,SPOT,WS,159.75,29,2023,0
5690,2023-11-22,2023-11-22,TC7,SPOT,WS,162.5,29,2023,0
5689,2023-11-23,2023-11-23,TC7,SPOT,WS,162.86,29,2023,0
5688,2023-11-24,2023-11-24,TC7,SPOT,WS,162.57,29,2023,0
5687,2023-11-27,2023-11-27,TC7,SPOT,WS,162.86,29,2023,0
5686,2023-11-28,2023-11-28,TC7,SPOT,WS,163.57,29,2023,0
5685,2023-11-29,2023-11-29,TC7,SPOT,WS,165.18,29,2023,0
5684,2023-11-30,2023-11-30,TC7,SPOT,WS,177.21,29,2023,0
5683,2023-12-01,2023-12-01,TC7,SPOT,WS,182.14,30,2023,0
5682,2023-12-04,2023-12-04,TC7,SPOT,WS,185.0,30,2023,0
5681,2023-12-05,2023-12-05,TC7,SPOT,WS,186.07,30,2023,0
5680,2023-12-06,2023-12-06,TC7,SPOT,WS,203.21,30,2023,0
5679,2023-12-07,2023-12-07,TC7,SPOT,WS,213.93,30,2023,0
5678,2023-12-08,2023-12-08,TC7,SPOT,WS,214.29,30,2023,0
5677,2023-12-11,2023-12-11,TC7,SPOT,WS,216.07,30,2023,0
5676,2023-12-12,2023-12-12,TC7,SPOT,WS,218.93,30,2023,0
5675,2023-12-13,2023-12-13,TC7,SPOT,WS,220.57,30,2023,0
5674,2023-12-14,2023-12-14,TC7,SPOT,WS,220.79,30,2023,0
5673,2023-12-15,2023-12-15,TC7,SPOT,WS,217.64,30,2023,0
5672,2023-12-18,2023-12-18,TC7,SPOT,WS,213.86,30,2023,0
5671,2023-12-19,2023-12-19,TC7,SPOT,WS,205.0,30,2023,0
5670,2023-12-20,2023-12-20,TC7,SPOT,WS,206.07,30,2023,0
5669,2023-12-21,2023-12-21,TC7,SPOT,WS,204.64,30,2023,0
5668,2023-12-22,2023-12-22,TC7,SPOT,WS,211.79,30,2023,0
5667,2024-01-02,2024-01-02,TC7,SPOT,WS,233.78,30,2024,0
5666,2024-01-03,2024-01-03,TC7,SPOT,WS,235.7,30,2024,0
5665,2024-01-04,2024-01-04,TC7,SPOT,WS,235.45,30,2024,0
5664,2024-01-05,2024-01-05,TC7,SPOT,WS,236.14,30,2024,0
5663,2024-01-08,2024-01-08,TC7,SPOT,WS,236.86,30,2024,0
5662,2024-01-09,2024-01-09,TC7,SPOT,WS,239.13,30,2024,0
5661,2024-01-10,2024-01-10,TC7,SPOT,WS,250.0,30,2024,0
5660,2024-01-11,2024-01-11,TC7,SPOT,WS,250.0,30,2024,0
5659,2024-01-12,2024-01-12,TC7,SPOT,WS,251.0,30,2024,0
5658,2024-01-15,2024-01-15,TC7,SPOT,WS,254.64,30,2024,0
5657,2024-01-16,2024-01-16,TC7,SPOT,WS,264.9999999999999,30,2024,0
5656,2024-01-17,2024-01-17,TC7,SPOT,WS,264.29,30,2024,0
5655,2024-01-18,2024-01-18,TC7,SPOT,WS,265.14,30,2024,0
5654,2024-01-19,2024-01-19,TC7,SPOT,WS,288.5699999999999,30,2024,0
5653,2024-01-22,2024-01-22,TC7,SPOT,WS,290.21,30,2024,0
5652,2024-01-23,2024-01-23,TC7,SPOT,WS,296.0699999999999,30,2024,0
5651,2024-01-24,2024-01-24,TC7,SPOT,WS,315.0,30,2024,0
5650,2024-01-25,2024-01-25,TC7,SPOT,WS,320.71,30,2024,0
5649,2024-01-26,2024-01-26,TC7,SPOT,WS,322.5699999999999,30,2024,0
5648,2024-01-29,2024-01-29,TC7,SPOT,WS,325.43,30,2024,0
5647,2024-01-30,2024-01-30,TC7,SPOT,WS,332.14,30,2024,0
5646,2024-01-31,2024-01-31,TC7,SPOT,WS,341.43,30,2024,0
5645,2024-02-01,2024-02-01,TC7,SPOT,WS,343.93,28,2024,0
5644,2024-02-02,2024-02-02,TC7,SPOT,WS,350.36,28,2024,0
5643,2024-02-05,2024-02-05,TC7,SPOT,WS,350.0,28,2024,0
5642,2024-02-06,2024-02-06,TC7,SPOT,WS,349.64,28,2024,0
5641,2024-02-07,2024-02-07,TC7,SPOT,WS,346.86,28,2024,0
5640,2024-02-08,2024-02-08,TC7,SPOT,WS,342.86,28,2024,0
5639,2024-02-09,2024-02-09,TC7,SPOT,WS,339.29,28,2024,0
5638,2024-02-13,2024-02-13,TC7,SPOT,WS,338.5699999999999,28,2024,0
5637,2024-02-14,2024-02-14,TC7,SPOT,WS,335.0,28,2024,0
5636,2024-02-15,2024-02-15,TC7,SPOT,WS,332.79,28,2024,0
5635,2024-02-16,2024-02-16,TC7,SPOT,WS,332.14,28,2024,0
5634,2024-02-19,2024-02-19,TC7,SPOT,WS,330.36,28,2024,0
5633,2024-02-20,2024-02-20,TC7,SPOT,WS,333.57,28,2024,0
5632,2024-02-21,2024-02-21,TC7,SPOT,WS,334.29,28,2024,0
5631,2024-02-22,2024-02-22,TC7,SPOT,WS,340.36,28,2024,0
5630,2024-02-23,2024-02-23,TC7,SPOT,WS,348.57,28,2024,0
5629,2024-02-26,2024-02-26,TC7,SPOT,WS,353.57,28,2024,0
5628,2024-02-27,2024-02-27,TC7,SPOT,WS,348.57,28,2024,0
5627,2024-02-28,2024-02-28,TC7,SPOT,WS,343.93,28,2024,0
5626,2024-02-29,2024-02-29,TC7,SPOT,WS,341.79,28,2024,0
5625,2024-03-01,2024-03-01,TC7,SPOT,WS,333.93,30,2024,0
5624,2024-03-04,2024-03-04,TC7,SPOT,WS,328.21,30,2024,0
5623,2024-03-05,2024-03-05,TC7,SPOT,WS,325.0,30,2024,0
5622,2024-03-06,2024-03-06,TC7,SPOT,WS,322.93,30,2024,0
5621,2024-03-07,2024-03-07,TC7,SPOT,WS,325.36,30,2024,0
5620,2024-03-08,2024-03-08,TC7,SPOT,WS,325.0,30,2024,0
5619,2024-03-11,2024-03-11,TC7,SPOT,WS,323.21,30,2024,0
5618,2024-03-12,2024-03-12,TC7,SPOT,WS,321.43,30,2024,0
5617,2024-03-13,2024-03-13,TC7,SPOT,WS,319.29,30,2024,0
5616,2024-03-14,2024-03-14,TC7,SPOT,WS,311.79,30,2024,0
5615,2024-03-15,2024-03-15,TC7,SPOT,WS,304.9999999999999,30,2024,0
5614,2024-03-18,2024-03-18,TC7,SPOT,WS,307.14,30,2024,0
5613,2024-03-19,2024-03-19,TC7,SPOT,WS,309.93,30,2024,0
5612,2024-03-20,2024-03-20,TC7,SPOT,WS,313.86,30,2024,0
5611,2024-03-21,2024-03-21,TC7,SPOT,WS,315.0,30,2024,0
5610,2024-03-22,2024-03-22,TC7,SPOT,WS,310.71,30,2024,0
5609,2024-03-25,2024-03-25,TC7,SPOT,WS,309.29,30,2024,0
5608,2024-03-26,2024-03-26,TC7,SPOT,WS,306.71,30,2024,0
5607,2024-03-27,2024-03-27,TC7,SPOT,WS,305.36,30,2024,0
5606,2024-03-28,2024-03-28,TC7,SPOT,WS,303.5699999999999,30,2024,0
5605,2024-04-01,2024-04-01,TC7,SPOT,WS,300.36,29,2024,0
5604,2024-04-02,2024-04-02,TC7,SPOT,WS,297.5,29,2024,0
5603,2024-04-03,2024-04-03,TC7,SPOT,WS,294.0,29,2024,0
5602,2024-04-04,2024-04-04,TC7,SPOT,WS,293.29,29,2024,0
5601,2024-04-05,2024-04-05,TC7,SPOT,WS,290.36,29,2024,0
5600,2024-04-08,2024-04-08,TC7,SPOT,WS,288.5699999999999,29,2024,0
5599,2024-04-09,2024-04-09,TC7,SPOT,WS,286.0699999999999,29,2024,0
5598,2024-04-11,2024-04-11,TC7,SPOT,WS,284.9299999999999,29,2024,0
5597,2024-04-12,2024-04-12,TC7,SPOT,WS,283.4999999999999,29,2024,0
5596,2024-04-15,2024-04-15,TC7,SPOT,WS,281.64,29,2024,0
5595,2024-04-16,2024-04-16,TC7,SPOT,WS,277.86,29,2024,0
5594,2024-04-17,2024-04-17,TC7,SPOT,WS,276.21,29,2024,0
5593,2024-04-18,2024-04-18,TC7,SPOT,WS,280.71,29,2024,0
5592,2024-04-19,2024-04-19,TC7,SPOT,WS,281.0699999999999,29,2024,0
5591,2024-04-22,2024-04-22,TC7,SPOT,WS,280.9999999999999,29,2024,0
5590,2024-04-23,2024-04-23,TC7,SPOT,WS,281.4300000000001,29,2024,0
5589,2024-04-24,2024-04-24,TC7,SPOT,WS,282.86,29,2024,0
5588,2024-04-25,2024-04-25,TC7,SPOT,WS,285.21,29,2024,0
5587,2024-04-26,2024-04-26,TC7,SPOT,WS,289.64,29,2024,0
5586,2024-04-29,2024-04-29,TC7,SPOT,WS,294.29,29,2024,0
5585,2024-04-30,2024-04-30,TC7,SPOT,WS,296.43,29,2024,0
5584,2024-05-02,2024-05-02,TC7,SPOT,WS,293.9300000000001,30,2024,0
5583,2024-05-03,2024-05-03,TC7,SPOT,WS,297.14,30,2024,0
5582,2024-05-06,2024-05-06,TC7,SPOT,WS,299.29,30,2024,0
5581,2024-05-07,2024-05-07,TC7,SPOT,WS,303.93,30,2024,0
5580,2024-05-08,2024-05-08,TC7,SPOT,WS,304.9999999999999,30,2024,0
5579,2024-05-09,2024-05-09,TC7,SPOT,WS,307.86,30,2024,0
5578,2024-05-10,2024-05-10,TC7,SPOT,WS,313.21,30,2024,0
5577,2024-05-13,2024-05-13,TC7,SPOT,WS,315.9299999999999,30,2024,0
5576,2024-05-14,2024-05-14,TC7,SPOT,WS,315.71,30,2024,0
5575,2024-05-15,2024-05-15,TC7,SPOT,WS,315.8199999999999,30,2024,0
5574,2024-05-16,2024-05-16,TC7,SPOT,WS,314.04,30,2024,0
5573,2024-05-17,2024-05-17,TC7,SPOT,WS,312.64,30,2024,0
5572,2024-05-20,2024-05-20,TC7,SPOT,WS,311.71,30,2024,0
5571,2024-05-21,2024-05-21,TC7,SPOT,WS,310.36,30,2024,0
5570,2024-05-23,2024-05-23,TC7,SPOT,WS,310.36,30,2024,0
5569,2024-05-24,2024-05-24,TC7,SPOT,WS,310.36,30,2024,0
5568,2024-05-27,2024-05-27,TC7,SPOT,WS,312.5,30,2024,0
5567,2024-05-28,2024-05-28,TC7,SPOT,WS,312.57,30,2024,0
5566,2024-05-29,2024-05-29,TC7,SPOT,WS,313.93,30,2024,0
5565,2024-05-30,2024-05-30,TC7,SPOT,WS,315.36,30,2024,0
5564,2024-05-31,2024-05-31,TC7,SPOT,WS,316.9999999999999,30,2024,0
5563,2024-06-03,2024-06-03,TC7,SPOT,WS,319.5699999999999,29,2024,0
5562,2024-06-04,2024-06-04,TC7,SPOT,WS,321.14,29,2024,0
5561,2024-06-05,2024-06-05,TC7,SPOT,WS,323.21,29,2024,0
5560,2024-06-06,2024-06-06,TC7,SPOT,WS,326.64,29,2024,0
5559,2024-06-07,2024-06-07,TC7,SPOT,WS,325.71,29,2024,0
5558,2024-06-10,2024-06-10,TC7,SPOT,WS,325.0,29,2024,0
5557,2024-06-11,2024-06-11,TC7,SPOT,WS,324.64,29,2024,0
5556,2024-06-12,2024-06-12,TC7,SPOT,WS,321.43,29,2024,0
5555,2024-06-13,2024-06-13,TC7,SPOT,WS,319.29,29,2024,0
5554,2024-06-14,2024-06-14,TC7,SPOT,WS,316.5699999999999,29,2024,0
5553,2024-06-18,2024-06-18,TC7,SPOT,WS,315.14,29,2024,0
5552,2024-06-19,2024-06-19,TC7,SPOT,WS,310.36,29,2024,0
5551,2024-06-20,2024-06-20,TC7,SPOT,WS,308.21,29,2024,0
5550,2024-06-21,2024-06-21,TC7,SPOT,WS,302.9999999999999,29,2024,0
5549,2024-06-24,2024-06-24,TC7,SPOT,WS,302.21,29,2024,0
5548,2024-06-25,2024-06-25,TC7,SPOT,WS,301.43,29,2024,0
5547,2024-06-26,2024-06-26,TC7,SPOT,WS,300.93,29,2024,0
5546,2024-06-27,2024-06-27,TC7,SPOT,WS,300.21,29,2024,0
5545,2024-06-28,2024-06-28,TC7,SPOT,WS,299.29,29,2024,0
5544,2024-07-01,2024-07-01,TC7,SPOT,WS,299.29,30,2024,0
5543,2024-07-02,2024-07-02,TC7,SPOT,WS,297.71,30,2024,0
5542,2024-07-03,2024-07-03,TC7,SPOT,WS,295.71,30,2024,0
5541,2024-07-04,2024-07-04,TC7,SPOT,WS,291.7099999999999,30,2024,0
5540,2024-07-05,2024-07-05,TC7,SPOT,WS,289.9300000000001,30,2024,0
5539,2024-07-08,2024-07-08,TC7,SPOT,WS,287.71,30,2024,0
5538,2024-07-09,2024-07-09,TC7,SPOT,WS,273.46,30,2024,0
5537,2024-07-10,2024-07-10,TC7,SPOT,WS,269.8600000000001,30,2024,0
5536,2024-07-11,2024-07-11,TC7,SPOT,WS,266.79,30,2024,0
5535,2024-07-12,2024-07-12,TC7,SPOT,WS,264.29,30,2024,0
5534,2024-07-15,2024-07-15,TC7,SPOT,WS,262.21,30,2024,0
5533,2024-07-16,2024-07-16,TC7,SPOT,WS,254.64,30,2024,0
5532,2024-07-17,2024-07-17,TC7,SPOT,WS,243.93,30,2024,0
5531,2024-07-18,2024-07-18,TC7,SPOT,WS,235.71,30,2024,0
5530,2024-07-19,2024-07-19,TC7,SPOT,WS,213.93,30,2024,0
5529,2024-07-22,2024-07-22,TC7,SPOT,WS,210.64,30,2024,0
5528,2024-07-23,2024-07-23,TC7,SPOT,WS,207.86,30,2024,0
5527,2024-07-24,2024-07-24,TC7,SPOT,WS,204.5,30,2024,0
5526,2024-07-25,2024-07-25,TC7,SPOT,WS,202.79,30,2024,0
5525,2024-07-26,2024-07-26,TC7,SPOT,WS,201.43,30,2024,0
5524,2024-07-29,2024-07-29,TC7,SPOT,WS,198.21,30,2024,0
5523,2024-07-30,2024-07-30,TC7,SPOT,WS,194.64,30,2024,0
5522,2024-07-31,2024-07-31,TC7,SPOT,WS,193.21,30,2024,0
5521,2024-08-01,2024-08-01,TC7,SPOT,WS,191.43,30,2024,0
5520,2024-08-02,2024-08-02,TC7,SPOT,WS,190.0,30,2024,0
5519,2024-08-05,2024-08-05,TC7,SPOT,WS,190.71,30,2024,0
5518,2024-08-06,2024-08-06,TC7,SPOT,WS,189.79,30,2024,0
5517,2024-08-07,2024-08-07,TC7,SPOT,WS,189.29,30,2024,0
5516,2024-08-08,2024-08-08,TC7,SPOT,WS,188.0,30,2024,0
5515,2024-08-12,2024-08-12,TC7,SPOT,WS,183.64,30,2024,0
5514,2024-08-13,2024-08-13,TC7,SPOT,WS,183.29,30,2024,0
5513,2024-08-14,2024-08-14,TC7,SPOT,WS,185.07,30,2024,0
5512,2024-08-15,2024-08-15,TC7,SPOT,WS,190.36,30,2024,0
5511,2024-08-16,2024-08-16,TC7,SPOT,WS,191.29,30,2024,0
5510,2024-08-19,2024-08-19,TC7,SPOT,WS,191.14,30,2024,0
5509,2024-08-20,2024-08-20,TC7,SPOT,WS,191.14,30,2024,0
5508,2024-08-21,2024-08-21,TC7,SPOT,WS,190.96,30,2024,0
5507,2024-08-22,2024-08-22,TC7,SPOT,WS,190.71,30,2024,0
5506,2024-08-23,2024-08-23,TC7,SPOT,WS,190.07,30,2024,0
5505,2024-08-26,2024-08-26,TC7,SPOT,WS,189.64,30,2024,0
5504,2024-08-27,2024-08-27,TC7,SPOT,WS,189.64,30,2024,0
5503,2024-08-28,2024-08-28,TC7,SPOT,WS,189.43,30,2024,0
5502,2024-08-29,2024-08-29,TC7,SPOT,WS,188.36,30,2024,0
5501,2024-08-30,2024-08-30,TC7,SPOT,WS,185.07,30,2024,0
5500,2024-09-02,2024-09-02,TC7,SPOT,WS,183.21,29,2024,0
5499,2024-09-03,2024-09-03,TC7,SPOT,WS,180.71,29,2024,0
5498,2024-09-04,2024-09-04,TC7,SPOT,WS,179.9999999999999,29,2024,0
5497,2024-09-05,2024-09-05,TC7,SPOT,WS,179.64,29,2024,0
5496,2024-09-06,2024-09-06,TC7,SPOT,WS,179.07,29,2024,0
5495,2024-09-09,2024-09-09,TC7,SPOT,WS,179.14,29,2024,0
5494,2024-09-10,2024-09-10,TC7,SPOT,WS,178.86,29,2024,0
5493,2024-09-11,2024-09-11,TC7,SPOT,WS,178.0,29,2024,0
5492,2024-09-12,2024-09-12,TC7,SPOT,WS,177.21,29,2024,0
5491,2024-09-13,2024-09-13,TC7,SPOT,WS,176.04,29,2024,0
5490,2024-09-16,2024-09-16,TC7,SPOT,WS,175.71,29,2024,0
5489,2024-09-17,2024-09-17,TC7,SPOT,WS,174.21,29,2024,0
5488,2024-09-18,2024-09-18,TC7,SPOT,WS,174.14,29,2024,0
5487,2024-09-19,2024-09-19,TC7,SPOT,WS,174.14,29,2024,0
5486,2024-09-20,2024-09-20,TC7,SPOT,WS,171.79,29,2024,0
5485,2024-09-23,2024-09-23,TC7,SPOT,WS,170.36,29,2024,0
5484,2024-09-24,2024-09-24,TC7,SPOT,WS,173.64,29,2024,0
5483,2024-09-25,2024-09-25,TC7,SPOT,WS,175.71,29,2024,0
5482,2024-09-26,2024-09-26,TC7,SPOT,WS,179.11,29,2024,0
5481,2024-09-27,2024-09-27,TC7,SPOT,WS,181.14,29,2024,0
5480,2024-09-30,2024-09-30,TC7,SPOT,WS,184.21,29,2024,0
5479,2024-10-01,2024-10-01,TC7,SPOT,WS,185.64,30,2024,0
5478,2024-10-02,2024-10-02,TC7,SPOT,WS,187.29,30,2024,0
5477,2024-10-03,2024-10-03,TC7,SPOT,WS,187.36,30,2024,0
5476,2024-10-04,2024-10-04,TC7,SPOT,WS,186.29,30,2024,0
5475,2024-10-07,2024-10-07,TC7,SPOT,WS,185.64,30,2024,0
5474,2024-10-08,2024-10-08,TC7,SPOT,WS,185.0,30,2024,0
5473,2024-10-09,2024-10-09,TC7,SPOT,WS,183.86,30,2024,0
5472,2024-10-10,2024-10-10,TC7,SPOT,WS,181.0,30,2024,0
5471,2024-10-11,2024-10-11,TC7,SPOT,WS,180.29,30,2024,0
5470,2024-10-14,2024-10-14,TC7,SPOT,WS,180.29,30,2024,0
5469,2024-10-15,2024-10-15,TC7,SPOT,WS,179.9999999999999,30,2024,0
5468,2024-10-16,2024-10-16,TC7,SPOT,WS,179.9999999999999,30,2024,0
5467,2024-10-17,2024-10-17,TC7,SPOT,WS,179.9999999999999,30,2024,0
5466,2024-10-18,2024-10-18,TC7,SPOT,WS,180.36,30,2024,0
5465,2024-10-21,2024-10-21,TC7,SPOT,WS,179.9999999999999,30,2024,0
5464,2024-10-22,2024-10-22,TC7,SPOT,WS,179.9999999999999,30,2024,0
5463,2024-10-23,2024-10-23,TC7,SPOT,WS,179.64,30,2024,0
5462,2024-10-24,2024-10-24,TC7,SPOT,WS,179.43,30,2024,0
5461,2024-10-25,2024-10-25,TC7,SPOT,WS,176.93,30,2024,0
5460,2024-10-28,2024-10-28,TC7,SPOT,WS,174.29,30,2024,0
5459,2024-10-29,2024-10-29,TC7,SPOT,WS,170.36,30,2024,0
5458,2024-10-30,2024-10-30,TC7,SPOT,WS,169.36,30,2024,0
5457,2024-11-01,2024-11-01,TC7,SPOT,WS,169.0,29,2024,0
5456,2024-11-04,2024-11-04,TC7,SPOT,WS,167.9999999999999,29,2024,0
5455,2024-11-05,2024-11-05,TC7,SPOT,WS,161.93,29,2024,0
5454,2024-11-06,2024-11-06,TC7,SPOT,WS,160.71,29,2024,0
5453,2024-11-07,2024-11-07,TC7,SPOT,WS,157.86,29,2024,0
5452,2024-11-08,2024-11-08,TC7,SPOT,WS,156.07,29,2024,0
5451,2024-11-11,2024-11-11,TC7,SPOT,WS,155.29,29,2024,0
5450,2024-11-12,2024-11-12,TC7,SPOT,WS,155.71,29,2024,0
5449,2024-11-13,2024-11-13,TC7,SPOT,WS,156.79,29,2024,0
5448,2024-11-14,2024-11-14,TC7,SPOT,WS,158.21,29,2024,0
5447,2024-11-15,2024-11-15,TC7,SPOT,WS,159.64,29,2024,0
5446,2024-11-18,2024-11-18,TC7,SPOT,WS,160.36,29,2024,0
5445,2024-11-19,2024-11-19,TC7,SPOT,WS,158.14,29,2024,0
5444,2024-11-20,2024-11-20,TC7,SPOT,WS,159.29,29,2024,0
5443,2024-11-21,2024-11-21,TC7,SPOT,WS,159.29,29,2024,0
5442,2024-11-22,2024-11-22,TC7,SPOT,WS,160.21,29,2024,0
5441,2024-11-25,2024-11-25,TC7,SPOT,WS,159.93,29,2024,0
5440,2024-11-26,2024-11-26,TC7,SPOT,WS,159.93,29,2024,0
5439,2024-11-27,2024-11-27,TC7,SPOT,WS,159.57,29,2024,0
5438,2024-11-28,2024-11-28,TC7,SPOT,WS,159.57,29,2024,0
5437,2024-11-29,2024-11-29,TC7,SPOT,WS,159.57,29,2024,0
5436,2024-12-02,2024-12-02,TC7,SPOT,WS,160.0,30,2024,0
5435,2024-12-03,2024-12-03,TC7,SPOT,WS,160.0,30,2024,0
5434,2024-12-04,2024-12-04,TC7,SPOT,WS,160.0,30,2024,0
5433,2024-12-05,2024-12-05,TC7,SPOT,WS,160.0,30,2024,0
5432,2024-12-06,2024-12-06,TC7,SPOT,WS,160.0,30,2024,0
5431,2024-12-09,2024-12-09,TC7,SPOT,WS,160.0,30,2024,0
5430,2024-12-10,2024-12-10,TC7,SPOT,WS,160.0,30,2024,0
5429,2024-12-11,2024-12-11,TC7,SPOT,WS,160.0,30,2024,0
5428,2024-12-12,2024-12-12,TC7,SPOT,WS,160.0,30,2024,0
5427,2024-12-13,2024-12-13,TC7,SPOT,WS,160.0,30,2024,0
5426,2024-12-16,2024-12-16,TC7,SPOT,WS,160.0,30,2024,0
5425,2024-12-17,2024-12-17,TC7,SPOT,WS,160.0,30,2024,0
5424,2024-12-18,2024-12-18,TC7,SPOT,WS,160.0,30,2024,0
5423,2024-12-19,2024-12-19,TC7,SPOT,WS,159.64,30,2024,0
5422,2024-12-20,2024-12-20,TC7,SPOT,WS,159.57,30,2024,0
5421,2024-12-23,2024-12-23,TC7,SPOT,WS,159.21,30,2024,0
5420,2024-12-24,2024-12-24,TC7,SPOT,WS,159.21,30,2024,0
5419,2025-01-02,2025-01-02,TC7,SPOT,WS,160.06,30,2025,0
5418,2025-01-03,2025-01-03,TC7,SPOT,WS,160.17,30,2025,0
5417,2025-01-06,2025-01-06,TC7,SPOT,WS,160.17,30,2025,0
5416,2025-01-07,2025-01-07,TC7,SPOT,WS,160.12,30,2025,0
5415,2025-01-08,2025-01-08,TC7,SPOT,WS,160.26,30,2025,0
5414,2025-01-09,2025-01-09,TC7,SPOT,WS,160.84,30,2025,0
5413,2025-01-10,2025-01-10,TC7,SPOT,WS,161.26,30,2025,0
5412,2025-01-13,2025-01-13,TC7,SPOT,WS,161.84,30,2025,0
5411,2025-01-14,2025-01-14,TC7,SPOT,WS,163.0,30,2025,0
5410,2025-01-15,2025-01-15,TC7,SPOT,WS,167.93,30,2025,0
5409,2025-01-16,2025-01-16,TC7,SPOT,WS,178.21,30,2025,0
5408,2025-01-17,2025-01-17,TC7,SPOT,WS,179.86,30,2025,0
5407,2025-01-20,2025-01-20,TC7,SPOT,WS,180.29,30,2025,0
5406,2025-01-21,2025-01-21,TC7,SPOT,WS,179.57,30,2025,0
5405,2025-01-22,2025-01-22,TC7,SPOT,WS,176.14,30,2025,0
5404,2025-01-23,2025-01-23,TC7,SPOT,WS,173.57,30,2025,0
5403,2025-01-24,2025-01-24,TC7,SPOT,WS,168.86,30,2025,0
5402,2025-01-27,2025-01-27,TC7,SPOT,WS,167.71,30,2025,0
5401,2025-01-28,2025-01-28,TC7,SPOT,WS,167.79,30,2025,0
5400,2025-01-31,2025-01-31,TC7,SPOT,WS,167.86,30,2025,0
5399,2025-02-03,2025-02-03,TC7,SPOT,WS,167.5,27,2025,0
5398,2025-02-04,2025-02-04,TC7,SPOT,WS,168.36,27,2025,0
5397,2025-02-05,2025-02-05,TC7,SPOT,WS,168.93,27,2025,0
5396,2025-02-06,2025-02-06,TC7,SPOT,WS,170.71,27,2025,0
5395,2025-02-07,2025-02-07,TC7,SPOT,WS,174.07,27,2025,0
5394,2025-02-10,2025-02-10,TC7,SPOT,WS,175.14,27,2025,0
5393,2025-02-11,2025-02-11,TC7,SPOT,WS,174.13,27,2025,0
5392,2025-02-12,2025-02-12,TC7,SPOT,WS,174.79,27,2025,0
5391,2025-02-13,2025-02-13,TC7,SPOT,WS,175.29,27,2025,0
5390,2025-02-14,2025-02-14,TC7,SPOT,WS,194.29,27,2025,0
5389,2025-02-17,2025-02-17,TC7,SPOT,WS,202.71,27,2025,0
5388,2025-02-18,2025-02-18,TC7,SPOT,WS,205.0,27,2025,0
5387,2025-02-19,2025-02-19,TC7,SPOT,WS,205.0,27,2025,0
5386,2025-02-20,2025-02-20,TC7,SPOT,WS,202.14,27,2025,0
5385,2025-02-21,2025-02-21,TC7,SPOT,WS,198.57,27,2025,0
5384,2025-02-24,2025-02-24,TC7,SPOT,WS,190.71,27,2025,0
5383,2025-02-25,2025-02-25,TC7,SPOT,WS,182.5,27,2025,0
5382,2025-02-26,2025-02-26,TC7,SPOT,WS,180.36,27,2025,0
5381,2025-02-27,2025-02-27,TC7,SPOT,WS,186.07,27,2025,0
5380,2025-02-28,2025-02-28,TC7,SPOT,WS,183.57,27,2025,0
5379,2025-03-03,2025-03-03,TC7,SPOT,WS,182.36,30,2025,0
5378,2025-03-04,2025-03-04,TC7,SPOT,WS,188.64,30,2025,0
5377,2025-03-05,2025-03-05,TC7,SPOT,WS,195.07,30,2025,0
5376,2025-03-06,2025-03-06,TC7,SPOT,WS,198.64,30,2025,0
5375,2025-03-07,2025-03-07,TC7,SPOT,WS,203.93,30,2025,0
5374,2025-03-10,2025-03-10,TC7,SPOT,WS,205.14,30,2025,0
5373,2025-03-11,2025-03-11,TC7,SPOT,WS,204.64,30,2025,0
5372,2025-03-12,2025-03-12,TC7,SPOT,WS,206.43,30,2025,0
5371,2025-03-13,2025-03-13,TC7,SPOT,WS,203.57,30,2025,0
5370,2025-03-14,2025-03-14,TC7,SPOT,WS,201.36,30,2025,0
5369,2025-03-17,2025-03-17,TC7,SPOT,WS,223.14,30,2025,0
5368,2025-03-18,2025-03-18,TC7,SPOT,WS,221.0,30,2025,0
5367,2025-03-19,2025-03-19,TC7,SPOT,WS,211.79,30,2025,0
5366,2025-03-20,2025-03-20,TC7,SPOT,WS,209.64,30,2025,0
5365,2025-03-21,2025-03-21,TC7,SPOT,WS,208.86,30,2025,0
5364,2025-03-24,2025-03-24,TC7,SPOT,WS,208.14,30,2025,0
5363,2025-03-25,2025-03-25,TC7,SPOT,WS,203.93,30,2025,0
5362,2025-03-26,2025-03-26,TC7,SPOT,WS,199.93,30,2025,0
5361,2025-03-27,2025-03-27,TC7,SPOT,WS,193.57,30,2025,0
5360,2025-03-28,2025-03-28,TC7,SPOT,WS,190.0,30,2025,0
5359,2025-04-01,2025-04-01,TC7,SPOT,WS,189.29,29,2025,0
5358,2025-04-02,2025-04-02,TC7,SPOT,WS,186.36,29,2025,0
5357,2025-04-03,2025-04-03,TC7,SPOT,WS,181.71,29,2025,0
5356,2025-04-04,2025-04-04,TC7,SPOT,WS,181.21,29,2025,0
5355,2025-04-07,2025-04-07,TC7,SPOT,WS,180.0,29,2025,0
5354,2025-04-08,2025-04-08,TC7,SPOT,WS,178.36,29,2025,0
5353,2025-04-09,2025-04-09,TC7,SPOT,WS,177.43,29,2025,0
5352,2025-04-10,2025-04-10,TC7,SPOT,WS,176.9999999999999,29,2025,0
5351,2025-04-11,2025-04-11,TC7,SPOT,WS,176.64,29,2025,0
5350,2025-04-14,2025-04-14,TC7,SPOT,WS,175.79,29,2025,0
5349,2025-04-15,2025-04-15,TC7,SPOT,WS,174.29,29,2025,0
5348,2025-04-16,2025-04-16,TC7,SPOT,WS,171.71,29,2025,0
5347,2025-04-17,2025-04-17,TC7,SPOT,WS,170.57,29,2025,0
5346,2025-04-21,2025-04-21,TC7,SPOT,WS,169.29,29,2025,0
5345,2025-04-22,2025-04-22,TC7,SPOT,WS,167.0,29,2025,0
5344,2025-04-23,2025-04-23,TC7,SPOT,WS,165.93,29,2025,0
5343,2025-04-24,2025-04-24,TC7,SPOT,WS,162.14,29,2025,0
5342,2025-04-25,2025-04-25,TC7,SPOT,WS,160.0,29,2025,0
5341,2025-04-28,2025-04-28,TC7,SPOT,WS,160.0,29,2025,0
5340,2025-04-29,2025-04-29,TC7,SPOT,WS,159.64,29,2025,0
5339,2025-04-30,2025-04-30,TC7,SPOT,WS,159.64,29,2025,0
5338,2025-05-02,2025-05-02,TC7,SPOT,WS,159.64,30,2025,0
5337,2025-05-05,2025-05-05,TC7,SPOT,WS,160.0,30,2025,0
5336,2025-05-06,2025-05-06,TC7,SPOT,WS,160.07,30,2025,0
5335,2025-05-07,2025-05-07,TC7,SPOT,WS,160.93,30,2025,0
5334,2025-05-08,2025-05-08,TC7,SPOT,WS,161.21,30,2025,0
5333,2025-05-09,2025-05-09,TC7,SPOT,WS,177.5,30,2025,0
5332,2025-05-13,2025-05-13,TC7,SPOT,WS,185.0,30,2025,0
5331,2025-05-14,2025-05-14,TC7,SPOT,WS,185.71,30,2025,0
5330,2025-05-15,2025-05-15,TC7,SPOT,WS,199.29,30,2025,0
5329,2025-05-16,2025-05-16,TC7,SPOT,WS,200.71,30,2025,0
5328,2025-05-19,2025-05-19,TC7,SPOT,WS,201.43,30,2025,0
5327,2025-05-20,2025-05-20,TC7,SPOT,WS,205.71,30,2025,0
5326,2025-05-21,2025-05-21,TC7,SPOT,WS,205.86,30,2025,0
5325,2025-05-22,2025-05-22,TC7,SPOT,WS,202.57,30,2025,0
5324,2025-05-23,2025-05-23,TC7,SPOT,WS,199.5000000000001,30,2025,0
5323,2025-05-26,2025-05-26,TC7,SPOT,WS,197.93,30,2025,0
5322,2025-05-27,2025-05-27,TC7,SPOT,WS,196.64,30,2025,0
5321,2025-05-28,2025-05-28,TC7,SPOT,WS,197.07,30,2025,0
5320,2025-05-29,2025-05-29,TC7,SPOT,WS,205.0,30,2025,0
5319,2025-05-30,2025-05-30,TC7,SPOT,WS,206.57,30,2025,0
5318,2025-06-02,2025-06-02,TC7,SPOT,WS,205.43,29,2025,0
5317,2025-06-03,2025-06-03,TC7,SPOT,WS,203.93,29,2025,0
5316,2025-06-04,2025-06-04,TC7,SPOT,WS,201.79,29,2025,0
5315,2025-06-05,2025-06-05,TC7,SPOT,WS,200.0,29,2025,0
5314,2025-06-06,2025-06-06,TC7,SPOT,WS,198.93,29,2025,0
5313,2025-06-09,2025-06-09,TC7,SPOT,WS,197.43,29,2025,0
5312,2025-06-10,2025-06-10,TC7,SPOT,WS,196.79,29,2025,0
5311,2025-06-11,2025-06-11,TC7,SPOT,WS,196.25,29,2025,0
5310,2025-06-12,2025-06-12,TC7,SPOT,WS,195.54,29,2025,0
5309,2025-06-13,2025-06-13,TC7,SPOT,WS,195.57,29,2025,0
5308,2025-06-16,2025-06-16,TC7,SPOT,WS,195.14,29,2025,0
5307,2025-06-17,2025-06-17,TC7,SPOT,WS,201.79,29,2025,0
5306,2025-06-18,2025-06-18,TC7,SPOT,WS,207.5,29,2025,0
5305,2025-06-19,2025-06-19,TC7,SPOT,WS,216.43,29,2025,0
5304,2025-06-20,2025-06-20,TC7,SPOT,WS,220.36,29,2025,0
5303,2025-06-23,2025-06-23,TC7,SPOT,WS,221.07,29,2025,0
5302,2025-06-24,2025-06-24,TC7,SPOT,WS,222.14,29,2025,0
5301,2025-06-25,2025-06-25,TC7,SPOT,WS,220.0000000000001,29,2025,0
5300,2025-06-26,2025-06-26,TC7,SPOT,WS,212.86,29,2025,0
5299,2025-06-27,2025-06-27,TC7,SPOT,WS,211.43,29,2025,0
5298,2025-06-30,2025-06-30,TC7,SPOT,WS,209.29,29,2025,0
5297,2025-07-01,2025-07-01,TC7,SPOT,WS,206.43,30,2025,0
5296,2025-07-02,2025-07-02,TC7,SPOT,WS,203.93,30,2025,0
5295,2025-07-03,2025-07-03,TC7,SPOT,WS,202.86,30,2025,0
5294,2025-07-04,2025-07-04,TC7,SPOT,WS,202.5,30,2025,0
5293,2025-07-07,2025-07-07,TC7,SPOT,WS,202.14,30,2025,0
5292,2025-07-08,2025-07-08,TC7,SPOT,WS,202.14,30,2025,0
5291,2025-07-09,2025-07-09,TC7,SPOT,WS,202.14,30,2025,0
5290,2025-07-10,2025-07-10,TC7,SPOT,WS,201.71,30,2025,0
5289,2025-07-11,2025-07-11,TC7,SPOT,WS,199.82,30,2025,0
5288,2025-07-14,2025-07-14,TC7,SPOT,WS,199.07,30,2025,0
5287,2025-07-15,2025-07-15,TC7,SPOT,WS,197.64,30,2025,0
5286,2025-07-16,2025-07-16,TC7,SPOT,WS,196.86,30,2025,0
5285,2025-07-17,2025-07-17,TC7,SPOT,WS,196.5,30,2025,0
5284,2025-07-18,2025-07-18,TC7,SPOT,WS,195.5,30,2025,0
5283,2025-07-21,2025-07-21,TC7,SPOT,WS,195.43,30,2025,0
5282,2025-07-22,2025-07-22,TC7,SPOT,WS,195.11,30,2025,0
5281,2025-07-23,2025-07-23,TC7,SPOT,WS,195.46,30,2025,0
5280,2025-07-24,2025-07-24,TC7,SPOT,WS,195.57,30,2025,0
5279,2025-07-25,2025-07-25,TC7,SPOT,WS,195.75,30,2025,0
5278,2025-07-28,2025-07-28,TC7,SPOT,WS,195.25,30,2025,0
5277,2025-07-29,2025-07-29,TC7,SPOT,WS,194.86,30,2025,0
5276,2025-07-30,2025-07-30,TC7,SPOT,WS,192.79,30,2025,0
5275,2025-07-31,2025-07-31,TC7,SPOT,WS,190.36,30,2025,0
5274,2025-08-01,2025-08-01,TC7,SPOT,WS,189.29,30,2025,0
5273,2025-08-04,2025-08-04,TC7,SPOT,WS,188.39,30,2025,0
5272,2025-08-05,2025-08-05,TC7,SPOT,WS,185.82,30,2025,0
5271,2025-08-06,2025-08-06,TC7,SPOT,WS,185.0,30,2025,0
5270,2025-08-07,2025-08-07,TC7,SPOT,WS,184.36,30,2025,0
5269,2025-08-08,2025-08-08,TC7,SPOT,WS,184.29,30,2025,0
5268,2025-08-11,2025-08-11,TC7,SPOT,WS,184.71,30,2025,0
5267,2025-08-12,2025-08-12,TC7,SPOT,WS,185.36,30,2025,0
5266,2025-08-13,2025-08-13,TC7,SPOT,WS,186.07,30,2025,0
5265,2025-08-14,2025-08-14,TC7,SPOT,WS,189.14,30,2025,0
5264,2025-08-15,2025-08-15,TC7,SPOT,WS,192.07,30,2025,0
5263,2025-08-18,2025-08-18,TC7,SPOT,WS,193.29,30,2025,0
5262,2025-08-19,2025-08-19,TC7,SPOT,WS,205.36,30,2025,0
5261,2025-08-20,2025-08-20,TC7,SPOT,WS,206.43,30,2025,0
5260,2025-08-21,2025-08-21,TC7,SPOT,WS,207.14,30,2025,0
5259,2025-08-22,2025-08-22,TC7,SPOT,WS,206.79,30,2025,0
5258,2025-08-25,2025-08-25,TC7,SPOT,WS,206.07,30,2025,0
5257,2025-08-26,2025-08-26,TC7,SPOT,WS,205.86,30,2025,0
5256,2025-08-27,2025-08-27,TC7,SPOT,WS,207.07,30,2025,0
5255,2025-08-28,2025-08-28,TC7,SPOT,WS,213.86,30,2025,0
5254,2025-08-29,2025-08-29,TC7,SPOT,WS,213.5,30,2025,0
5253,2025-09-01,2025-09-01,TC7,SPOT,WS,213.5,29,2025,0
5252,2025-09-02,2025-09-02,TC7,SPOT,WS,213.07,29,2025,0
5251,2025-09-03,2025-09-03,TC7,SPOT,WS,212.5700000000001,29,2025,0
5250,2025-09-04,2025-09-04,TC7,SPOT,WS,213.21,29,2025,0
5249,2025-09-05,2025-09-05,TC7,SPOT,WS,213.21,29,2025,0
5248,2025-09-08,2025-09-08,TC7,SPOT,WS,212.86,29,2025,0
5247,2025-09-09,2025-09-09,TC7,SPOT,WS,209.64,29,2025,0
5246,2025-09-10,2025-09-10,TC7,SPOT,WS,209.93,29,2025,0
5245,2025-09-11,2025-09-11,TC7,SPOT,WS,209.93,29,2025,0
5244,2025-09-12,2025-09-12,TC7,SPOT,WS,209.5,29,2025,0
5243,2025-09-15,2025-09-15,TC7,SPOT,WS,209.93,29,2025,0
5242,2025-09-16,2025-09-16,TC7,SPOT,WS,208.36,29,2025,0
5241,2025-09-17,2025-09-17,TC7,SPOT,WS,206.36,29,2025,0
5240,2025-09-18,2025-09-18,TC7,SPOT,WS,201.43,29,2025,0
5239,2025-09-19,2025-09-19,TC7,SPOT,WS,200.36,29,2025,0
5238,2025-09-22,2025-09-22,TC7,SPOT,WS,200.36,29,2025,0
5237,2025-09-23,2025-09-23,TC7,SPOT,WS,198.64,29,2025,0
5236,2025-09-24,2025-09-24,TC7,SPOT,WS,197.93,29,2025,0
5235,2025-09-25,2025-09-25,TC7,SPOT,WS,197.86,29,2025,0
5234,2025-09-26,2025-09-26,TC7,SPOT,WS,196.79,29,2025,0
5233,2025-09-29,2025-09-29,TC7,SPOT,WS,195.21,29,2025,0
5232,2025-09-30,2025-09-30,TC7,SPOT,WS,195.0,29,2025,0
5231,2025-10-01,2025-10-01,TC7,SPOT,WS,194.64,30,2025,0
5230,2025-10-02,2025-10-02,TC7,SPOT,WS,194.18,30,2025,0
5229,2025-10-03,2025-10-03,TC7,SPOT,WS,190.0,30,2025,0
5228,2025-10-06,2025-10-06,TC7,SPOT,WS,189.14,30,2025,0
5227,2025-10-07,2025-10-07,TC7,SPOT,WS,187.43,30,2025,0
5226,2025-10-08,2025-10-08,TC7,SPOT,WS,184.86,30,2025,0
5225,2025-10-09,2025-10-09,TC7,SPOT,WS,184.71,30,2025,0
5224,2025-10-10,2025-10-10,TC7,SPOT,WS,184.57,30,2025,0
5223,2025-10-13,2025-10-13,TC7,SPOT,WS,184.86,30,2025,0
5222,2025-10-14,2025-10-14,TC7,SPOT,WS,185.29,30,2025,0
5221,2025-10-15,2025-10-15,TC7,SPOT,WS,185.5,30,2025,0
5220,2025-10-16,2025-10-16,TC7,SPOT,WS,185.0,30,2025,0
5219,2025-10-17,2025-10-17,TC7,SPOT,WS,184.5,30,2025,0
5218,2025-10-21,2025-10-21,TC7,SPOT,WS,183.86,30,2025,0
5217,2025-10-22,2025-10-22,TC7,SPOT,WS,182.86,30,2025,0
5216,2025-10-23,2025-10-23,TC7,SPOT,WS,181.93,30,2025,0
5215,2025-10-24,2025-10-24,TC7,SPOT,WS,181.11,30,2025,0
5214,2025-10-27,2025-10-27,TC7,SPOT,WS,179.64,30,2025,0
5213,2025-10-28,2025-10-28,TC7,SPOT,WS,178.14,30,2025,0
5212,2025-10-29,2025-10-29,TC7,SPOT,WS,177.93,30,2025,0
5211,2025-10-30,2025-10-30,TC7,SPOT,WS,177.86,30,2025,0
5210,2025-10-31,2025-10-31,TC7,SPOT,WS,178.5,30,2025,0
5209,2025-11-03,2025-11-03,TC7,SPOT,WS,178.71,29,2025,0
5208,2025-11-04,2025-11-04,TC7,SPOT,WS,180.14,29,2025,0
5207,2025-11-05,2025-11-05,TC7,SPOT,WS,181.86,29,2025,0
5206,2025-11-06,2025-11-06,TC7,SPOT,WS,183.86,29,2025,0
5205,2025-11-07,2025-11-07,TC7,SPOT,WS,193.57,29,2025,0
5204,2025-11-10,2025-11-10,TC7,SPOT,WS,195.0,29,2025,0
5203,2025-11-11,2025-11-11,TC7,SPOT,WS,194.29,29,2025,0
5202,2025-11-12,2025-11-12,TC7,SPOT,WS,194.64,29,2025,0
5201,2025-11-13,2025-11-13,TC7,SPOT,WS,196.04,29,2025,0
5200,2025-11-14,2025-11-14,TC7,SPOT,WS,197.71,29,2025,0
5199,2025-11-17,2025-11-17,TC7,SPOT,WS,197.79,29,2025,0
5198,2025-11-18,2025-11-18,TC7,SPOT,WS,197.79,29,2025,0
5197,2025-11-19,2025-11-19,TC7,SPOT,WS,199.07,29,2025,0
5196,2025-11-20,2025-11-20,TC7,SPOT,WS,200.71,29,2025,0
5195,2025-11-21,2025-11-21,TC7,SPOT,WS,200.36,29,2025,0
5194,2025-11-24,2025-11-24,TC7,SPOT,WS,200.36,29,2025,0
5193,2025-11-25,2025-11-25,TC7,SPOT,WS,203.21,29,2025,0
5192,2025-11-26,2025-11-26,TC7,SPOT,WS,212.79,29,2025,0
5191,2025-11-27,2025-11-27,TC7,SPOT,WS,218.5000000000001,29,2025,0
5190,2025-11-28,2025-11-28,TC7,SPOT,WS,223.57,29,2025,0
5189,2025-12-01,2025-12-01,TC7,SPOT,WS,227.21,30,2025,0
5188,2025-12-02,2025-12-02,TC7,SPOT,WS,243.93,30,2025,0
5187,2025-12-03,2025-12-03,TC7,SPOT,WS,245.0,30,2025,0
5186,2025-12-04,2025-12-04,TC7,SPOT,WS,241.86,30,2025,0
5185,2025-12-05,2025-12-05,TC7,SPOT,WS,240.79,30,2025,0
5184,2025-12-08,2025-12-08,TC7,SPOT,WS,239.64,30,2025,0
5183,2025-12-09,2025-12-09,TC7,SPOT,WS,238.14,30,2025,0
5182,2025-12-10,2025-12-10,TC7,SPOT,WS,237.93,30,2025,0
5181,2025-12-11,2025-12-11,TC7,SPOT,WS,237.93,30,2025,0
5180,2025-12-12,2025-12-12,TC7,SPOT,WS,237.93,30,2025,0
5179,2025-12-15,2025-12-15,TC7,SPOT,WS,238.43,30,2025,0
5178,2025-12-16,2025-12-16,TC7,SPOT,WS,233.57,30,2025,0
5177,2025-12-17,2025-12-17,TC7,SPOT,WS,231.07,30,2025,0
5176,2025-12-18,2025-12-18,TC7,SPOT,WS,229.64,30,2025,0
5175,2025-12-19,2025-12-19,TC7,SPOT,WS,227.29,30,2025,0
5174,2025-12-22,2025-12-22,TC7,SPOT,WS,225.64,30,2025,0
5173,2025-12-23,2025-12-23,TC7,SPOT,WS,225.86,30,2025,0
5172,2025-12-24,2025-12-24,TC7,SPOT,WS,224.79,30,2025,0
